"Trends","Search volume","Started","Ended","Trend breakdown","Explore link"
"juegos olímpicos de invierno 2026","2m+","4 February 2026 at 04:40:00 UTC+5:30",,"juegos olímpicos de invierno 2026,olimpiadas de invierno 2026,juegos olímpicos de invierno 2026 donde son,xogos olímpicos de inverno 2026,juegos olímpicos de invierno milán-cortina 2026,juegos olimpicos de invierno,juegos olímpicos de invierno,laura pausini,juegos olimpicos,jjoo invierno,juegos olimpicos invierno 2026,teledeporte","./explore?q=juegos%20ol%C3%ADmpicos%20de%20invierno%202026&geo=ES"
"barcelona - r.c.d. mallorca","200k+","7 February 2026 at 19:50:00 UTC+5:30",,"barcelona - r.c.d. mallorca,barcelona - mallorca,barcelona mallorca,barcelona vs mallorca,barça mallorca,barca mallorca,barcelona contra r.c.d. mallorca,lamine yamal,resultado barcelona mallorca,fc barcelona,barça hoy,fcb,marc casado,barsa mallorca,cómo va el barça,dónde mirar fc barcelona contra r.c.d. mallorca,mallorca barcelona,mallorca fc,barça - mallorca,fcbarcelona,alineaciones de fc barcelona contra r.c.d. mallorca,mallorca,barcelona fc,cómo va el barcelona,fc barcelona – mallorca,barcelona contra mallorca,fc barcelona contra r.c.d. mallorca,donde ver el barça hoy,rcd mallorca,barca vs mallorca,barca fc,barcelona – mallorca","./explore?q=barcelona%20-%20r.c.d.%20mallorca&geo=ES"
"2026 winter olympics","100k+","4 February 2026 at 04:50:00 UTC+5:30",,"2026 winter olympics,olympische winterspiele 2026,mariah carey,cortina,andrea bocelli,cortina italia,nessun dorma","./explore?q=2026%20winter%20olympics&geo=ES"
"jocs olímpics d'hivern 2026","100k+","4 February 2026 at 05:00:00 UTC+5:30",,"jocs olímpics d'hivern 2026","./explore?q=jocs%20ol%C3%ADmpics%20d%27hivern%202026&geo=ES"
"grazalema","200k+","2 February 2026 at 20:00:00 UTC+5:30",,"grazalema,grazalema ultima hora,ronda,canal sur directo,grazalema habitantes,grazalema cadiz,alcalde de grazalema,desalojo grazalema,alcalde de grazalema cadiz,seismo,presa de grazalema,alcalde grazalema,desalojos de grazalema,cadiz,acuifero,grazalema desalojo,sierra de grazalema,desalojan grazalema,grazalema cádiz,presa grazalema","./explore?q=grazalema&geo=ES"
"rayo vallecano - real oviedo","100k+","7 February 2026 at 17:40:00 UTC+5:30",,"rayo vallecano - real oviedo,rayo oviedo,suspendido rayo vallecano real oviedo,rayo vallecano,rayo vallecano contra real oviedo,rayo vallecano oviedo,rayo vallecano vs real oviedo,rayo oviedo suspendido,rayo vallecano real oviedo,rayo – real oviedo,aplazado rayo oviedo,rayo","./explore?q=rayo%20vallecano%20-%20real%20oviedo&geo=ES"
"celta de vigo - osasuna","100k+","7 February 2026 at 00:40:00 UTC+5:30",,"celta de vigo - osasuna,celta osasuna,celta - osasuna,celta de vigo,osasuna,celta de vigo contra osasuna,celta hoy,osasuna hoy,celta vigo vs osasuna,borja iglesias,budimir,osasuna celta,ante budimir,osasuna fc,raúl garcía de haro,raul moro,celta vs,club atlético osasuna,partido celta osasuna,victor muñoz,celta vigo","./explore?q=celta%20de%20vigo%20-%20osasuna&geo=ES"
"fernando esteso","200k+","1 February 2026 at 16:40:00 UTC+5:30",,"fernando esteso,esteso,andres pajares,andrés pajares,pajares,pajares actor,muere fernando esteso,de qué ha muerto fernando esteso,fernando esteso hijos,edad de fernando esteso,fernando esteso edad,fernando esteso muerte,fallece fernando esteso,barbara rey,edad fernando esteso,de que ha muerto fernando esteso,qué edad tenía fernando esteso,dónde nació fernando esteso,manuel velasco,ha fallecido fernando esteso,hijos de fernando esteso,los bingueros,qué edad tiene fernando esteso,mari cielo pajares","./explore?q=fernando%20esteso&geo=ES"
"real zaragoza - eibar","10k+","7 February 2026 at 22:10:00 UTC+5:30",,"real zaragoza - eibar,real zaragoza hoy,zaragoza fc,zaragoza eibar","./explore?q=real%20zaragoza%20-%20eibar&geo=ES"
"u. d. las palmas - burgos","20k+","7 February 2026 at 20:00:00 UTC+5:30",,"u. d. las palmas - burgos,las palmas,burgos cf,ud las palmas,las palmas burgos","./explore?q=u.%20d.%20las%20palmas%20-%20burgos&geo=ES"
"arsenal - sunderland afc","20k+","7 February 2026 at 19:40:00 UTC+5:30",,"arsenal - sunderland afc,arsenal vs sunderland,premier league,gyokeres,arsenal - sunderland,arsenal – sunderland","./explore?q=arsenal%20-%20sunderland%20afc&geo=ES"
"manchester united - tottenham","50k+","7 February 2026 at 17:10:00 UTC+5:30",,"manchester united - tottenham,man united,manchester united,man united vs tottenham,united,man utd,manchester united – tottenham,united manchester,manchester united contra tottenham,manchester united football club,manu - tottenham","./explore?q=manchester%20united%20-%20tottenham&geo=ES"
"wolves - chelsea","10k+","7 February 2026 at 19:40:00 UTC+5:30",,"wolves - chelsea,wolves vs chelsea,cole palmer","./explore?q=wolves%20-%20chelsea&geo=ES"
"jeux olympiques d'hiver 2026","10k+","4 February 2026 at 06:00:00 UTC+5:30",,"jeux olympiques d'hiver 2026","./explore?q=jeux%20olympiques%20d%27hiver%202026&geo=ES"
"sevilla girona","5k+","7 February 2026 at 17:50:00 UTC+5:30",,"sevilla girona,girona sevilla,sevilla vs girona,sevilla girona suspendido,sevilla contra girona","./explore?q=sevilla%20girona&geo=ES"
"salvador netflix","10k+","6 February 2026 at 19:10:00 UTC+5:30",,"salvador netflix,salvador serie,serie salvador netflix,luis tosar,serie salvador,claudia salas,salvador serie netflix","./explore?q=salvador%20netflix&geo=ES"
"borrasca marta","200k+","5 February 2026 at 19:30:00 UTC+5:30",,"borrasca marta,borrasca marta aemet,la borrasca marta,tiempo mañana,aemet borrasca marta,nueva borrasca marta,guadalquivir sevilla,tiempo valencia,aemet valencia","./explore?q=borrasca%20marta&geo=ES"
"newcastle - brentford","2k+","7 February 2026 at 22:10:00 UTC+5:30",,"newcastle - brentford,newcastle vs brentford,newcastle","./explore?q=newcastle%20-%20brentford&geo=ES"
"silvia bronchalo","20k+","7 February 2026 at 02:20:00 UTC+5:30",,"silvia bronchalo,daniel sancho,rodolfo sancho,el caso sancho","./explore?q=silvia%20bronchalo&geo=ES"
"fc andorra - real sociedad b","10k+","7 February 2026 at 18:00:00 UTC+5:30",,"fc andorra - real sociedad b,real sociedad b,andorra fc","./explore?q=fc%20andorra%20-%20real%20sociedad%20b&geo=ES"
"barack obama","5k+","7 February 2026 at 15:50:00 UTC+5:30",,"barack obama,donald trump,t","./explore?q=barack%20obama&geo=ES"
"bournemouth - aston villa","5k+","7 February 2026 at 19:50:00 UTC+5:30",,"bournemouth - aston villa,aston villa,bournemouth vs aston villa","./explore?q=bournemouth%20-%20aston%20villa&geo=ES"
"efectos secundarios estatinas","10k+","7 February 2026 at 12:00:00 UTC+5:30",,"efectos secundarios estatinas,las estatinas","./explore?q=efectos%20secundarios%20estatinas&geo=ES"
"maria lamela","20k+","6 February 2026 at 00:00:00 UTC+5:30",,"maria lamela,maría lamela,laura madrueño","./explore?q=maria%20lamela&geo=ES"
"genoa - napoli","2k+","7 February 2026 at 22:00:00 UTC+5:30",,"genoa - napoli,napoli","./explore?q=genoa%20-%20napoli&geo=ES"
"barcelone – majorque","2k+","7 February 2026 at 20:00:00 UTC+5:30",,"barcelone – majorque","./explore?q=barcelone%20%E2%80%93%20majorque&geo=ES"
"superbowl","10k+","7 February 2026 at 01:10:00 UTC+5:30",,"superbowl,super bowl 2026,super bowl","./explore?q=superbowl&geo=ES"
"marc bernal","2k+","7 February 2026 at 22:30:00 UTC+5:30",,"marc bernal,bernal","./explore?q=marc%20bernal&geo=ES"
"wolfsburg - dortmund","2k+","7 February 2026 at 19:10:00 UTC+5:30",,"wolfsburg - dortmund,wolfsburg – dortmund,dortmund","./explore?q=wolfsburg%20-%20dortmund&geo=ES"
"burnley - west ham","2k+","7 February 2026 at 19:50:00 UTC+5:30",,"burnley - west ham,burnley vs west ham","./explore?q=burnley%20-%20west%20ham&geo=ES"
"mönchengladbach - leverkusen","1k+","7 February 2026 at 22:20:00 UTC+5:30",,"mönchengladbach - leverkusen,mönchengladbach – leverkusen","./explore?q=m%C3%B6nchengladbach%20-%20leverkusen&geo=ES"
"salvador","2k+","6 February 2026 at 21:10:00 UTC+5:30",,"salvador","./explore?q=salvador&geo=ES"
"fulham - everton","2k+","7 February 2026 at 19:50:00 UTC+5:30",,"fulham - everton,fulham vs everton","./explore?q=fulham%20-%20everton&geo=ES"
"final futbol sala","5k+","7 February 2026 at 22:40:00 UTC+5:30",,"final futbol sala,final eurocopa futbol sala,futbol sala europeo,españa portugal futbol sala,españa futbol sala,final europeo futbol sala,futbol sala,eurocopa futbol sala,españa croacia futbol sala,europeo futbol sala","./explore?q=final%20futbol%20sala&geo=ES"
"real betis - atlético madrid","200k+","6 February 2026 at 00:40:00 UTC+5:30","7 February 2026 at 18:40:00 UTC+5:30","real betis - atlético madrid,betis atletico madrid,lookman,betis,betis hoy,betis atlético de madrid,real betis contra atlético madrid,real betis vs atlético madrid,betis atletico,entradas atletico de madrid,real betis,betis atlético madrid,lookman atletico,resultado betis atlético de madrid,donde ver betis atletico,dónde mirar betis contra atlético de madrid,betis – atlético madrid,copa rey,betis vs,atletico betis,atleti betis,betis vs atletico de madrid,alineaciones de betis contra atlético de madrid,atletico de madrid betis,la copa,la copa del rey,betis atletico de madrid,atletico hoy,betis atleti,real betis balompié,atlético de madrid betis,donde ver la copa del rey,copa,copa del.rey,partido betis,betis atletico madrid donde ver,donde ver el betis hoy,club atlético de madrid,betis contra atlético de madrid,donde ver copa del rey,thiago almada,resultado del betis atlético de madrid,pellegrini,look man,donde ver el betis atletico,resultado betis,copa.del.rey,copa del rey donde ver,donde ver atletico betis,donde ver betis at madrid copa del rey,dónde ver el betis atlético de madrid,adrián san miguel,donde ver copa del rey hoy,dónde ver betis atlético de madrid,donde ver atletico de madrid betis,cómo va el betis atlético de madrid,real betis atletico madrid,real betis contra atlético madrid donde ver,donde ver betis hoy,donde ver el betis atlético de madrid,at madrid,resultado del betis,real betis - atlético madrid donde ver,cómo va el atlético de madrid,partido betis atlético de madrid,estadísticas de betis contra atlético de madrid","./explore?q=real%20betis%20-%20atl%C3%A9tico%20madrid&geo=ES"
"unicaja - andorra","1k+","7 February 2026 at 23:10:00 UTC+5:30",,"unicaja - andorra","./explore?q=unicaja%20-%20andorra&geo=ES"
"india vs usa","2k+","7 February 2026 at 18:40:00 UTC+5:30",,"india vs usa,ind vs usa,t20 world cup,india national cricket team vs united states national cricket team match scorecard","./explore?q=india%20vs%20usa&geo=ES"
"tommy marques","1k+","7 February 2026 at 22:30:00 UTC+5:30",,"tommy marques","./explore?q=tommy%20marques&geo=ES"
"tres adioses","20k+","6 February 2026 at 01:20:00 UTC+5:30",,"tres adioses,isabel coixet,isabel coixet peliculas,coixet,isabel.coixet","./explore?q=tres%20adioses&geo=ES"
"tommy marqués","1k+","7 February 2026 at 22:30:00 UTC+5:30",,"tommy marqués,tommy barça,diario sport","./explore?q=tommy%20marqu%C3%A9s&geo=ES"
"pablo carreño","2k+","7 February 2026 at 22:50:00 UTC+5:30",,"pablo carreño","./explore?q=pablo%20carre%C3%B1o&geo=ES"
"el muro del mar de noruega","10k+","7 February 2026 at 14:00:00 UTC+5:30",,"el muro del mar de noruega,muro mar de noruega,el tiempo en valencia,el tiempo valencia,meteovigo,febrero","./explore?q=el%20muro%20del%20mar%20de%20noruega&geo=ES"
"india national cricket team vs united states national cricket team standings","500+","7 February 2026 at 23:00:00 UTC+5:30",,"india national cricket team vs united states national cricket team standings","./explore?q=india%20national%20cricket%20team%20vs%20united%20states%20national%20cricket%20team%20standings&geo=ES"
"copa del rey","500k+","3 February 2026 at 10:40:00 UTC+5:30","6 February 2026 at 20:20:00 UTC+5:30","copa del rey,sorteo copa del rey,copa del rey 2026,semifinales copa del rey,sorteo de la copa del rey,semifinales copa del rey 2026,resultados copa del rey,atletico de madrid,sorteo copa del rey futbol semifinales,partidos de copa del rey,atletico,partidos copa del rey,final copa del rey 2026,sorteo copa,copa del rey sorteo,sorteo copa rey futbol,sorteo de copa del rey,sorteo semifinales copa del rey 2026,atletico madrid,sorteo copa del rey semifinales 2026,atlético de madrid,sorteo semifinales copa del rey,copa del rey hoy,copa del rey semifinales,atleti hoy,sorteo de copa,donde ver la copa del rey,cómo ha quedado el sorteo de la copa del rey,sorteo copa del rey semis,atlético madrid,a qué hora es el sorteo de la copa del rey,sorteo de la copa del rey celebrado hoy,sorteo copa del rey directo,sorteo copa del rey semifinales,la copa,copa rey,sorteo copa del rey 2026,donde ver sorteo copa del rey,semifinales de la copa del rey,donde ver sorteo de copa del rey,sorteo copa rey,sorteo copa rey semifinales,fechas semifinales copa del rey 2026,semifinal copa del rey,antena3 directo,sorteo copa del rey en directo,cuando es el sorteo de copa del rey,dónde ver el sorteo de la copa del rey,donde ver el sorteo de copa del rey hoy,sorteo de la copa del rey de fútbol,donde ver el sorteo de copa del rey,sorteo copa del rey donde ver,la copa del rey,copa del rey donde ver,sorteo copa de la reina,cuando son las semifinales de la copa del rey,semis de copa del rey 2026","./explore?q=copa%20del%20rey&geo=ES"
"pasapalabra","200k+","6 February 2026 at 01:00:00 UTC+5:30","7 February 2026 at 01:40:00 UTC+5:30","pasapalabra,rosa pasapalabra,pasapalabra ganador,rosco pasapalabra,pasapalabra hoy,cuanto se lleva hacienda del bote de pasapalabra,bote pasapalabra,quien gana el bote de pasapalabra 2026 manu o rosa,rosa rodriguez pasapalabra,manu pasapalabra,antena 3,quien gano pasapalabra 2026,quien ha ganado el bote de pasapalabra 2026,bote pasapalabra 2026,quién ha ganado pasapalabra,ganador pasapalabra 2026,ganadores de pasapalabra,earl morrall,quien gana pasapalabra 2026,ganador pasapalabra,quién ganó pasapalabra,morrall,quien ha ganado pasapalabra 2026,quién ha ganado el bote de pasapalabra,rosa rodríguez,antena 3 directo,ganador de pasapalabra hoy,pasapalabra bote,ganador bote pasapalabra 2026,quien gano pasapalabra,ganador de pasapalabra,rosa pasapalabra edad,quién se ha llevado el bote de pasapalabra,quién ganó el bote de pasapalabra,de donde es rosa de pasapalabra,quien se lleva el bote de pasapalabra 2026,quien ha ganado pasapalabra,manu pascual,manu pasapalabra edad,fernando ramos,quién ha ganado el rosco de pasapalabra,rosa de pasapalabra,quién se lleva el bote de pasapalabra,quién gana el bote de pasapalabra,quién gana pasapalabra,quien gana el bote de pasapalabra,antena 3 en directo,rosa rodriguez,quien gana pasapalabra,ganador de pasapalabra 2026,quien ha ganado el bote de pasapalabra,earl morrall pasapalabra,quien gano el bote de pasapalabra 2026,edad rosa pasapalabra,antena 3 pasapalabra,quién ha ganado el pasapalabra,de dónde es rosa de pasapalabra,rosa pasapalabra de dónde es,pasapalabra jugador futbol americano,roberto leal,edad manu pasapalabra,el rosco de pasapalabra,cuántos años tiene rosa de pasapalabra,manu de pasapalabra,quién ganó el rosco de pasapalabra,cuántos años tiene manu de pasapalabra,pasapalabra ganador 2026,programación tv,bote de pasapalabra,quien se lleva el bote de pasapalabra,quien se ha llevado el bote pasapalabra,rosa gana pasapalabra,dónde nació rosa de pasapalabra,rosa,antena3,pasapalabra hoy en directo,rosa pasapalabra pareja,cuánto se lleva hacienda del bote de pasapalabra,antena tres en directo,quien ha ganado pasapalabra hoy,quién se llevó el bote de pasapalabra,pasapalabra en directo,quién es el ganador de pasapalabra,donde vive rosa de pasapalabra,cuantos años tiene rosa de pasapalabra,quien a ganado el bote de pasapalabra,rosa pasapalabra de donde es,pasapalabra directo,cuanto se queda hacienda del bote de pasapalabra,pasapalabra rosa,edad de rosa de pasapalabra,rosa ganadora de pasapalabra,invitados pasapalabra hoy,rosa de pasapalabra de dónde es,ganadora pasapalabra,de dónde es rosa la concursante de pasapalabra,programacion antena 3 hoy,donde nacio rosa de pasapalabra,de dónde es rosa la de pasapalabra,de donde es manu de pasapalabra,rosco pasapalabra ganador,manu pascual pasapalabra,dónde vive rosa de pasapalabra,cuantos programas lleva manu en pasapalabra,rosa rodríguez pasapalabra,quién ha ganado el concurso de pasapalabra,de dónde son los padres de rosa de pasapalabra,ganadores pasapalabra,concursantes de pasapalabra,pasapalabra hoy rosco ganador vídeo de hoy,cuando se llevan el bote de pasapalabra 2026,quien a ganado pasapalabra,quien gana pasapalabra manu o rosa,programación antena 3,rafa castaño,rosco pasapalabra hoy,cuando dan el bote de pasapalabra 2026","./explore?q=pasapalabra&geo=ES"
"albacete - barcelona","500k+","4 February 2026 at 00:40:00 UTC+5:30","6 February 2026 at 06:10:00 UTC+5:30","albacete - barcelona,albacete barcelona,barca albacete,albacete,albacete vs barcelona,albacete fc,barcelona albacete,albacete contra barcelona,albacete barça,albacete barcelona copa del rey,barça albacete,la 1 en directo,fc barcelona albacete,barcelona,barcelona albacete copa del rey,albacete – barcelone,albacete barca,copa del rey hoy,albacete barsa,donde ver albacete barcelona,barca,barsa,barsa hoy,barcelona hoy,barsa albacete,barcelona vs albacete,barcelona fc,copa rey,albacete balompié,resultado albacete barcelona,barcelona vs,albacete barcelona resultado,fc barcelona,albacete barcelona donde ver,la copa del rey,barça hoy,agus medina,alineaciones de albacete balompié contra fc barcelona,albacete balompie,donde ver el barça hoy,la copa,barca vs albacete,albacete vs,copa del.rey,cuartos de final copa del rey,albacete balompié contra fc barcelona,albacete cf,barça,copa,estadísticas de albacete balompié contra fc barcelona,partido albacete barcelona,resultado albacete - barcelona,donde ver barcelona albacete,resultados de la copa del rey,fcb,ronald araújo,javi moreno albacete,carlos belmonte,partido barcelona,albacete hoy,donde ver el barcelona hoy,donde ver albacete barça,fútbol club barcelona,fcbarcelona,gerard martín,albacete contra barcelona donde ver,donde ver la copa del rey hoy,albacete barcelona hoy,donde ver copa del rey hoy,final copa del rey 2026,albacete barcelona futbol,barcelona albacete resultado,copa del rey donde ver,barcelona vs albacete 2026,copa.del.rey,albacete - barcelona donde ver,resultado de la copa del rey,semifinales copa del rey,barca albacete donde ver,rtve play directo,albacete barcelona horario,donde ver barça hoy,gerard martin,ronald araujo,donde ver copa del rey,partido del barcelona hoy,albacete - barcelona resultado,donde ver barcelona hoy,dónde ver albacete - barcelona,donde ver la copa del rey,barça hoy donde ver,partido barcelona hoy,albacete barcelona fútbol,javi moreno,hansi flick,estadio carlos belmonte,albacete – fc barcelona,albacete barcelona partido,dónde ver el albacete barcelona,copa de rey,barca fc,cómo va el barça,televisión española en directo,albacete futbol,copa del rey partidos,partido barça","./explore?q=albacete%20-%20barcelona&geo=ES"
"lens - rennes","1k+","7 February 2026 at 21:30:00 UTC+5:30",,"lens - rennes,lens – rennes","./explore?q=lens%20-%20rennes&geo=ES"
"st. pauli - stuttgart","1k+","7 February 2026 at 19:20:00 UTC+5:30",,"st. pauli - stuttgart,st. pauli – vfb stuttgart","./explore?q=st.%20pauli%20-%20stuttgart&geo=ES"
"six nations","1k+","7 February 2026 at 19:40:00 UTC+5:30",,"six nations","./explore?q=six%20nations&geo=ES"
"aragon tv","200+","7 February 2026 at 23:00:00 UTC+5:30",,"aragon tv","./explore?q=aragon%20tv&geo=ES"
"seis naciones","1k+","7 February 2026 at 20:30:00 UTC+5:30",,"seis naciones,6 naciones","./explore?q=seis%20naciones&geo=ES"
"leganés - granada","20k+","7 February 2026 at 00:10:00 UTC+5:30","7 February 2026 at 21:30:00 UTC+5:30","leganés - granada,leganes,granada cf,leganes granada","./explore?q=legan%C3%A9s%20-%20granada&geo=ES"
"margot robbie","2k+","7 February 2026 at 23:00:00 UTC+5:30",,"margot robbie,jacob elordi","./explore?q=margot%20robbie&geo=ES"
"jan virgili","2k+","7 February 2026 at 20:30:00 UTC+5:30","7 February 2026 at 23:50:00 UTC+5:30","jan virgili,virgili","./explore?q=jan%20virgili&geo=ES"
"kingdom hearts remake","1k+","7 February 2026 at 05:10:00 UTC+5:30",,"kingdom hearts remake","./explore?q=kingdom%20hearts%20remake&geo=ES"
"valencia c. f. - athletic","200k+","5 February 2026 at 00:40:00 UTC+5:30","6 February 2026 at 04:50:00 UTC+5:30","valencia c. f. - athletic,valencia athletic,valencia cf,valència - ath. bilbao,valencia c. f. contra athletic,valencia vs athletic club,athletic valencia,valencia fc,donde ver valencia athletic copa del rey,dónde mirar valencia c. f. contra athletic club,valencia hoy,valencia vs,valencia cf hoy,teledeporte en directo,futbol valencia athletic,valencia athletic copa del rey,partido valencia,valencia athletic donde ver,valencia athletic bilbao,partido valencia hoy,valencia c. f.,iñaki williams,resultados copa del rey hoy,valencia bilbao hoy,donde ver el valencia hoy,valencia athletic club,valencia bilbao copa del rey,donde ver valencia athletic,donde ver el valencia athletic,valencia atlético de bilbao,cuartos de final copa del rey,valencia athletic de bilbao,alineaciones de valencia c. f. contra athletic club,teledeporte directo,donde ver athletic valencia,valencia hoy futbol,resultados copa,valencia cf contra athletic donde ver,resultado copa del rey,álex padilla,valencia c. f. contra athletic donde ver,estadísticas de valencia c. f. contra athletic club","./explore?q=valencia%20c.%20f.%20-%20athletic&geo=ES"
"francesca lollobrigida","500+","7 February 2026 at 21:50:00 UTC+5:30",,"francesca lollobrigida,milano cortina","./explore?q=francesca%20lollobrigida&geo=ES"
"real madrid - rayo vallecano","200k+","1 February 2026 at 17:40:00 UTC+5:30","4 February 2026 at 05:00:00 UTC+5:30","real madrid - rayo vallecano,cronología de real madrid contra rayo vallecano,kylian mbappé","./explore?q=real%20madrid%20-%20rayo%20vallecano&geo=ES"
"julie de bona","200+","7 February 2026 at 23:20:00 UTC+5:30",,"julie de bona","./explore?q=julie%20de%20bona&geo=ES"
"sorteo lotería nacional hoy","1k+","7 February 2026 at 23:40:00 UTC+5:30",,"sorteo lotería nacional hoy,loteria nacional 7 febrero 2026,lotería nacional 7 de febrero,sorteo,sorteos lotería nacional","./explore?q=sorteo%20loter%C3%ADa%20nacional%20hoy&geo=ES"
"rami malek","200+","7 February 2026 at 22:30:00 UTC+5:30",,"rami malek","./explore?q=rami%20malek&geo=ES"
"baskonia - barça","10k+","7 February 2026 at 00:20:00 UTC+5:30","7 February 2026 at 19:30:00 UTC+5:30","baskonia - barça,a qué hora juega el barça,baskonia,baskonia barcelona","./explore?q=baskonia%20-%20bar%C3%A7a&geo=ES"
"alerta de lluvias intensas","1m+","3 February 2026 at 11:30:00 UTC+5:30","5 February 2026 at 05:10:00 UTC+5:30","alerta de lluvias intensas,borrasca leonardo,dgt carreteras cortadas,andalucia,grazalema lluvia,tiempo mañana,beatriz trapote,alerta roja sevilla,borrasca leonardo alerta roja,alerta roja,alerta roja lluvias andalucia,alerta de lluvias extremas,tormenta leonardo,borrasca leonardo aemet,rtve directo,nueva borrasca,ultima hora andalucia,alerta roja andalucia,aemet malaga,aemet sevilla,teledeporte en directo,alerta roja andalucía,andalucia directo,reunion junta andalucia temporal,temporal andalucia,andalucia borrasca leonardo,tve en directo,alerta roja borrasca leonardo,juanma moreno en directo,clases andalucia,andalucía,aemet alerta roja andalucia,malaga,rtve en directo,tiempo murcia,comunicado junta de andalucia,diario de jerez,alerta malaga,el tiempo malaga,inundaciones andalucia,tiempo en murcia,el tiempo,comunicado juanma moreno hoy,noticias andalucia,el tiempo en malaga,inundaciones,aemet,alerta roja andalucia lluvias,alerta roja cadiz,canal sur en directo,alertas aemet,tiempo valencia,alerta roja en málaga,eltiempo,embalses,tiempo malaga,noticias andalucía,aemet cadiz,alerta andalucía,alerta sevilla,lluvias andalucía,lluvia,aemet borrasca leonardo,directo junta de andalucia,directo juanma moreno,juanma moreno directo,el tiempo mañana,canal sur radio,el tiempo.es,aemet valencia,el tiempo en málaga,avisos aemet,eltiempo.es,el tiempo en palma","./explore?q=alerta%20de%20lluvias%20intensas&geo=ES"
"will smith","500+","7 February 2026 at 20:50:00 UTC+5:30",,"will smith","./explore?q=will%20smith&geo=ES"
"alavés - real sociedad","100k+","5 February 2026 at 00:40:00 UTC+5:30","6 February 2026 at 03:10:00 UTC+5:30","alavés - real sociedad,alaves real sociedad,real sociedad,copa del rey hoy,alaves,alavés - reial societat,alavés contra real sociedad,real sociedad alaves,alaves hoy,real sociedad de fútbol,alavés vs real sociedad,alaves vs real sociedad,alavés real sociedad,donde ver alaves real sociedad,abde rebbach,alaves real sociedad donde ver,alavés,deportivo alavés,real sociedad vs,real sociedad alavés,alaves vs,partido real sociedad","./explore?q=alav%C3%A9s%20-%20real%20sociedad&geo=ES"
"txeroki","5k+","6 February 2026 at 15:20:00 UTC+5:30","7 February 2026 at 21:00:00 UTC+5:30","txeroki,txeroki eta","./explore?q=txeroki&geo=ES"
"tom holland","500+","7 February 2026 at 19:10:00 UTC+5:30",,"tom holland","./explore?q=tom%20holland&geo=ES"
"celtic vs dundee","200+","7 February 2026 at 23:40:00 UTC+5:30",,"celtic vs dundee","./explore?q=celtic%20vs%20dundee&geo=ES"
"el yamiq","2k+","7 February 2026 at 23:40:00 UTC+5:30",,"el yamiq,jawad el yamiq","./explore?q=el%20yamiq&geo=ES"
"cristina perez galcenco","20k+","5 February 2026 at 22:20:00 UTC+5:30","7 February 2026 at 21:40:00 UTC+5:30","cristina perez galcenco,fallece cristina perez galcenco,modelo cristina perez galcenco,nacho perez,cristina pérez galcenco,nacho perez portero sporting","./explore?q=cristina%20perez%20galcenco&geo=ES"
"de jong","200+","7 February 2026 at 22:50:00 UTC+5:30",,"de jong","./explore?q=de%20jong&geo=ES"
"pablo torre","1k+","7 February 2026 at 20:50:00 UTC+5:30","7 February 2026 at 23:50:00 UTC+5:30","pablo torre","./explore?q=pablo%20torre&geo=ES"
"genoa vs napoli","200+","7 February 2026 at 23:10:00 UTC+5:30",,"genoa vs napoli","./explore?q=genoa%20vs%20napoli&geo=ES"
"maría teresa campos","100+","7 February 2026 at 23:30:00 UTC+5:30",,"maría teresa campos","./explore?q=mar%C3%ADa%20teresa%20campos&geo=ES"
"elche c. f. - barcelona","500k+","1 February 2026 at 00:40:00 UTC+5:30","2 February 2026 at 13:20:00 UTC+5:30","elche c. f. - barcelona,elx - barcelona,elche vs barcelona,elche,elche c. f. contra barcelona,barca elche,barça,fc barcelona elche,fc barcelona,barcelona elche,barca,elche - barcelona,elche barça,barça elche,elche cf,fcb,eder sarabia,resultado elche - barcelona,barcelona fc,cómo va el barcelona,álvaro rodríguez muñoz,elche barca,elche club de fútbol,barsa elche,cómo va el barça,fcbarcelona,fútbol club barcelona,elche barsa,barca vs,elche c. f. contra fc barcelona,alineaciones de elche c. f. contra fc barcelona,barcelona vs elche,elche fc,donde ver el barça hoy,estadísticas de elche c. f. contra fc barcelona,elche – fc barcelona,donde ver elche barça,resultado del barcelona,barca vs elche,barcelona vs,elche – barcelona,elche barcelona donde ver,donde ver barça hoy,alvaro rodriguez elche,elx barça,donde ver el barcelona hoy,resultado del barça,elx contra barcelona,resultado barcelona,cómo va el elche - barcelona,barça vs,donde ver elche barcelona","./explore?q=elche%20c.%20f.%20-%20barcelona&geo=ES"
"bad bunny","50k+","2 February 2026 at 10:10:00 UTC+5:30","7 February 2026 at 23:10:00 UTC+5:30","bad bunny,ice out","./explore?q=bad%20bunny&geo=ES"
"copa de la reina","50k+","4 February 2026 at 21:40:00 UTC+5:30","7 February 2026 at 03:20:00 UTC+5:30","copa de la reina,real madrid c. f. femenino - barcelona,barça femenino,real madrid - fc barcelona,real madrid femenino,barcelona femenino,real madrid c. f. femenino contra barcelona,copa del rey femenina,fc barcelona femenino,barça femenino hoy,copa reina,real madrid barcelona femenino,madrid barça femenino,copa de la reina hoy,alexia putellas,salma paralluelo,fútbol femenino real madrid barcelona,barça madrid femenino,real madrid barcelona fútbol femenino,futbol femenino hoy","./explore?q=copa%20de%20la%20reina&geo=ES"
"valencia real madrid","2k+","7 February 2026 at 20:40:00 UTC+5:30",,"valencia real madrid,superdeporte","./explore?q=valencia%20real%20madrid&geo=ES"
"muriqi","1k+","7 February 2026 at 20:40:00 UTC+5:30","7 February 2026 at 23:10:00 UTC+5:30","muriqi","./explore?q=muriqi&geo=ES"
"al-nassr - al ittihad","10k+","6 February 2026 at 22:10:00 UTC+5:30","7 February 2026 at 14:20:00 UTC+5:30","al-nassr - al ittihad","./explore?q=al-nassr%20-%20al%20ittihad&geo=ES"
"r.c.d. mallorca - sevilla","100k+","3 February 2026 at 00:40:00 UTC+5:30","4 February 2026 at 03:30:00 UTC+5:30","r.c.d. mallorca - sevilla,mallorca sevilla,mallorca fc,mallorca - sevilla fc,mallorca vs sevilla,mallorca,rcd mallorca,neal maupay,sevilla mallorca,maupay,muriqi,r.c.d. mallorca contra sevilla,mallorca - sevilla,sevilla fútbol club,mallorca vs,pablo torre,sevilla,mallorca hoy,samu costa,resultado mallorca - sevilla,mallorca sevilla fc,samú costa,donde ver mallorca sevilla,real club deportivo mallorca","./explore?q=r.c.d.%20mallorca%20-%20sevilla&geo=ES"
"guadalquivir","5k+","7 February 2026 at 19:40:00 UTC+5:30","7 February 2026 at 23:20:00 UTC+5:30","guadalquivir,rio guadalquivir,puente romano cordoba,cordopolis,el dia de cordoba","./explore?q=guadalquivir&geo=ES"
"movistar plus","2k+","7 February 2026 at 21:00:00 UTC+5:30","7 February 2026 at 21:50:00 UTC+5:30","movistar plus","./explore?q=movistar%20plus&geo=ES"
"leeds - nottingham forest","5k+","7 February 2026 at 00:40:00 UTC+5:30","7 February 2026 at 17:20:00 UTC+5:30","leeds - nottingham forest,leeds united vs nottm forest,leeds united,leeds","./explore?q=leeds%20-%20nottingham%20forest&geo=ES"
"mojica","200+","7 February 2026 at 22:40:00 UTC+5:30","7 February 2026 at 23:50:00 UTC+5:30","mojica","./explore?q=mojica&geo=ES"
"england vs wales","500+","7 February 2026 at 22:30:00 UTC+5:30","7 February 2026 at 23:50:00 UTC+5:30","england vs wales,six nations 2026,6 nations","./explore?q=england%20vs%20wales&geo=ES"
"cuando es la super bowl 2026","2k+","7 February 2026 at 01:30:00 UTC+5:30","7 February 2026 at 23:00:00 UTC+5:30","cuando es la super bowl 2026","./explore?q=cuando%20es%20la%20super%20bowl%202026&geo=ES"
"athletic - real sociedad","100k+","2 February 2026 at 00:40:00 UTC+5:30","3 February 2026 at 03:40:00 UTC+5:30","athletic - real sociedad,real sociedad,athletic real sociedad,athletic,athletic contra real sociedad,real sociedad hoy,athletic club vs real sociedad,bilbao real sociedad,partido athletic,athletic real,athletic hoy,gonçalo guedes,posiciones de athletic club contra real sociedad,real sociedad athletic,real sociedad athletic bilbao,athletic club contra real sociedad,guedes,ruiz de galarreta,real sociedad de fútbol,iñigo ruiz de galarreta,donde ver athletic real sociedad,partido athletic hoy,ath. bilbao – real sociedad,yuri berchiche,athletic real sociedad donde ver,derbi vasco,alineaciones de athletic club contra real sociedad,estadísticas de la liga","./explore?q=athletic%20-%20real%20sociedad&geo=ES"
"robert lewandowski","1k+","7 February 2026 at 21:20:00 UTC+5:30","7 February 2026 at 23:00:00 UTC+5:30","robert lewandowski,lewandowski","./explore?q=robert%20lewandowski&geo=ES"
"bitcoin","20k+","5 February 2026 at 10:50:00 UTC+5:30","6 February 2026 at 15:00:00 UTC+5:30","bitcoin,btc,bitcoin price,btc usd","./explore?q=bitcoin&geo=ES"
"зимние олимпийские игры – 2026","5k+","4 February 2026 at 13:50:00 UTC+5:30","7 February 2026 at 23:30:00 UTC+5:30","зимние олимпийские игры – 2026","./explore?q=%D0%B7%D0%B8%D0%BC%D0%BD%D0%B8%D0%B5%20%D0%BE%D0%BB%D0%B8%D0%BC%D0%BF%D0%B8%D0%B9%D1%81%D0%BA%D0%B8%D0%B5%20%D0%B8%D0%B3%D1%80%D1%8B%20%E2%80%93%202026&geo=ES"
"cadiz almeria","500+","7 February 2026 at 20:20:00 UTC+5:30","7 February 2026 at 23:40:00 UTC+5:30","cadiz almeria","./explore?q=cadiz%20almeria&geo=ES"
"blanca pombo","5k+","6 February 2026 at 22:20:00 UTC+5:30","7 February 2026 at 19:00:00 UTC+5:30","blanca pombo,topuria","./explore?q=blanca%20pombo&geo=ES"
"manuel cortes","1k+","7 February 2026 at 20:40:00 UTC+5:30","7 February 2026 at 22:40:00 UTC+5:30","manuel cortes,gloria camila","./explore?q=manuel%20cortes&geo=ES"
"atalanta - juventus","20k+","6 February 2026 at 00:40:00 UTC+5:30","6 February 2026 at 20:10:00 UTC+5:30","atalanta - juventus,juventus,coppa italia,atalanta juventus","./explore?q=atalanta%20-%20juventus&geo=ES"
"real betis - valencia c. f.","100k+","1 February 2026 at 19:50:00 UTC+5:30","2 February 2026 at 20:50:00 UTC+5:30","real betis - valencia c. f.,betis valencia,betis hoy,valencia cf,betis - valència,valencia betis,real betis vs valencia,real betis balompié,valencia club de fútbol,betis-valencia,betis fc,betis vs valencia,betis vs,cómo va el betis,pablo fornals,resultado betis-valencia,valencia fc,superdeporte,resultado del betis,fornals,valencia c. f.","./explore?q=real%20betis%20-%20valencia%20c.%20f.&geo=ES"
"celtics - heat","2k+","7 February 2026 at 06:00:00 UTC+5:30","7 February 2026 at 17:10:00 UTC+5:30","celtics - heat","./explore?q=celtics%20-%20heat&geo=ES"
"manchester city - newcastle","20k+","5 February 2026 at 00:40:00 UTC+5:30","5 February 2026 at 17:10:00 UTC+5:30","manchester city - newcastle,man city vs newcastle,manchester city – newcastle,man city","./explore?q=manchester%20city%20-%20newcastle&geo=ES"
"dubai basketball - real madrid","20k+","5 February 2026 at 20:40:00 UTC+5:30","6 February 2026 at 12:30:00 UTC+5:30","dubai basketball - real madrid,dubai basketball","./explore?q=dubai%20basketball%20-%20real%20madrid&geo=ES"
"alcaraz","500k+","1 February 2026 at 14:00:00 UTC+5:30","1 February 2026 at 20:00:00 UTC+5:30","alcaraz,carlos alcaraz,rafa nadal,donde ver la final del open de australia,alcaraz hoy,djokovic alcaraz,alcaraz vs djokovic,rafael nadal,tenis hoy,cuantos grand slam tiene alcaraz,open australia,carlos alcaraz hoy,tenis,ranking atp,grand slams alcaraz,partido alcaraz djokovic,alcaraz djokovic donde ver,donde ver alcaraz,partido alcaraz,open de australia 2026,alcaraz - djokovic,edad alcaraz,tenis open de australia,donde ver alcaraz hoy,eurosport online,a que hora es la final del open de australia,open de australia,resultado alcaraz - djokovic,alcaraz grand slams,donde ver alcaraz y djokovic,cómo va alcaraz,premio open australia 2026,tenis alcaraz,partido alcaraz hoy,donde ver final open australia,cuanto gana el ganador del open de australia,grand slam alcaraz,final open australia 2026 donde ver,partido de alcaraz,donde ver alcaraz vs djokovic,atp,final alcaraz,como va alcaraz,final alcaraz djokovic,tenis en directo,final open de australia,grand slams,alcaraz donde ver,resultado alcaraz,abierto de australia,a qué hora juega alcaraz,dónde ver la final del open de australia,donde ver alcaraz djokovic,tatuaje alcaraz,ranking grand slams,alcaraz hoy en directo,sinner grand slams,cómo ha quedado alcaraz,carlos alcaraz grand slams,carlos alcaraz tenista,resultado alcaraz hoy,quién ha ganado el open de australia,donde ver final open australia 2026,alcaraz open australia 2026,ver alcaraz djokovic,cómo va carlos alcaraz,final tenis,alcaraz hoy donde ver,donde ver a alcaraz,juan carlos ferrero,alcaraz vs,palmares alcaraz,qué edad tiene djokovic,tenis hoy alcaraz,cuantos grand slam tiene djokovic,alcaraz djokovic hora,cuántos grand slam tiene alcaraz,tenis alcaraz hoy,open australia donde ver,roland garros,resultado de alcaraz,us open,carlos alcaraz djokovic,partido alcaraz - djokovic,a que hora juega alcaraz la final,partido de alcaraz hoy,dónde ver el partido de alcaraz,tatuaje carlos alcaraz,alcaraz djokovic directo,el palmar,cómo ha quedado carlos alcaraz,ver alcaraz djokovic en directo,el palmar (murcia),open de australia hoy,horario alcaraz djokovic,carlos alcaraz djokovic open australia,donde ver el partido de alcaraz,ver tenis en directo,final del open de australia,dónde ver alcaraz - djokovic,ganadores grand slam,grand slams sinner,tatuajes alcaraz,ver eurosport en directo,el palmar murcia,tenistas con mas grand slams,alcaraz en directo,donde ver la final del open de australia 2026,premios open australia 2026,a que hora juega alcaraz,donde se puede ver la final del open de australia,clasificacion atp,premio australian open 2026,cuantos grand slams tiene alcaraz,jugadores con mas grand slams,a qué hora juega carlos alcaraz,carlos alcaraz djokovic australia,donde ver el tenis hoy,carlos alcaraz open australia,gran slam,alcaraz directo,grand slams nadal,grand slam nadal,titulos alcaraz,grand slam sinner,premio ganador open australia 2026,palmares carlos alcaraz,partido tenis alcaraz,cuanto gana alcaraz si gana hoy,partido carlos alcaraz,cómo va alcaraz - djokovic,cuanto dinero gana el ganador del open de australia,carlos alcaraz garfia,cuánto gana el campeón del open de australia,premio open australia,cuando juega alcaraz,donde ver open australia 2026,como va alcaraz hoy,carlos alcaraz donde verlo,donde ver tenis alcaraz,donde ver partido alcaraz,resultado djokovic alcaraz,ferrero,carlos,resultado de alcaraz - djokovic,carlos.alcaraz,alcalá djokovic,cuales son los grand slam,final tenis australia 2026,grand slam tenis,alcaraz hoy en directo hora,carlos alcaraz hoy en directo,ha ganado alcaraz,eurosport directo,donde ver alcaraz djokovic en abierto,final open australia donde ver,cuántos grand slam ha ganado carlos alcaraz,tenis hoy en vivo,alcaraz australia,partido de carlos alcaraz,alcaraz vs djokovic donde ver","./explore?q=alcaraz&geo=ES"
"omar mascarell","500+","7 February 2026 at 21:40:00 UTC+5:30","7 February 2026 at 22:50:00 UTC+5:30","omar mascarell","./explore?q=omar%20mascarell&geo=ES"
"cuponazo 6 de febrero 2026","2k+","7 February 2026 at 13:40:00 UTC+5:30","7 February 2026 at 20:50:00 UTC+5:30","cuponazo 6 de febrero 2026,cuponazo de la once","./explore?q=cuponazo%206%20de%20febrero%202026&geo=ES"
"crea una caricatura de mi y de mi trabajo","200+","7 February 2026 at 20:40:00 UTC+5:30","7 February 2026 at 23:20:00 UTC+5:30","crea una caricatura de mi y de mi trabajo","./explore?q=crea%20una%20caricatura%20de%20mi%20y%20de%20mi%20trabajo&geo=ES"
"netherlands vs pakistan","5k+","7 February 2026 at 11:30:00 UTC+5:30","7 February 2026 at 18:20:00 UTC+5:30","netherlands vs pakistan,netherlands national cricket team vs pakistan national cricket team standings,ned vs pak,pakistan vs ireland,pak vs ire","./explore?q=netherlands%20vs%20pakistan&geo=ES"
"clases andalucia mañana","100k+","4 February 2026 at 19:10:00 UTC+5:30","5 February 2026 at 05:30:00 UTC+5:30","clases andalucia mañana,ideal,granada hoy,ideal granada,mañana hay clase en andalucia,junta de andalucía,hay colegio mañana en andalucía,mañana hay clases en sevilla,junta de andalucia,juanma moreno,suspenden clases mañana andalucia,habra clases mañana andalucia,mañana hay clases,clases andalucia,suspension de clases andalucia,colegio andalucia,clases mañana,colegios andalucia,hay clases mañana en sevilla,mañana hay colegio en andalucia,juanma moreno hoy,suspenden clases andalucia,mañana hay colegio,suspenden clases andalucía,clases mañana andalucia,junta de andalucia clases mañana,comparecencia juanma moreno,cancelacion clases andalucia,hay clases mañana,mañana hay colegio en andalucía,mañana hay colegio en sevilla,junta andalucia,mañana hay clase,comparecencia juanma moreno hoy,cuenca del genil granada pueblos,jueves 5 de febrero hay clases,clases jueves 5 febrero,mañana hay colegio en málaga,hay colegio mañana,mañana hay clases en granada,cuenca del genil granada,se suspenden las clases mañana,hay colegio mañana en sevilla,mañana 5 de febrero hay clases,hay colegio mañana en andalucia,mañana hay clases en andalucia,se suspenden las clases mañana en andalucía,andalucia suspende clases mañana,clases en andalucia mañana,antonio sanz,colegios andalucia mañana,clases andalucía,hay clases mañana en malaga,clases,clases andalucia jueves,alerta andalucia,se suspenden las clases mañana málaga,mañana jueves hay clases,colegio mañana,alerta roja granada,suspension clases andalucia,hay mañana colegio en andalucía,clases mañana sevilla,clases suspendidas andalucia,sol y guadalhorce,hay clases mañana en granada,hay colegio mañana en málaga,suspension de clases,clases suspendidas,mañana hay clases en malaga,suspensión de clases hoy,mañana hay clases?,se suspenden las clases mañana en sevilla,canal sur,suspensión de clases sevilla,clases viernes 6 de febrero,el jueves 5 de febrero hay clases,cierre colegios andalucia,mañana hay clases en andalucía,guadalhorce,junta de andalucía directo,suspensión de clases,colegios mañana andalucia,canal sur directo,andalucia clases,mañana hay clases en cordoba,andalucía,suspenden clases sevilla,mañana hay clase?,noticias andalucia,malaga clases","./explore?q=clases%20andalucia%20ma%C3%B1ana&geo=ES"
"pavel durov","20k+","4 February 2026 at 22:30:00 UTC+5:30","6 February 2026 at 04:30:00 UTC+5:30","pavel durov,telegram","./explore?q=pavel%20durov&geo=ES"
"marc casadó","200+","7 February 2026 at 22:50:00 UTC+5:30","7 February 2026 at 23:50:00 UTC+5:30","marc casadó","./explore?q=marc%20casad%C3%B3&geo=ES"
"vito quiles","2k+","6 February 2026 at 23:20:00 UTC+5:30","7 February 2026 at 21:00:00 UTC+5:30","vito quiles,los meconios","./explore?q=vito%20quiles&geo=ES"
"roony bardghji","200+","7 February 2026 at 22:40:00 UTC+5:30","7 February 2026 at 23:40:00 UTC+5:30","roony bardghji","./explore?q=roony%20bardghji&geo=ES"
"elisa mouliaá","10k+","4 February 2026 at 20:00:00 UTC+5:30","7 February 2026 at 00:30:00 UTC+5:30","elisa mouliaá,errejon,mouliaa,elisa mouliaa","./explore?q=elisa%20moulia%C3%A1&geo=ES"
"aurora sanchez","20k+","3 February 2026 at 20:30:00 UTC+5:30","5 February 2026 at 14:30:00 UTC+5:30","aurora sanchez,aurora sánchez","./explore?q=aurora%20sanchez&geo=ES"
"grammys 2026","20k+","1 February 2026 at 03:50:00 UTC+5:30","3 February 2026 at 20:50:00 UTC+5:30","grammys 2026,grammy winners 2026,grammy winners","./explore?q=grammys%202026&geo=ES"
"semifinales coac 2026","5k+","6 February 2026 at 05:50:00 UTC+5:30","7 February 2026 at 16:00:00 UTC+5:30","semifinales coac 2026,coac 2026,diario de cadiz,agrupaciones semifinales coac 2026,coac hoy","./explore?q=semifinales%20coac%202026&geo=ES"
"arsenal - chelsea","20k+","4 February 2026 at 00:50:00 UTC+5:30","4 February 2026 at 20:40:00 UTC+5:30","arsenal - chelsea","./explore?q=arsenal%20-%20chelsea&geo=ES"
"paula badosa","1k+","7 February 2026 at 20:30:00 UTC+5:30","7 February 2026 at 21:40:00 UTC+5:30","paula badosa","./explore?q=paula%20badosa&geo=ES"
"a qué hora juega el barcelona","1k+","7 February 2026 at 19:50:00 UTC+5:30","7 February 2026 at 21:30:00 UTC+5:30","a qué hora juega el barcelona,a que hora juega el barcelona","./explore?q=a%20qu%C3%A9%20hora%20juega%20el%20barcelona&geo=ES"
"desbordamiento guadalquivir sevilla","500+","7 February 2026 at 19:50:00 UTC+5:30","7 February 2026 at 23:00:00 UTC+5:30","desbordamiento guadalquivir sevilla","./explore?q=desbordamiento%20guadalquivir%20sevilla&geo=ES"
"cristiano ronaldo","10k+","5 February 2026 at 04:30:00 UTC+5:30","6 February 2026 at 05:50:00 UTC+5:30","cristiano ronaldo,al nassr,al hilal - al-ahli saudi","./explore?q=cristiano%20ronaldo&geo=ES"
"lookman","20k+","1 February 2026 at 02:10:00 UTC+5:30","4 February 2026 at 13:00:00 UTC+5:30","lookman,ademola lookman,atleti","./explore?q=lookman&geo=ES"
"vedat muriqi","500+","7 February 2026 at 21:00:00 UTC+5:30","7 February 2026 at 22:30:00 UTC+5:30","vedat muriqi","./explore?q=vedat%20muriqi&geo=ES"
"ademola lookman","10k+","6 February 2026 at 01:00:00 UTC+5:30","6 February 2026 at 20:50:00 UTC+5:30","ademola lookman,copa del rei","./explore?q=ademola%20lookman&geo=ES"
"gavi","100+","7 February 2026 at 22:50:00 UTC+5:30","7 February 2026 at 23:40:00 UTC+5:30","gavi","./explore?q=gavi&geo=ES"
"inmunidad carles puigdemont","10k+","5 February 2026 at 20:50:00 UTC+5:30","6 February 2026 at 13:10:00 UTC+5:30","inmunidad carles puigdemont,carles puigdemont","./explore?q=inmunidad%20carles%20puigdemont&geo=ES"
"rashford","200+","7 February 2026 at 21:30:00 UTC+5:30","7 February 2026 at 22:40:00 UTC+5:30","rashford","./explore?q=rashford&geo=ES"
"emma raducanu","2k+","7 February 2026 at 20:50:00 UTC+5:30","7 February 2026 at 22:10:00 UTC+5:30","emma raducanu","./explore?q=emma%20raducanu&geo=ES"
"influencer ángel montoya","10k+","4 February 2026 at 22:30:00 UTC+5:30","5 February 2026 at 19:40:00 UTC+5:30","influencer ángel montoya,angel montoya,ángel montoya influencer,angel montoya influencer,ángel montoya","./explore?q=influencer%20%C3%A1ngel%20montoya&geo=ES"
"primate","200+","7 February 2026 at 21:40:00 UTC+5:30","7 February 2026 at 23:00:00 UTC+5:30","primate","./explore?q=primate&geo=ES"
"panathinaikos - real madrid","20k+","4 February 2026 at 00:30:00 UTC+5:30","4 February 2026 at 20:10:00 UTC+5:30","panathinaikos - real madrid,euroliga,panathinaikos contra real madrid,panathinaikos real madrid","./explore?q=panathinaikos%20-%20real%20madrid&geo=ES"
"seis naciones 2026","1k+","7 February 2026 at 22:10:00 UTC+5:30","7 February 2026 at 23:20:00 UTC+5:30","seis naciones 2026,seis naciones,francia - irlanda,6 naciones","./explore?q=seis%20naciones%202026&geo=ES"
"efl cup","10k+","3 February 2026 at 22:00:00 UTC+5:30","5 February 2026 at 13:40:00 UTC+5:30","efl cup,carabao cup","./explore?q=efl%20cup&geo=ES"
"francisco de borbon","10k+","3 February 2026 at 23:10:00 UTC+5:30","6 February 2026 at 00:40:00 UTC+5:30","francisco de borbon,francisco de borbón,quién es francisco de borbón,francisco de borbón von hardenberg,francisco de borbon detenido","./explore?q=francisco%20de%20borbon&geo=ES"
"rodrigo mendoza","20k+","2 February 2026 at 21:40:00 UTC+5:30","5 February 2026 at 03:20:00 UTC+5:30","rodrigo mendoza,mendoza elche,mendoza atletico de madrid","./explore?q=rodrigo%20mendoza&geo=ES"
"medellín - internacional de bogotá","1k+","7 February 2026 at 07:00:00 UTC+5:30","7 February 2026 at 15:50:00 UTC+5:30","medellín - internacional de bogotá","./explore?q=medell%C3%ADn%20-%20internacional%20de%20bogot%C3%A1&geo=ES"
"cortina d'ampezzo","2k+","7 February 2026 at 00:50:00 UTC+5:30","7 February 2026 at 23:20:00 UTC+5:30","cortina d'ampezzo","./explore?q=cortina%20d%27ampezzo&geo=ES"
"rosa benito","200+","7 February 2026 at 22:20:00 UTC+5:30","7 February 2026 at 23:10:00 UTC+5:30","rosa benito","./explore?q=rosa%20benito&geo=ES"
"getafe - celta de vigo","50k+","1 February 2026 at 22:10:00 UTC+5:30","2 February 2026 at 23:20:00 UTC+5:30","getafe - celta de vigo,getafe celta,getafe,getafe - celta,getafe cf,getafe contra celta de vigo,celta getafe","./explore?q=getafe%20-%20celta%20de%20vigo&geo=ES"
"lakers - 76ers","10k+","6 February 2026 at 09:00:00 UTC+5:30","6 February 2026 at 17:10:00 UTC+5:30","lakers - 76ers,luke kennard,doncic,luka dončić,lakers,austin reaves,luka doncic","./explore?q=lakers%20-%2076ers&geo=ES"
"chappell roan","10k+","2 February 2026 at 07:30:00 UTC+5:30","4 February 2026 at 13:40:00 UTC+5:30","chappell roan","./explore?q=chappell%20roan&geo=ES"
"mirandés - málaga","20k+","3 February 2026 at 00:10:00 UTC+5:30","3 February 2026 at 21:30:00 UTC+5:30","mirandés - málaga,malaga cf,mirandes,mirandes malaga,malaga fc,mirandés contra málaga,malaga mirandes,malaga vs,málaga cf,mirandés,laliga 2","./explore?q=mirand%C3%A9s%20-%20m%C3%A1laga&geo=ES"
"ferran torres","200+","7 February 2026 at 22:50:00 UTC+5:30","7 February 2026 at 23:20:00 UTC+5:30","ferran torres","./explore?q=ferran%20torres&geo=ES"
"leiva","20k+","3 February 2026 at 02:20:00 UTC+5:30","4 February 2026 at 05:30:00 UTC+5:30","leiva,leiva cantante,hasta que me quede sin voz,leiva hasta que me quede sin voz,cantante leiva","./explore?q=leiva&geo=ES"
"david ucles","20k+","4 February 2026 at 20:00:00 UTC+5:30","5 February 2026 at 14:20:00 UTC+5:30","david ucles,david uclés,ucles david,ucles,premio nadal 2026,premio nadal,perez reverte,arturo perez reverte,david uclés premio nadal,david ucles libro,david ucles polemica","./explore?q=david%20ucles&geo=ES"
"mette marit","10k+","1 February 2026 at 13:30:00 UTC+5:30","5 February 2026 at 21:00:00 UTC+5:30","mette marit","./explore?q=mette%20marit&geo=ES"
"racing de estrasburgo - mónaco","5k+","6 February 2026 at 00:50:00 UTC+5:30","6 February 2026 at 13:40:00 UTC+5:30","racing de estrasburgo - mónaco","./explore?q=racing%20de%20estrasburgo%20-%20m%C3%B3naco&geo=ES"
"real madrid contra rayo vallecano","200k+","1 February 2026 at 17:50:00 UTC+5:30","2 February 2026 at 11:50:00 UTC+5:30","real madrid contra rayo vallecano,real madrid,madrid rayo,madrid rayo vallecano,real madrid hoy,real madrid vs rayo vallecano,real madrid rayo,madrid hoy,madrid fc,real madrid – rayo,posiciones de real madrid contra rayo vallecano,rayo vallecano,real madrid club de fútbol,madrid,resultado real madrid rayo vallecano,madrid vs,fútbol real madrid rayo vallecano,cómo va el real madrid,rayo vallecano de madrid,resultado del real madrid,madrid futbol,laliga,madrid cf,cómo va el madrid,alineaciones de real madrid contra rayo vallecano,cómo ha quedado el real madrid,resultado real madrid,real,real madrid - rayo,a qué hora juega el real madrid,cómo ha quedado el madrid,madrid vs rayo,como va el madrid,real madrid vs,real madrid vs rayo,real.madrid hoy,partido madrid,rayo,estadísticas de real madrid contra rayo vallecano,madrid partido,clasificación liga,rayo madrid,liga,a qué hora juega el madrid,partido real madrid,resultado del madrid,partido del real madrid,donde ver el madrid hoy,partido real madrid hoy,resultado real madrid hoy,donde ver real madrid hoy,liga santander,resultado del real madrid rayo vallecano,a qué hora juega el real madrid hoy,realmadrid,jorge de frutos,real madrid cf,madrid vs rayo vallecano,mbappe,rayo vallecano hoy,resultado real madrid rayo,rayo real madrid,penalti a favor del real madrid,partido del madrid,partido madrid hoy,real madrid rayo vallecano 2026,real madrid partidos,madrid real,resultado madrid hoy,real madrid hoy partido,partidos de real madrid,penaltis a favor del madrid,real madrid vs. rayo vallecano,a qué hora juega hoy el real madrid,la liga hoy,real madrid fc,resultado madrid,partidos real madrid,madrid hoy resultado,donde ver el real madrid hoy,real madrid donde ver,r madrid,real madrid hoy vivo,cómo quedó el real madrid,camavinga,a qué hora juega el madrid hoy,real madrid.,alineacion real madrid","./explore?q=real%20madrid%20contra%20rayo%20vallecano&geo=ES"
"eugeni sallent","10k+","4 February 2026 at 21:10:00 UTC+5:30","5 February 2026 at 20:10:00 UTC+5:30","eugeni sallent","./explore?q=eugeni%20sallent&geo=ES"
"carlos hernandez","20k+","3 February 2026 at 16:20:00 UTC+5:30","5 February 2026 at 14:20:00 UTC+5:30","carlos hernandez,muere carlos hernandez periodista,muere carlos hernández periodista,periodista carlos hernández,carlos hernández periodista,carlos hernández","./explore?q=carlos%20hernandez&geo=ES"
"inter - torino","10k+","5 February 2026 at 00:40:00 UTC+5:30","5 February 2026 at 16:20:00 UTC+5:30","inter - torino","./explore?q=inter%20-%20torino&geo=ES"
"flood hub","10k+","3 February 2026 at 18:50:00 UTC+5:30","6 February 2026 at 04:40:00 UTC+5:30","flood hub,mapa de inundaciones,mapa de inundaciones en tiempo real","./explore?q=flood%20hub&geo=ES"
"tiempo las cabañuelas","10k+","3 February 2026 at 21:00:00 UTC+5:30","5 February 2026 at 19:10:00 UTC+5:30","tiempo las cabañuelas,jorge rey cabañuelas,cabañuelas jorge rey","./explore?q=tiempo%20las%20caba%C3%B1uelas&geo=ES"
"granada - racing de santander","50k+","2 February 2026 at 00:40:00 UTC+5:30","2 February 2026 at 21:10:00 UTC+5:30","granada - racing de santander,granada cf,racing de santander,granada racing,granada racing de santander,racing hoy,granada contra racing de santander,racing santander,granada fc,real racing club de santander,granada club de fútbol,hypermotion","./explore?q=granada%20-%20racing%20de%20santander&geo=ES"
"mika","20k+","3 February 2026 at 02:10:00 UTC+5:30","4 February 2026 at 12:40:00 UTC+5:30","mika","./explore?q=mika&geo=ES"
"kings - clippers","1k+","7 February 2026 at 11:50:00 UTC+5:30","7 February 2026 at 16:30:00 UTC+5:30","kings - clippers","./explore?q=kings%20-%20clippers&geo=ES"
"daniel illescas","5k+","7 February 2026 at 05:20:00 UTC+5:30","7 February 2026 at 18:00:00 UTC+5:30","daniel illescas,record apnea el desafio,ranking apnea el desafío,quién es daniel illescas","./explore?q=daniel%20illescas&geo=ES"
"hapoel tel aviv - valencia","10k+","6 February 2026 at 00:10:00 UTC+5:30","6 February 2026 at 13:00:00 UTC+5:30","hapoel tel aviv - valencia,valencia basket","./explore?q=hapoel%20tel%20aviv%20-%20valencia&geo=ES"
"pistons - knicks","1k+","7 February 2026 at 07:10:00 UTC+5:30","7 February 2026 at 16:20:00 UTC+5:30","pistons - knicks","./explore?q=pistons%20-%20knicks&geo=ES"
"acido hialuronico","200+","7 February 2026 at 19:40:00 UTC+5:30","7 February 2026 at 21:20:00 UTC+5:30","acido hialuronico","./explore?q=acido%20hialuronico&geo=ES"
"trail blazers - grizzlies","1k+","7 February 2026 at 11:10:00 UTC+5:30","7 February 2026 at 16:20:00 UTC+5:30","trail blazers - grizzlies","./explore?q=trail%20blazers%20-%20grizzlies&geo=ES"
"richy castellanos","5k+","6 February 2026 at 20:30:00 UTC+5:30","7 February 2026 at 04:30:00 UTC+5:30","richy castellanos","./explore?q=richy%20castellanos&geo=ES"
"benaojan","2k+","7 February 2026 at 19:40:00 UTC+5:30","7 February 2026 at 20:50:00 UTC+5:30","benaojan","./explore?q=benaojan&geo=ES"
"erupción solar","5k+","5 February 2026 at 16:10:00 UTC+5:30","6 February 2026 at 04:40:00 UTC+5:30","erupción solar,auroras boreales españa","./explore?q=erupci%C3%B3n%20solar&geo=ES"
"alex saab","5k+","5 February 2026 at 00:40:00 UTC+5:30","5 February 2026 at 20:30:00 UTC+5:30","alex saab,alex saab venezuela,álex saab","./explore?q=alex%20saab&geo=ES"
"tottenham - manchester city","20k+","1 February 2026 at 21:10:00 UTC+5:30","2 February 2026 at 14:20:00 UTC+5:30","tottenham - manchester city,tottenham vs man city,tottenham,tottenham – manchester city,tottenham contra manchester city,antoine semenyo,solanke,rayan cherki","./explore?q=tottenham%20-%20manchester%20city&geo=ES"
"neymar","5k+","5 February 2026 at 04:30:00 UTC+5:30","6 February 2026 at 13:00:00 UTC+5:30","neymar","./explore?q=neymar&geo=ES"
"fc union berlin - frankfurt","2k+","7 February 2026 at 00:20:00 UTC+5:30","7 February 2026 at 06:00:00 UTC+5:30","fc union berlin - frankfurt,union berlin – eintracht frankfurt","./explore?q=fc%20union%20berlin%20-%20frankfurt&geo=ES"
"deportes","1k+","7 February 2026 at 07:10:00 UTC+5:30","7 February 2026 at 12:30:00 UTC+5:30","deportes,ministerio de educacion","./explore?q=deportes&geo=ES"
"escritor javier castillo","20k+","3 February 2026 at 08:50:00 UTC+5:30","4 February 2026 at 03:50:00 UTC+5:30","escritor javier castillo,javier castillo,escritor javier castillo padres,javier castillo padres","./explore?q=escritor%20javier%20castillo&geo=ES"
"stellantis","2k+","6 February 2026 at 14:10:00 UTC+5:30","7 February 2026 at 04:40:00 UTC+5:30","stellantis","./explore?q=stellantis&geo=ES"
"frida karlsson","200+","7 February 2026 at 18:20:00 UTC+5:30","7 February 2026 at 20:10:00 UTC+5:30","frida karlsson","./explore?q=frida%20karlsson&geo=ES"
"iñaki urdangarin","10k+","2 February 2026 at 01:10:00 UTC+5:30","3 February 2026 at 05:40:00 UTC+5:30","iñaki urdangarin","./explore?q=i%C3%B1aki%20urdangarin&geo=ES"
"huetor tajar","20k+","4 February 2026 at 19:10:00 UTC+5:30","6 February 2026 at 02:40:00 UTC+5:30","huetor tajar,rio genil,tiempo de mañana,tiempo en granada,tiempo granada,el tiempo granada,el tiempo en granada,ideal granada","./explore?q=huetor%20tajar&geo=ES"
"elon musk","10k+","4 February 2026 at 00:10:00 UTC+5:30","5 February 2026 at 05:00:00 UTC+5:30","elon musk,pedro sánchez,pedro sanchez,redes sociales,elon musk pedro sanchez,carlos herrera","./explore?q=elon%20musk&geo=ES"
"heated rivalry","2k+","6 February 2026 at 07:50:00 UTC+5:30","7 February 2026 at 06:40:00 UTC+5:30","heated rivalry","./explore?q=heated%20rivalry&geo=ES"
"барселона – мальорка","200+","7 February 2026 at 20:50:00 UTC+5:30","7 February 2026 at 22:00:00 UTC+5:30","барселона – мальорка","./explore?q=%D0%B1%D0%B0%D1%80%D1%81%D0%B5%D0%BB%D0%BE%D0%BD%D0%B0%20%E2%80%93%20%D0%BC%D0%B0%D0%BB%D1%8C%D0%BE%D1%80%D0%BA%D0%B0&geo=ES"
"alvaro fidalgo","20k+","1 February 2026 at 04:50:00 UTC+5:30","4 February 2026 at 05:30:00 UTC+5:30","alvaro fidalgo,betis,real betis,alvaro fidalgo real betis,fidalgo,álvaro fidalgo,isco","./explore?q=alvaro%20fidalgo&geo=ES"
"gta vi lanzamiento","5k+","4 February 2026 at 09:40:00 UTC+5:30","5 February 2026 at 15:10:00 UTC+5:30","gta vi lanzamiento","./explore?q=gta%20vi%20lanzamiento&geo=ES"
"tondela - benfica","20k+","2 February 2026 at 01:10:00 UTC+5:30","2 February 2026 at 21:20:00 UTC+5:30","tondela - benfica,tondela vs benfica","./explore?q=tondela%20-%20benfica&geo=ES"
"talavera de la reina","200+","7 February 2026 at 20:10:00 UTC+5:30","7 February 2026 at 21:20:00 UTC+5:30","talavera de la reina","./explore?q=talavera%20de%20la%20reina&geo=ES"
"grammys","10k+","2 February 2026 at 01:10:00 UTC+5:30","3 February 2026 at 04:10:00 UTC+5:30","grammys,chappell roan grammys 2026","./explore?q=grammys&geo=ES"
"cris contra el cancer","500+","7 February 2026 at 20:20:00 UTC+5:30","7 February 2026 at 21:10:00 UTC+5:30","cris contra el cancer","./explore?q=cris%20contra%20el%20cancer&geo=ES"
"liverpool - newcastle","20k+","1 February 2026 at 00:40:00 UTC+5:30","1 February 2026 at 20:40:00 UTC+5:30","liverpool - newcastle,liverpool vs newcastle,liverpool,ekitike,hugo ekitike","./explore?q=liverpool%20-%20newcastle&geo=ES"
"al-okhdood club - al hilal","10k+","5 February 2026 at 22:20:00 UTC+5:30","6 February 2026 at 04:50:00 UTC+5:30","al-okhdood club - al hilal,al hilal","./explore?q=al-okhdood%20club%20-%20al%20hilal&geo=ES"
"irene montero","10k+","1 February 2026 at 20:20:00 UTC+5:30","3 February 2026 at 12:50:00 UTC+5:30","irene montero","./explore?q=irene%20montero&geo=ES"
"rfea","1k+","6 February 2026 at 23:40:00 UTC+5:30","7 February 2026 at 18:00:00 UTC+5:30","rfea","./explore?q=rfea&geo=ES"
"juanjo garra","20k+","3 February 2026 at 21:40:00 UTC+5:30","4 February 2026 at 14:40:00 UTC+5:30","juanjo garra,rtve play,rescate alpinista juanjo garra,alpinista juanjo garra,juanjo garra alpinista,rescate al limite tve","./explore?q=juanjo%20garra&geo=ES"
"giralda","5k+","5 February 2026 at 13:10:00 UTC+5:30","6 February 2026 at 02:50:00 UTC+5:30","giralda,la giralda sevilla,la giralda,giralda sevilla,azucena giralda,azucena giralda sevilla","./explore?q=giralda&geo=ES"
"eibar femenino - granada cf","200+","7 February 2026 at 19:20:00 UTC+5:30","7 February 2026 at 20:40:00 UTC+5:30","eibar femenino - granada cf","./explore?q=eibar%20femenino%20-%20granada%20cf&geo=ES"
"santiago de compostela","200+","7 February 2026 at 20:00:00 UTC+5:30","7 February 2026 at 21:00:00 UTC+5:30","santiago de compostela","./explore?q=santiago%20de%20compostela&geo=ES"
"servicios mínimos huelga trenes","5k+","6 February 2026 at 19:30:00 UTC+5:30","7 February 2026 at 01:40:00 UTC+5:30","servicios mínimos huelga trenes,trenes huelga renfe,la lista,huelga renfe,huelga renfe febrero 2026","./explore?q=servicios%20m%C3%ADnimos%20huelga%20trenes&geo=ES"
"inglaterra - gales","100+","7 February 2026 at 23:00:00 UTC+5:30","7 February 2026 at 23:20:00 UTC+5:30","inglaterra - gales","./explore?q=inglaterra%20-%20gales&geo=ES"
"maraña","1k+","7 February 2026 at 13:30:00 UTC+5:30","7 February 2026 at 15:20:00 UTC+5:30","maraña","./explore?q=mara%C3%B1a&geo=ES"
"caso epstein","5k+","3 February 2026 at 02:40:00 UTC+5:30","6 February 2026 at 13:40:00 UTC+5:30","caso epstein","./explore?q=caso%20epstein&geo=ES"
"ilia topuria","2k+","7 February 2026 at 01:00:00 UTC+5:30","7 February 2026 at 04:20:00 UTC+5:30","ilia topuria,topuria","./explore?q=ilia%20topuria&geo=ES"
"obed vargas","10k+","2 February 2026 at 01:10:00 UTC+5:30","3 February 2026 at 15:40:00 UTC+5:30","obed vargas,vargas atletico,álvaro fidalgo","./explore?q=obed%20vargas&geo=ES"
"olivia smart","1k+","6 February 2026 at 20:10:00 UTC+5:30","7 February 2026 at 22:30:00 UTC+5:30","olivia smart","./explore?q=olivia%20smart&geo=ES"
"edurne","2k+","7 February 2026 at 03:00:00 UTC+5:30","7 February 2026 at 06:30:00 UTC+5:30","edurne","./explore?q=edurne&geo=ES"
"humanitz","1k+","7 February 2026 at 00:00:00 UTC+5:30","7 February 2026 at 08:30:00 UTC+5:30","humanitz","./explore?q=humanitz&geo=ES"
"alerta roja malaga","10k+","3 February 2026 at 17:50:00 UTC+5:30","4 February 2026 at 17:20:00 UTC+5:30","alerta roja malaga,diario sur,carlos neva","./explore?q=alerta%20roja%20malaga&geo=ES"
"birmingham city - leicester city","200+","7 February 2026 at 20:50:00 UTC+5:30","7 February 2026 at 21:50:00 UTC+5:30","birmingham city - leicester city","./explore?q=birmingham%20city%20-%20leicester%20city&geo=ES"
"pablo barrios","2k+","6 February 2026 at 02:40:00 UTC+5:30","6 February 2026 at 23:30:00 UTC+5:30","pablo barrios,barrios","./explore?q=pablo%20barrios&geo=ES"
"bitcoin precio","5k+","5 February 2026 at 21:30:00 UTC+5:30","6 February 2026 at 13:30:00 UTC+5:30","bitcoin precio,precio bitcoin,criptomonedas,criptomoneda bitcoin,caída bitcoin","./explore?q=bitcoin%20precio&geo=ES"
"alejandra boixader","500+","7 February 2026 at 13:20:00 UTC+5:30","7 February 2026 at 16:20:00 UTC+5:30","alejandra boixader","./explore?q=alejandra%20boixader&geo=ES"
"córdoba - valladolid","20k+","1 February 2026 at 00:40:00 UTC+5:30","1 February 2026 at 18:50:00 UTC+5:30","córdoba - valladolid,cordoba cf,real valladolid,cordoba fc,sergi guardiola","./explore?q=c%C3%B3rdoba%20-%20valladolid&geo=ES"
"virginia fonseca","2k+","4 February 2026 at 22:30:00 UTC+5:30","5 February 2026 at 20:10:00 UTC+5:30","virginia fonseca","./explore?q=virginia%20fonseca&geo=ES"
"olivia dean","5k+","2 February 2026 at 07:40:00 UTC+5:30","4 February 2026 at 06:00:00 UTC+5:30","olivia dean","./explore?q=olivia%20dean&geo=ES"
"alejandra rubio","10k+","1 February 2026 at 00:10:00 UTC+5:30","3 February 2026 at 06:30:00 UTC+5:30","alejandra rubio,alejandra rubio embarazada,carlo costanzia","./explore?q=alejandra%20rubio&geo=ES"
"dia mundial del cancer","5k+","4 February 2026 at 12:40:00 UTC+5:30","5 February 2026 at 05:20:00 UTC+5:30","dia mundial del cancer,día mundial contra el cáncer","./explore?q=dia%20mundial%20del%20cancer&geo=ES"
"premios grammy 2026","20k+","2 February 2026 at 12:40:00 UTC+5:30","3 February 2026 at 12:50:00 UTC+5:30","premios grammy 2026,ganadores grammy 2026,grammy 2026,premios grammy,donde ver los grammys 2026 españa,premios grammys 2026,lady gaga,grammys 2026 ganadores,grammys 2026 hora españa,premios grammys ganadores,premios grammy ganadores","./explore?q=premios%20grammy%202026&geo=ES"
"primitiva 5 febrero 2026","50k+","6 February 2026 at 02:30:00 UTC+5:30","6 February 2026 at 16:50:00 UTC+5:30","primitiva 5 febrero 2026,sorteo primitiva hoy,primitiva,primitiva 31 enero 2026,primitiva hoy,la primitiva,primitiva de hoy,primitiva sabado,primitiva 5 de febrero,la primitiva hoy,loteria primitiva,resultado primitiva hoy,primitiva 2 febrero 2026,resultado primitiva,la primitiva de hoy,sorteo primitiva,primitiva sábado,primitiva del sábado,primitiva de hoy sábado,resultados primitiva hoy,loterias y apuestas del estado,loteria primitiva hoy,primitiva 31 de enero,comprobar primitiva,la primitiva comprobar,primitiva 2 de febrero,primitiva hoy sabado,primitiva sábado: comprobar,la primitiva hoy hora","./explore?q=primitiva%205%20febrero%202026&geo=ES"
"la 1","20k+","4 February 2026 at 01:10:00 UTC+5:30","4 February 2026 at 04:30:00 UTC+5:30","la 1,rtve,maria jose campanario,la1,television española,broncano,david broncano","./explore?q=la%201&geo=ES"
"astrid gil casares","5k+","3 February 2026 at 04:20:00 UTC+5:30","4 February 2026 at 14:30:00 UTC+5:30","astrid gil casares,rafael del pino","./explore?q=astrid%20gil%20casares&geo=ES"
"adama traore","5k+","1 February 2026 at 02:40:00 UTC+5:30","3 February 2026 at 05:40:00 UTC+5:30","adama traore","./explore?q=adama%20traore&geo=ES"
"djokovic","50k+","1 February 2026 at 14:30:00 UTC+5:30","1 February 2026 at 18:50:00 UTC+5:30","djokovic,novak djokovic,australian open,grand slam,ao,melbourne,australia open,tennis,donde televisan la final del open de australia,roger federer,djokovic grand slams,grand slam djokovic,australian open 2026,grand slams djokovic,djokovic vs alcaraz,novak,final australian open","./explore?q=djokovic&geo=ES"
"billie eilish","5k+","2 February 2026 at 03:10:00 UTC+5:30","5 February 2026 at 06:00:00 UTC+5:30","billie eilish","./explore?q=billie%20eilish&geo=ES"
"dia mundial contra el cancer","5k+","4 February 2026 at 12:30:00 UTC+5:30","5 February 2026 at 04:50:00 UTC+5:30","dia mundial contra el cancer","./explore?q=dia%20mundial%20contra%20el%20cancer&geo=ES"
"sayalonga","5k+","5 February 2026 at 03:20:00 UTC+5:30","6 February 2026 at 02:20:00 UTC+5:30","sayalonga,perro,diario sur","./explore?q=sayalonga&geo=ES"
"real madrid - zaragoza","20k+","1 February 2026 at 20:40:00 UTC+5:30","2 February 2026 at 06:30:00 UTC+5:30","real madrid - zaragoza,acb","./explore?q=real%20madrid%20-%20zaragoza&geo=ES"
"lyon - laval","10k+","5 February 2026 at 00:20:00 UTC+5:30","5 February 2026 at 13:00:00 UTC+5:30","lyon - laval,lyon fc,endrick,copa de francia,karim benzema,copa francia","./explore?q=lyon%20-%20laval&geo=ES"
"bolonia - milan","10k+","4 February 2026 at 00:30:00 UTC+5:30","4 February 2026 at 14:40:00 UTC+5:30","bolonia - milan,milan","./explore?q=bolonia%20-%20milan&geo=ES"
"skiathlon","200+","7 February 2026 at 18:00:00 UTC+5:30","7 February 2026 at 19:20:00 UTC+5:30","skiathlon","./explore?q=skiathlon&geo=ES"
"hellas verona - pisa","1k+","7 February 2026 at 00:40:00 UTC+5:30","7 February 2026 at 05:30:00 UTC+5:30","hellas verona - pisa","./explore?q=hellas%20verona%20-%20pisa&geo=ES"
"atlético nacional - américa","5k+","5 February 2026 at 06:00:00 UTC+5:30","5 February 2026 at 16:00:00 UTC+5:30","atlético nacional - américa,américa de cali","./explore?q=atl%C3%A9tico%20nacional%20-%20am%C3%A9rica&geo=ES"
"barça - fenerbahçe","10k+","4 February 2026 at 00:20:00 UTC+5:30","4 February 2026 at 13:00:00 UTC+5:30","barça - fenerbahçe,cuatro directo,barça basket","./explore?q=bar%C3%A7a%20-%20fenerbah%C3%A7e&geo=ES"
"manchester united - fulham","20k+","1 February 2026 at 18:40:00 UTC+5:30","2 February 2026 at 04:20:00 UTC+5:30","manchester united - fulham,manchester united,man united vs fulham,united,manchester united – fulham","./explore?q=manchester%20united%20-%20fulham&geo=ES"
"laia aleixandri","2k+","6 February 2026 at 19:50:00 UTC+5:30","7 February 2026 at 01:30:00 UTC+5:30","laia aleixandri","./explore?q=laia%20aleixandri&geo=ES"
"suns - warriors","2k+","6 February 2026 at 10:20:00 UTC+5:30","6 February 2026 at 16:40:00 UTC+5:30","suns - warriors","./explore?q=suns%20-%20warriors&geo=ES"
"benzema","10k+","2 February 2026 at 21:30:00 UTC+5:30","3 February 2026 at 21:00:00 UTC+5:30","benzema,al hilal,primera división de arabia saudita,karim benzema","./explore?q=benzema&geo=ES"
"viruela del mono galicia","10k+","3 February 2026 at 14:50:00 UTC+5:30","4 February 2026 at 01:20:00 UTC+5:30","viruela del mono galicia,brote viruela del mono galicia,viruela del mono,brote viruela del mono","./explore?q=viruela%20del%20mono%20galicia&geo=ES"
"dia de la marmota","10k+","2 February 2026 at 12:20:00 UTC+5:30","3 February 2026 at 14:10:00 UTC+5:30","dia de la marmota,marmota,dia de la marmota phil,dia de la marmota 2026,el dia de la marmota,la marmota phil,marmota phil","./explore?q=dia%20de%20la%20marmota&geo=ES"
"pablo rivero","5k+","6 February 2026 at 03:50:00 UTC+5:30","6 February 2026 at 06:30:00 UTC+5:30","pablo rivero","./explore?q=pablo%20rivero&geo=ES"
"disney on ice valencia","200+","7 February 2026 at 20:10:00 UTC+5:30","7 February 2026 at 21:10:00 UTC+5:30","disney on ice valencia","./explore?q=disney%20on%20ice%20valencia&geo=ES"
"buñol","200+","7 February 2026 at 19:00:00 UTC+5:30","7 February 2026 at 20:10:00 UTC+5:30","buñol","./explore?q=bu%C3%B1ol&geo=ES"
"bath","200+","7 February 2026 at 21:30:00 UTC+5:30","7 February 2026 at 22:00:00 UTC+5:30","bath","./explore?q=bath&geo=ES"
"republica dominicana","200+","7 February 2026 at 18:10:00 UTC+5:30","7 February 2026 at 19:30:00 UTC+5:30","republica dominicana","./explore?q=republica%20dominicana&geo=ES"
"al riyadh - al-nassr","10k+","2 February 2026 at 20:00:00 UTC+5:30","3 February 2026 at 12:20:00 UTC+5:30","al riyadh - al-nassr,al-riyadh vs al-nassr","./explore?q=al%20riyadh%20-%20al-nassr&geo=ES"
"برشلونة ضد مايوركا","100+","7 February 2026 at 21:30:00 UTC+5:30","7 February 2026 at 22:10:00 UTC+5:30","برشلونة ضد مايوركا","./explore?q=%D8%A8%D8%B1%D8%B4%D9%84%D9%88%D9%86%D8%A9%20%D8%B6%D8%AF%20%D9%85%D8%A7%D9%8A%D9%88%D8%B1%D9%83%D8%A7&geo=ES"
"perdiendo el juicio","200+","7 February 2026 at 20:50:00 UTC+5:30","7 February 2026 at 21:40:00 UTC+5:30","perdiendo el juicio","./explore?q=perdiendo%20el%20juicio&geo=ES"
"murcia - barça","10k+","1 February 2026 at 22:50:00 UTC+5:30","2 February 2026 at 20:20:00 UTC+5:30","murcia - barça","./explore?q=murcia%20-%20bar%C3%A7a&geo=ES"
"miguel angel silvestre","20k+","4 February 2026 at 02:30:00 UTC+5:30","4 February 2026 at 05:50:00 UTC+5:30","miguel angel silvestre,pelicula la fiera carlos suarez,carlos cuevas,miguel bernardeau,carlos suarez,la fiera pelicula,miguel ángel silvestre,la fiera pelicula 2026,carlos suarez accidente,salto base,pelicula la fiera","./explore?q=miguel%20angel%20silvestre&geo=ES"
"arsenal vs chelsea","10k+","4 February 2026 at 00:50:00 UTC+5:30","4 February 2026 at 14:00:00 UTC+5:30","arsenal vs chelsea,arsenal,arsenal chelsea,chelsea,arsenal – chelsea,fa cup,chelsea arsenal,arsenal vs","./explore?q=arsenal%20vs%20chelsea&geo=ES"
"superliga","200+","7 February 2026 at 18:00:00 UTC+5:30","7 February 2026 at 20:50:00 UTC+5:30","superliga","./explore?q=superliga&geo=ES"
"playstation store","1k+","6 February 2026 at 17:10:00 UTC+5:30","6 February 2026 at 23:30:00 UTC+5:30","playstation store","./explore?q=playstation%20store&geo=ES"
"metz - losc","1k+","7 February 2026 at 01:00:00 UTC+5:30","7 February 2026 at 04:40:00 UTC+5:30","metz - losc","./explore?q=metz%20-%20losc&geo=ES"
"amazon stock","1k+","6 February 2026 at 02:40:00 UTC+5:30","7 February 2026 at 00:20:00 UTC+5:30","amazon stock","./explore?q=amazon%20stock&geo=ES"
"hacienda investiga ciberataque","10k+","3 February 2026 at 03:20:00 UTC+5:30","3 February 2026 at 15:40:00 UTC+5:30","hacienda investiga ciberataque,ciberataque agencia tributaria,hacienda ciberataque,agencia tributaria hackeo,ciberataque hacienda","./explore?q=hacienda%20investiga%20ciberataque&geo=ES"
"almería - ad ceuta","10k+","1 February 2026 at 17:40:00 UTC+5:30","2 February 2026 at 04:30:00 UTC+5:30","almería - ad ceuta,almeria fc,ud almeria,almeria ceuta","./explore?q=almer%C3%ADa%20-%20ad%20ceuta&geo=ES"
"mstr","1k+","6 February 2026 at 18:20:00 UTC+5:30","7 February 2026 at 00:40:00 UTC+5:30","mstr","./explore?q=mstr&geo=ES"
"incendio vallecas","200+","7 February 2026 at 19:10:00 UTC+5:30","7 February 2026 at 20:10:00 UTC+5:30","incendio vallecas","./explore?q=incendio%20vallecas&geo=ES"
"jacob petrus","200+","7 February 2026 at 19:30:00 UTC+5:30","7 February 2026 at 20:30:00 UTC+5:30","jacob petrus","./explore?q=jacob%20petrus&geo=ES"
"gabriela rico","5k+","3 February 2026 at 01:00:00 UTC+5:30","4 February 2026 at 19:50:00 UTC+5:30","gabriela rico","./explore?q=gabriela%20rico&geo=ES"
"eibar - sporting gijón","20k+","1 February 2026 at 20:00:00 UTC+5:30","2 February 2026 at 04:00:00 UTC+5:30","eibar - sporting gijón,eibar sporting,sporting de gijon,eibar,eibar fc,real sporting,eibar contra sporting gijón,sporting hoy","./explore?q=eibar%20-%20sporting%20gij%C3%B3n&geo=ES"
"s. d. huesca - cádiz","20k+","1 February 2026 at 22:10:00 UTC+5:30","2 February 2026 at 12:50:00 UTC+5:30","s. d. huesca - cádiz,cadiz cf,huesca cadiz,sd huesca,huesca fc,huesca","./explore?q=s.%20d.%20huesca%20-%20c%C3%A1diz&geo=ES"
"urdangarin","20k+","2 February 2026 at 01:50:00 UTC+5:30","3 February 2026 at 03:50:00 UTC+5:30","urdangarin,sandro rosell,caso noos,infanta cristina,cristina de borbón,iñaki urdangarín,edad iñaki urdangarin,lo de evole,edad de iñaki urdangarin,jaume matas,iñaki urdangarin edad,la sexta directo,lo de evole hoy","./explore?q=urdangarin&geo=ES"
"naomi watts","1k+","7 February 2026 at 02:50:00 UTC+5:30","7 February 2026 at 05:30:00 UTC+5:30","naomi watts","./explore?q=naomi%20watts&geo=ES"
"timberwolves - pelicans","200+","7 February 2026 at 12:00:00 UTC+5:30","7 February 2026 at 15:20:00 UTC+5:30","timberwolves - pelicans","./explore?q=timberwolves%20-%20pelicans&geo=ES"
"rotura tuberia linea 8 metro madrid","2k+","5 February 2026 at 17:50:00 UTC+5:30","5 February 2026 at 22:50:00 UTC+5:30","rotura tuberia linea 8 metro madrid,barajas,aeropuerto madrid barajas,linea 8 metro madrid","./explore?q=rotura%20tuberia%20linea%208%20metro%20madrid&geo=ES"
"nets - lakers","2k+","4 February 2026 at 06:00:00 UTC+5:30","4 February 2026 at 16:40:00 UTC+5:30","nets - lakers","./explore?q=nets%20-%20lakers&geo=ES"
"zaragoza - petkim spor","2k+","6 February 2026 at 00:20:00 UTC+5:30","6 February 2026 at 04:30:00 UTC+5:30","zaragoza - petkim spor","./explore?q=zaragoza%20-%20petkim%20spor&geo=ES"
"valencia","5k+","5 February 2026 at 01:30:00 UTC+5:30","5 February 2026 at 13:10:00 UTC+5:30","valencia,tiempo valencia,viento valencia","./explore?q=valencia&geo=ES"
"2 de mayo - alianza lima","2k+","5 February 2026 at 05:20:00 UTC+5:30","5 February 2026 at 14:40:00 UTC+5:30","2 de mayo - alianza lima,alianza lima","./explore?q=2%20de%20mayo%20-%20alianza%20lima&geo=ES"
"marcelino iglesias","2k+","5 February 2026 at 02:30:00 UTC+5:30","6 February 2026 at 00:00:00 UTC+5:30","marcelino iglesias","./explore?q=marcelino%20iglesias&geo=ES"
"leverkusen - st. pauli","5k+","4 February 2026 at 00:30:00 UTC+5:30","4 February 2026 at 14:30:00 UTC+5:30","leverkusen - st. pauli,leverkusen – st. pauli,leverkusen","./explore?q=leverkusen%20-%20st.%20pauli&geo=ES"
"channing tatum","2k+","4 February 2026 at 21:30:00 UTC+5:30","6 February 2026 at 06:00:00 UTC+5:30","channing tatum","./explore?q=channing%20tatum&geo=ES"
"rodri isla de las tentaciones","5k+","1 February 2026 at 19:30:00 UTC+5:30","3 February 2026 at 06:10:00 UTC+5:30","rodri isla de las tentaciones","./explore?q=rodri%20isla%20de%20las%20tentaciones&geo=ES"
"indiana jones nintendo switch","2k+","6 February 2026 at 23:40:00 UTC+5:30","7 February 2026 at 03:40:00 UTC+5:30","indiana jones nintendo switch,nintendo direct,nintendo direct partner showcase,juegos nintendo direct","./explore?q=indiana%20jones%20nintendo%20switch&geo=ES"
"obus","2k+","2 February 2026 at 21:50:00 UTC+5:30","4 February 2026 at 04:00:00 UTC+5:30","obus","./explore?q=obus&geo=ES"
"united vs","100+","7 February 2026 at 20:10:00 UTC+5:30","7 February 2026 at 21:00:00 UTC+5:30","united vs","./explore?q=united%20vs&geo=ES"
"pasto - bucaramanga","500+","7 February 2026 at 04:30:00 UTC+5:30","7 February 2026 at 08:00:00 UTC+5:30","pasto - bucaramanga","./explore?q=pasto%20-%20bucaramanga&geo=ES"
"olympiacos - bologna","1k+","7 February 2026 at 00:50:00 UTC+5:30","7 February 2026 at 03:50:00 UTC+5:30","olympiacos - bologna","./explore?q=olympiacos%20-%20bologna&geo=ES"
"atlético madrid - athletic club","2k+","5 February 2026 at 04:10:00 UTC+5:30","5 February 2026 at 15:10:00 UTC+5:30","atlético madrid - athletic club","./explore?q=atl%C3%A9tico%20madrid%20-%20athletic%20club&geo=ES"
"milano cortina 2026","2k+","7 February 2026 at 01:20:00 UTC+5:30","7 February 2026 at 04:40:00 UTC+5:30","milano cortina 2026,olimpiadi invernali 2026,milano cortina","./explore?q=milano%20cortina%202026&geo=ES"
"banco sabadell","2k+","6 February 2026 at 01:40:00 UTC+5:30","6 February 2026 at 04:30:00 UTC+5:30","banco sabadell,marc armengol,cesar gonzalez bueno","./explore?q=banco%20sabadell&geo=ES"
"ubrique","2k+","4 February 2026 at 19:10:00 UTC+5:30","5 February 2026 at 02:40:00 UTC+5:30","ubrique","./explore?q=ubrique&geo=ES"
"diario de sevilla","5k+","4 February 2026 at 12:00:00 UTC+5:30","5 February 2026 at 11:40:00 UTC+5:30","diario de sevilla,abc sevilla,noticias sevilla,muro de defensa sevilla","./explore?q=diario%20de%20sevilla&geo=ES"
"nadal","10k+","1 February 2026 at 14:10:00 UTC+5:30","2 February 2026 at 03:30:00 UTC+5:30","nadal","./explore?q=nadal&geo=ES"
"joaquin","2k+","5 February 2026 at 02:30:00 UTC+5:30","5 February 2026 at 07:20:00 UTC+5:30","joaquin,el capitan en japon,atresmedia","./explore?q=joaquin&geo=ES"
"maura","5k+","1 February 2026 at 11:40:00 UTC+5:30","2 February 2026 at 05:30:00 UTC+5:30","maura","./explore?q=maura&geo=ES"
"mavericks - spurs","1k+","6 February 2026 at 09:40:00 UTC+5:30","6 February 2026 at 14:40:00 UTC+5:30","mavericks - spurs","./explore?q=mavericks%20-%20spurs&geo=ES"
"singapur","1k+","7 February 2026 at 00:10:00 UTC+5:30","7 February 2026 at 02:20:00 UTC+5:30","singapur","./explore?q=singapur&geo=ES"
"yeoh","1k+","6 February 2026 at 12:20:00 UTC+5:30","6 February 2026 at 19:30:00 UTC+5:30","yeoh","./explore?q=yeoh&geo=ES"
"aragon","2k+","7 February 2026 at 20:10:00 UTC+5:30","7 February 2026 at 20:40:00 UTC+5:30","aragon,elecciones aragon 2026","./explore?q=aragon&geo=ES"
"spurs - thunder","2k+","5 February 2026 at 10:00:00 UTC+5:30","5 February 2026 at 19:30:00 UTC+5:30","spurs - thunder","./explore?q=spurs%20-%20thunder&geo=ES"
"bucks - pacers","200+","7 February 2026 at 09:20:00 UTC+5:30","7 February 2026 at 14:40:00 UTC+5:30","bucks - pacers","./explore?q=bucks%20-%20pacers&geo=ES"
"bellingham","10k+","1 February 2026 at 18:40:00 UTC+5:30","2 February 2026 at 13:10:00 UTC+5:30","bellingham,lesion bellingham,jude bellingham,jude bellingham lesion,rmcf","./explore?q=bellingham&geo=ES"
"segunda temporada de fallout","2k+","4 February 2026 at 20:40:00 UTC+5:30","5 February 2026 at 15:20:00 UTC+5:30","segunda temporada de fallout,cuenta atrás fallout,fallout serie,fallout temporada 3","./explore?q=segunda%20temporada%20de%20fallout&geo=ES"
"ayudas coches eléctricos","2k+","3 February 2026 at 23:40:00 UTC+5:30","4 February 2026 at 22:50:00 UTC+5:30","ayudas coches eléctricos,ayudas autonomos coches electricos,nuevas ayudas coches electricos","./explore?q=ayudas%20coches%20el%C3%A9ctricos&geo=ES"
"parma - juventus","5k+","2 February 2026 at 00:30:00 UTC+5:30","2 February 2026 at 14:10:00 UTC+5:30","parma - juventus","./explore?q=parma%20-%20juventus&geo=ES"
"milano cortina","500+","6 February 2026 at 20:10:00 UTC+5:30","7 February 2026 at 04:20:00 UTC+5:30","milano cortina","./explore?q=milano%20cortina&geo=ES"
"anadolu efes - valencia","5k+","3 February 2026 at 22:40:00 UTC+5:30","4 February 2026 at 04:10:00 UTC+5:30","anadolu efes - valencia,valencia basket","./explore?q=anadolu%20efes%20-%20valencia&geo=ES"
"el yuyu","500+","7 February 2026 at 04:10:00 UTC+5:30","7 February 2026 at 06:20:00 UTC+5:30","el yuyu","./explore?q=el%20yuyu&geo=ES"
"gran canaria - cb canarias","2k+","5 February 2026 at 01:20:00 UTC+5:30","5 February 2026 at 06:10:00 UTC+5:30","gran canaria - cb canarias","./explore?q=gran%20canaria%20-%20cb%20canarias&geo=ES"
"lyon - losc","5k+","1 February 2026 at 19:00:00 UTC+5:30","2 February 2026 at 14:10:00 UTC+5:30","lyon - losc","./explore?q=lyon%20-%20losc&geo=ES"
"rockets - celtics","2k+","5 February 2026 at 07:30:00 UTC+5:30","5 February 2026 at 15:00:00 UTC+5:30","rockets - celtics","./explore?q=rockets%20-%20celtics&geo=ES"
"charlize theron","1k+","7 February 2026 at 03:30:00 UTC+5:30","7 February 2026 at 05:00:00 UTC+5:30","charlize theron","./explore?q=charlize%20theron&geo=ES"
"fernando ramos","1k+","7 February 2026 at 00:40:00 UTC+5:30","7 February 2026 at 02:10:00 UTC+5:30","fernando ramos,fernando pasapalabra","./explore?q=fernando%20ramos&geo=ES"
"6 de febrero","1k+","6 February 2026 at 13:00:00 UTC+5:30","7 February 2026 at 02:50:00 UTC+5:30","6 de febrero","./explore?q=6%20de%20febrero&geo=ES"
"udinese - roma","5k+","3 February 2026 at 00:30:00 UTC+5:30","3 February 2026 at 14:10:00 UTC+5:30","udinese - roma","./explore?q=udinese%20-%20roma&geo=ES"
"bbva bolsa","2k+","5 February 2026 at 14:40:00 UTC+5:30","6 February 2026 at 02:30:00 UTC+5:30","bbva bolsa,bolsa ibex 35","./explore?q=bbva%20bolsa&geo=ES"
"ter stegen","10k+","2 February 2026 at 16:50:00 UTC+5:30","2 February 2026 at 22:40:00 UTC+5:30","ter stegen,ter stegen lesionado,ter stegen girona,lesión ter stegen,ter stegen lesion","./explore?q=ter%20stegen&geo=ES"
"iker monreal","2k+","5 February 2026 at 01:20:00 UTC+5:30","5 February 2026 at 14:40:00 UTC+5:30","iker monreal","./explore?q=iker%20monreal&geo=ES"
"arcos de la frontera","1k+","5 February 2026 at 18:50:00 UTC+5:30","6 February 2026 at 03:20:00 UTC+5:30","arcos de la frontera","./explore?q=arcos%20de%20la%20frontera&geo=ES"
"ana duato","1k+","7 February 2026 at 02:30:00 UTC+5:30","7 February 2026 at 04:50:00 UTC+5:30","ana duato,cuentame","./explore?q=ana%20duato&geo=ES"
"india vs south africa","2k+","4 February 2026 at 18:50:00 UTC+5:30","5 February 2026 at 03:10:00 UTC+5:30","india vs south africa,ind vs sa","./explore?q=india%20vs%20south%20africa&geo=ES"
"roberto bautista","500+","7 February 2026 at 16:10:00 UTC+5:30","7 February 2026 at 17:10:00 UTC+5:30","roberto bautista","./explore?q=roberto%20bautista&geo=ES"
"grammy","2k+","2 February 2026 at 03:30:00 UTC+5:30","2 February 2026 at 22:10:00 UTC+5:30","grammy","./explore?q=grammy&geo=ES"
"barcelona - sevilla","10k+","1 February 2026 at 23:30:00 UTC+5:30","2 February 2026 at 06:00:00 UTC+5:30","barcelona - sevilla,fc barcelona - sevilla,primera división femenina","./explore?q=barcelona%20-%20sevilla&geo=ES"
"juan carlos ferrero","2k+","5 February 2026 at 21:00:00 UTC+5:30","6 February 2026 at 06:00:00 UTC+5:30","juan carlos ferrero","./explore?q=juan%20carlos%20ferrero&geo=ES"
"anadolu efes - žalgiris","500+","6 February 2026 at 23:00:00 UTC+5:30","7 February 2026 at 01:40:00 UTC+5:30","anadolu efes - žalgiris","./explore?q=anadolu%20efes%20-%20%C5%BEalgiris&geo=ES"
"franjo von allmen","200+","7 February 2026 at 17:20:00 UTC+5:30","7 February 2026 at 18:20:00 UTC+5:30","franjo von allmen","./explore?q=franjo%20von%20allmen&geo=ES"
"san ricardo","200+","7 February 2026 at 14:40:00 UTC+5:30","7 February 2026 at 16:00:00 UTC+5:30","san ricardo","./explore?q=san%20ricardo&geo=ES"
"la ciudad de las luces muertas","2k+","4 February 2026 at 19:30:00 UTC+5:30","5 February 2026 at 12:40:00 UTC+5:30","la ciudad de las luces muertas,la península de las casas vacías","./explore?q=la%20ciudad%20de%20las%20luces%20muertas&geo=ES"
"copa italia","2k+","6 February 2026 at 02:10:00 UTC+5:30","6 February 2026 at 04:50:00 UTC+5:30","copa italia,atalanta","./explore?q=copa%20italia&geo=ES"
"complemento apoyo empleo sepe","2k+","4 February 2026 at 17:10:00 UTC+5:30","5 February 2026 at 00:50:00 UTC+5:30","complemento apoyo empleo sepe","./explore?q=complemento%20apoyo%20empleo%20sepe&geo=ES"
"alvaro nuñez","2k+","3 February 2026 at 02:20:00 UTC+5:30","3 February 2026 at 20:10:00 UTC+5:30","alvaro nuñez,urko izeta,álvaro núñez","./explore?q=alvaro%20nu%C3%B1ez&geo=ES"
"casa pia - porto","2k+","3 February 2026 at 01:40:00 UTC+5:30","3 February 2026 at 14:10:00 UTC+5:30","casa pia - porto,primeira liga,porto","./explore?q=casa%20pia%20-%20porto&geo=ES"
"justin bieber","2k+","2 February 2026 at 11:30:00 UTC+5:30","3 February 2026 at 12:50:00 UTC+5:30","justin bieber","./explore?q=justin%20bieber&geo=ES"
"joaquin sanchez","5k+","5 February 2026 at 02:40:00 UTC+5:30","5 February 2026 at 07:00:00 UTC+5:30","joaquin sanchez,susana saborido edad,salma sanchez saborido,hijas de joaquin,daniela sanchez saborido,joaquin betis,edad hijas de joaquin,edad joaquin betis,edad hijas joaquin sanchez,hijas de joaquin betis","./explore?q=joaquin%20sanchez&geo=ES"
"venus williams","500+","7 February 2026 at 06:20:00 UTC+5:30","7 February 2026 at 08:40:00 UTC+5:30","venus williams","./explore?q=venus%20williams&geo=ES"
"gemini","20k+","4 February 2026 at 02:10:00 UTC+5:30","4 February 2026 at 04:10:00 UTC+5:30","gemini","./explore?q=gemini&geo=ES"
"rodrygo","500+","6 February 2026 at 21:20:00 UTC+5:30","7 February 2026 at 02:10:00 UTC+5:30","rodrygo","./explore?q=rodrygo&geo=ES"
"castellón - fc andorra","10k+","1 February 2026 at 22:10:00 UTC+5:30","2 February 2026 at 05:10:00 UTC+5:30","castellón - fc andorra,cd castellon,castellon cf","./explore?q=castell%C3%B3n%20-%20fc%20andorra&geo=ES"
"volkanovski","5k+","1 February 2026 at 04:00:00 UTC+5:30","1 February 2026 at 22:00:00 UTC+5:30","volkanovski,volkanovski vs lopes 2,diego lopes,ufc,alexander volkanovski","./explore?q=volkanovski&geo=ES"
"lluvias fuertes españa","5k+","1 February 2026 at 04:50:00 UTC+5:30","1 February 2026 at 19:00:00 UTC+5:30","lluvias fuertes españa","./explore?q=lluvias%20fuertes%20espa%C3%B1a&geo=ES"
"cumpleaños cristiano ronaldo","1k+","5 February 2026 at 05:10:00 UTC+5:30","5 February 2026 at 21:00:00 UTC+5:30","cumpleaños cristiano ronaldo","./explore?q=cumplea%C3%B1os%20cristiano%20ronaldo&geo=ES"
"sunderland afc - burnley","5k+","3 February 2026 at 00:40:00 UTC+5:30","3 February 2026 at 13:40:00 UTC+5:30","sunderland afc - burnley,sunderland vs burnley,sunderland","./explore?q=sunderland%20afc%20-%20burnley&geo=ES"
"declaracion renta 2026","5k+","3 February 2026 at 16:30:00 UTC+5:30","3 February 2026 at 22:30:00 UTC+5:30","declaracion renta 2026,declaración de la renta","./explore?q=declaracion%20renta%202026&geo=ES"
"acciones bbva hoy","2k+","5 February 2026 at 17:20:00 UTC+5:30","5 February 2026 at 21:40:00 UTC+5:30","acciones bbva hoy","./explore?q=acciones%20bbva%20hoy&geo=ES"
"mostoles","2k+","6 February 2026 at 20:40:00 UTC+5:30","7 February 2026 at 02:50:00 UTC+5:30","mostoles,alcalde de móstoles,ana millan,concejala mostoles,alfonso serrano,alcalde de mostoles","./explore?q=mostoles&geo=ES"
"meces","500+","6 February 2026 at 18:20:00 UTC+5:30","6 February 2026 at 22:00:00 UTC+5:30","meces","./explore?q=meces&geo=ES"
"eurosport","10k+","1 February 2026 at 12:40:00 UTC+5:30","1 February 2026 at 18:30:00 UTC+5:30","eurosport,eurosport en directo","./explore?q=eurosport&geo=ES"
"sanseverina lazar","2k+","2 February 2026 at 21:00:00 UTC+5:30","4 February 2026 at 14:40:00 UTC+5:30","sanseverina lazar","./explore?q=sanseverina%20lazar&geo=ES"
"cremonese - inter","5k+","1 February 2026 at 21:40:00 UTC+5:30","2 February 2026 at 05:10:00 UTC+5:30","cremonese - inter","./explore?q=cremonese%20-%20inter&geo=ES"
"virus nipah oms","2k+","4 February 2026 at 01:00:00 UTC+5:30","4 February 2026 at 11:40:00 UTC+5:30","virus nipah oms,virus nipah tailandia,virus nipah india oms","./explore?q=virus%20nipah%20oms&geo=ES"
"mariam hernández","2k+","6 February 2026 at 03:50:00 UTC+5:30","6 February 2026 at 06:00:00 UTC+5:30","mariam hernández","./explore?q=mariam%20hern%C3%A1ndez&geo=ES"
"lucy letby","1k+","7 February 2026 at 02:40:00 UTC+5:30","7 February 2026 at 04:40:00 UTC+5:30","lucy letby","./explore?q=lucy%20letby&geo=ES"
"aga khan","500+","6 February 2026 at 21:30:00 UTC+5:30","7 February 2026 at 01:00:00 UTC+5:30","aga khan","./explore?q=aga%20khan&geo=ES"
"bristol","500+","7 February 2026 at 03:30:00 UTC+5:30","7 February 2026 at 05:10:00 UTC+5:30","bristol","./explore?q=bristol&geo=ES"
"mavericks - celtics","2k+","4 February 2026 at 08:10:00 UTC+5:30","4 February 2026 at 15:40:00 UTC+5:30","mavericks - celtics","./explore?q=mavericks%20-%20celtics&geo=ES"
"cuti romero","100+","7 February 2026 at 19:20:00 UTC+5:30","7 February 2026 at 19:50:00 UTC+5:30","cuti romero","./explore?q=cuti%20romero&geo=ES"
"atp ranking","2k+","1 February 2026 at 15:50:00 UTC+5:30","2 February 2026 at 15:20:00 UTC+5:30","atp ranking","./explore?q=atp%20ranking&geo=ES"
"bitcoin usd","1k+","5 February 2026 at 21:40:00 UTC+5:30","6 February 2026 at 14:30:00 UTC+5:30","bitcoin usd","./explore?q=bitcoin%20usd&geo=ES"
"knicks - lakers","2k+","2 February 2026 at 05:10:00 UTC+5:30","2 February 2026 at 15:30:00 UTC+5:30","knicks - lakers","./explore?q=knicks%20-%20lakers&geo=ES"
"pitingo","2k+","7 February 2026 at 00:30:00 UTC+5:30","7 February 2026 at 01:40:00 UTC+5:30","pitingo,cuatro","./explore?q=pitingo&geo=ES"
"daniela requena","1k+","6 February 2026 at 22:50:00 UTC+5:30","7 February 2026 at 00:10:00 UTC+5:30","daniela requena","./explore?q=daniela%20requena&geo=ES"
"lady gaga","100+","7 February 2026 at 19:30:00 UTC+5:30","7 February 2026 at 20:00:00 UTC+5:30","lady gaga","./explore?q=lady%20gaga&geo=ES"
"marsella - rennes","2k+","4 February 2026 at 01:00:00 UTC+5:30","4 February 2026 at 06:10:00 UTC+5:30","marsella - rennes","./explore?q=marsella%20-%20rennes&geo=ES"
"fcsb - botoșani","2k+","6 February 2026 at 00:00:00 UTC+5:30","6 February 2026 at 03:10:00 UTC+5:30","fcsb - botoșani,fcsb - botoşani","./explore?q=fcsb%20-%20boto%C8%99ani&geo=ES"
"candelaria","2k+","2 February 2026 at 12:00:00 UTC+5:30","3 February 2026 at 02:40:00 UTC+5:30","candelaria","./explore?q=candelaria&geo=ES"
"edad djokovic","5k+","1 February 2026 at 14:20:00 UTC+5:30","1 February 2026 at 20:40:00 UTC+5:30","edad djokovic,djokovic edad,edad de djokovic","./explore?q=edad%20djokovic&geo=ES"
"saih guadalquivir","1k+","4 February 2026 at 13:10:00 UTC+5:30","5 February 2026 at 14:40:00 UTC+5:30","saih guadalquivir","./explore?q=saih%20guadalquivir&geo=ES"
"atleti","2k+","6 February 2026 at 02:10:00 UTC+5:30","6 February 2026 at 04:20:00 UTC+5:30","atleti","./explore?q=atleti&geo=ES"
"serena williams","200+","7 February 2026 at 06:20:00 UTC+5:30","7 February 2026 at 08:40:00 UTC+5:30","serena williams","./explore?q=serena%20williams&geo=ES"
"bonoloto 6 febrero 2026","1k+","7 February 2026 at 03:00:00 UTC+5:30","7 February 2026 at 13:30:00 UTC+5:30","bonoloto 6 febrero 2026,bonoloto 5 febrero 2026,bonoloto 6 de febrero","./explore?q=bonoloto%206%20febrero%202026&geo=ES"
"barça femeni","1k+","6 February 2026 at 02:00:00 UTC+5:30","6 February 2026 at 12:50:00 UTC+5:30","barça femeni,fcb femeni","./explore?q=bar%C3%A7a%20femeni&geo=ES"
"los gipsy kings","2k+","5 February 2026 at 03:10:00 UTC+5:30","6 February 2026 at 03:10:00 UTC+5:30","los gipsy kings,cuatro en directo","./explore?q=los%20gipsy%20kings&geo=ES"
"celtics - bucks","2k+","2 February 2026 at 01:50:00 UTC+5:30","2 February 2026 at 14:30:00 UTC+5:30","celtics - bucks","./explore?q=celtics%20-%20bucks&geo=ES"
"bill gates","2k+","4 February 2026 at 02:30:00 UTC+5:30","5 February 2026 at 06:20:00 UTC+5:30","bill gates","./explore?q=bill%20gates&geo=ES"
"benin","1k+","7 February 2026 at 01:20:00 UTC+5:30","7 February 2026 at 02:30:00 UTC+5:30","benin","./explore?q=benin&geo=ES"
"flamengo - internacional","1k+","5 February 2026 at 02:50:00 UTC+5:30","5 February 2026 at 12:40:00 UTC+5:30","flamengo - internacional","./explore?q=flamengo%20-%20internacional&geo=ES"
"canal sur","2k+","4 February 2026 at 19:00:00 UTC+5:30","5 February 2026 at 02:10:00 UTC+5:30","canal sur,canalsur","./explore?q=canal%20sur&geo=ES"
"rfef","1k+","6 February 2026 at 17:30:00 UTC+5:30","6 February 2026 at 19:40:00 UTC+5:30","rfef","./explore?q=rfef&geo=ES"
"bonoloto","20k+","1 February 2026 at 02:40:00 UTC+5:30","1 February 2026 at 05:30:00 UTC+5:30","bonoloto,bonoloto hoy,bonoloto de hoy,bonoloto 2 febrero 2026,bonoloto 4 febrero 2026,bonoloto hoy: comprobar,resultados bonoloto,bonoloto comprobar,bonoloto 3 de febrero,bonoloto 4 de febrero,bonoloto 1 febrero 2026,bonoloto de hoy sábado,bonoloto 2 de febrero,sorteo bonoloto hoy,resultado bonoloto hoy,resultado bonoloto,bonoloto 1 de febrero,bonoloto 31 de enero","./explore?q=bonoloto&geo=ES"
"millonarios - medellín","2k+","2 February 2026 at 07:00:00 UTC+5:30","3 February 2026 at 04:40:00 UTC+5:30","millonarios - medellín","./explore?q=millonarios%20-%20medell%C3%ADn&geo=ES"
"barakaldo c.f. - cf talavera","500+","7 February 2026 at 03:30:00 UTC+5:30","7 February 2026 at 05:10:00 UTC+5:30","barakaldo c.f. - cf talavera","./explore?q=barakaldo%20c.f.%20-%20cf%20talavera&geo=ES"
"dávid hancko","2k+","6 February 2026 at 01:40:00 UTC+5:30","6 February 2026 at 04:20:00 UTC+5:30","dávid hancko,hancko","./explore?q=d%C3%A1vid%20hancko&geo=ES"
"sporting lisboa - nacional","5k+","1 February 2026 at 22:40:00 UTC+5:30","2 February 2026 at 05:10:00 UTC+5:30","sporting lisboa - nacional","./explore?q=sporting%20lisboa%20-%20nacional&geo=ES"
"curling","1k+","4 February 2026 at 13:30:00 UTC+5:30","5 February 2026 at 19:10:00 UTC+5:30","curling","./explore?q=curling&geo=ES"
"cris contra el cancer","5k+","3 February 2026 at 03:10:00 UTC+5:30","4 February 2026 at 04:30:00 UTC+5:30","cris contra el cancer,mariano barbacid,barbacid,doctor barbacid,doctor mariano barbacid,dr mariano barbacid","./explore?q=cris%20contra%20el%20cancer&geo=ES"
"salario mínimo","2k+","1 February 2026 at 04:50:00 UTC+5:30","1 February 2026 at 18:40:00 UTC+5:30","salario mínimo","./explore?q=salario%20m%C3%ADnimo&geo=ES"
"deportivo - real madrid c. f. femenino","5k+","1 February 2026 at 19:20:00 UTC+5:30","2 February 2026 at 00:50:00 UTC+5:30","deportivo - real madrid c. f. femenino","./explore?q=deportivo%20-%20real%20madrid%20c.%20f.%20femenino&geo=ES"
"estrella morente","500+","6 February 2026 at 20:30:00 UTC+5:30","7 February 2026 at 01:10:00 UTC+5:30","estrella morente","./explore?q=estrella%20morente&geo=ES"
"como - atalanta","5k+","1 February 2026 at 18:50:00 UTC+5:30","2 February 2026 at 01:20:00 UTC+5:30","como - atalanta","./explore?q=como%20-%20atalanta&geo=ES"
"linea 6","1k+","6 February 2026 at 12:10:00 UTC+5:30","6 February 2026 at 14:30:00 UTC+5:30","linea 6,linea 6 metro madrid,metro madrid","./explore?q=linea%206&geo=ES"
"susana saborido","2k+","5 February 2026 at 02:40:00 UTC+5:30","5 February 2026 at 07:10:00 UTC+5:30","susana saborido,hijas de joaquin sanchez","./explore?q=susana%20saborido&geo=ES"
"palmeiras - vitória","1k+","5 February 2026 at 06:50:00 UTC+5:30","5 February 2026 at 14:50:00 UTC+5:30","palmeiras - vitória","./explore?q=palmeiras%20-%20vit%C3%B3ria&geo=ES"
"barca hoy","10k+","4 February 2026 at 02:30:00 UTC+5:30","4 February 2026 at 04:30:00 UTC+5:30","barca hoy,lamine yamal","./explore?q=barca%20hoy&geo=ES"
"west indies vs scotland","100+","7 February 2026 at 16:00:00 UTC+5:30","7 February 2026 at 17:00:00 UTC+5:30","west indies vs scotland","./explore?q=west%20indies%20vs%20scotland&geo=ES"
"aston villa - brentford","5k+","1 February 2026 at 18:40:00 UTC+5:30","2 February 2026 at 01:20:00 UTC+5:30","aston villa - brentford,aston villa vs brentford,aston villa","./explore?q=aston%20villa%20-%20brentford&geo=ES"
"boyomo","200+","7 February 2026 at 03:30:00 UTC+5:30","7 February 2026 at 06:20:00 UTC+5:30","boyomo","./explore?q=boyomo&geo=ES"
"alberto tomba","500+","7 February 2026 at 03:50:00 UTC+5:30","7 February 2026 at 05:10:00 UTC+5:30","alberto tomba","./explore?q=alberto%20tomba&geo=ES"
"alvaro bulto","1k+","7 February 2026 at 02:00:00 UTC+5:30","7 February 2026 at 03:20:00 UTC+5:30","alvaro bulto","./explore?q=alvaro%20bulto&geo=ES"
"caida oro plata","2k+","2 February 2026 at 18:40:00 UTC+5:30","3 February 2026 at 01:50:00 UTC+5:30","caida oro plata","./explore?q=caida%20oro%20plata&geo=ES"
"pedro pascal","5k+","4 February 2026 at 02:30:00 UTC+5:30","4 February 2026 at 05:10:00 UTC+5:30","pedro pascal","./explore?q=pedro%20pascal&geo=ES"
"rio guadalete","2k+","5 February 2026 at 18:00:00 UTC+5:30","6 February 2026 at 02:50:00 UTC+5:30","rio guadalete,guadalete,jerez","./explore?q=rio%20guadalete&geo=ES"
"trasplante de cara","2k+","2 February 2026 at 19:30:00 UTC+5:30","3 February 2026 at 20:20:00 UTC+5:30","trasplante de cara","./explore?q=trasplante%20de%20cara&geo=ES"
"juego de ladrones el atraco perfecto","5k+","2 February 2026 at 01:00:00 UTC+5:30","2 February 2026 at 06:10:00 UTC+5:30","juego de ladrones el atraco perfecto,juego de ladrones,el atraco perfecto","./explore?q=juego%20de%20ladrones%20el%20atraco%20perfecto&geo=ES"
"galatasaray - istanbulspor","2k+","4 February 2026 at 22:50:00 UTC+5:30","5 February 2026 at 02:20:00 UTC+5:30","galatasaray - istanbulspor","./explore?q=galatasaray%20-%20istanbulspor&geo=ES"
"grizzlies - timberwolves","2k+","3 February 2026 at 07:30:00 UTC+5:30","4 February 2026 at 05:30:00 UTC+5:30","grizzlies - timberwolves","./explore?q=grizzlies%20-%20timberwolves&geo=ES"
"nacional vs inter de miami","5k+","1 February 2026 at 03:10:00 UTC+5:30","1 February 2026 at 16:40:00 UTC+5:30","nacional vs inter de miami,inter miami,atlético nacional,atlético nacional vs inter de miami,inter miami vs atletico nacional,inter de miami,rcn en vivo","./explore?q=nacional%20vs%20inter%20de%20miami&geo=ES"
"expulsado gran hermano","2k+","6 February 2026 at 11:30:00 UTC+5:30","6 February 2026 at 14:00:00 UTC+5:30","expulsado gran hermano,antonio canales,que le ha pasado a anita en gh,anita williams,belén rodríguez","./explore?q=expulsado%20gran%20hermano&geo=ES"
"kirsty coventry","500+","7 February 2026 at 03:10:00 UTC+5:30","7 February 2026 at 04:30:00 UTC+5:30","kirsty coventry","./explore?q=kirsty%20coventry&geo=ES"
"cb canarias - baskonia","5k+","1 February 2026 at 22:10:00 UTC+5:30","2 February 2026 at 03:50:00 UTC+5:30","cb canarias - baskonia","./explore?q=cb%20canarias%20-%20baskonia&geo=ES"
"psv - heerenveen","1k+","5 February 2026 at 01:20:00 UTC+5:30","5 February 2026 at 05:50:00 UTC+5:30","psv - heerenveen","./explore?q=psv%20-%20heerenveen&geo=ES"
"fallece roque de las heras","2k+","5 February 2026 at 01:50:00 UTC+5:30","5 February 2026 at 04:40:00 UTC+5:30","fallece roque de las heras,roque de las heras","./explore?q=fallece%20roque%20de%20las%20heras&geo=ES"
"wwe royal rumble 2026","2k+","1 February 2026 at 04:40:00 UTC+5:30","1 February 2026 at 18:40:00 UTC+5:30","wwe royal rumble 2026,royal rumble 2026","./explore?q=wwe%20royal%20rumble%202026&geo=ES"
"clippers - cavaliers","1k+","5 February 2026 at 11:10:00 UTC+5:30","5 February 2026 at 15:00:00 UTC+5:30","clippers - cavaliers","./explore?q=clippers%20-%20cavaliers&geo=ES"
"vallejo","5k+","4 February 2026 at 02:00:00 UTC+5:30","4 February 2026 at 04:40:00 UTC+5:30","vallejo,jesús vallejo,vallejo albacete,jesus vallejo","./explore?q=vallejo&geo=ES"
"dispatch nintendo switch","2k+","1 February 2026 at 05:30:00 UTC+5:30","2 February 2026 at 00:30:00 UTC+5:30","dispatch nintendo switch,dispatch switch,nintendo switch","./explore?q=dispatch%20nintendo%20switch&geo=ES"
"knicks - nuggets","1k+","5 February 2026 at 06:30:00 UTC+5:30","5 February 2026 at 14:40:00 UTC+5:30","knicks - nuggets","./explore?q=knicks%20-%20nuggets&geo=ES"
"marwan","2k+","5 February 2026 at 00:40:00 UTC+5:30","5 February 2026 at 02:30:00 UTC+5:30","marwan","./explore?q=marwan&geo=ES"
"umar sadiq","2k+","5 February 2026 at 02:00:00 UTC+5:30","5 February 2026 at 05:00:00 UTC+5:30","umar sadiq","./explore?q=umar%20sadiq&geo=ES"
"livigno","500+","7 February 2026 at 01:50:00 UTC+5:30","7 February 2026 at 03:30:00 UTC+5:30","livigno","./explore?q=livigno&geo=ES"
"fenerbahçe - erzurumspor","1k+","5 February 2026 at 22:40:00 UTC+5:30","6 February 2026 at 02:00:00 UTC+5:30","fenerbahçe - erzurumspor","./explore?q=fenerbah%C3%A7e%20-%20erzurumspor&geo=ES"
"sara carbonero","2k+","7 February 2026 at 00:20:00 UTC+5:30","7 February 2026 at 01:40:00 UTC+5:30","sara carbonero","./explore?q=sara%20carbonero&geo=ES"
"rick astley","500+","6 February 2026 at 14:40:00 UTC+5:30","7 February 2026 at 02:20:00 UTC+5:30","rick astley","./explore?q=rick%20astley&geo=ES"
"olimpia milano - baskonia","2k+","4 February 2026 at 00:40:00 UTC+5:30","4 February 2026 at 05:00:00 UTC+5:30","olimpia milano - baskonia","./explore?q=olimpia%20milano%20-%20baskonia&geo=ES"
"santos - são paulo","1k+","5 February 2026 at 04:20:00 UTC+5:30","5 February 2026 at 13:10:00 UTC+5:30","santos - são paulo,são paulo - santos","./explore?q=santos%20-%20s%C3%A3o%20paulo&geo=ES"
"tve directo","2k+","4 February 2026 at 01:10:00 UTC+5:30","4 February 2026 at 04:30:00 UTC+5:30","tve directo","./explore?q=tve%20directo&geo=ES"
"euromillones 6 febrero 2026","100+","7 February 2026 at 15:10:00 UTC+5:30","7 February 2026 at 16:10:00 UTC+5:30","euromillones 6 febrero 2026","./explore?q=euromillones%206%20febrero%202026&geo=ES"
"tv3","2k+","4 February 2026 at 01:10:00 UTC+5:30","4 February 2026 at 04:10:00 UTC+5:30","tv3","./explore?q=tv3&geo=ES"
"nora navas","200+","7 February 2026 at 05:20:00 UTC+5:30","7 February 2026 at 06:50:00 UTC+5:30","nora navas","./explore?q=nora%20navas&geo=ES"
"daniela requena","2k+","5 February 2026 at 22:40:00 UTC+5:30","6 February 2026 at 00:00:00 UTC+5:30","daniela requena","./explore?q=daniela%20requena&geo=ES"
"kings - grizzlies","1k+","5 February 2026 at 11:00:00 UTC+5:30","5 February 2026 at 15:00:00 UTC+5:30","kings - grizzlies","./explore?q=kings%20-%20grizzlies&geo=ES"
"fichajes","5k+","3 February 2026 at 01:30:00 UTC+5:30","3 February 2026 at 13:00:00 UTC+5:30","fichajes,mercado de fichajes,fichajes atlético madrid,futbol fichajes,ultimos fichajes,la liga fichajes","./explore?q=fichajes&geo=ES"
"lille fc","200+","7 February 2026 at 01:40:00 UTC+5:30","7 February 2026 at 04:00:00 UTC+5:30","lille fc","./explore?q=lille%20fc&geo=ES"
"six nations","1k+","6 February 2026 at 01:20:00 UTC+5:30","6 February 2026 at 05:00:00 UTC+5:30","six nations,6 nations","./explore?q=six%20nations&geo=ES"
"webster bank","1k+","4 February 2026 at 00:10:00 UTC+5:30","4 February 2026 at 21:00:00 UTC+5:30","webster bank","./explore?q=webster%20bank&geo=ES"
"ripoll","500+","7 February 2026 at 02:20:00 UTC+5:30","7 February 2026 at 03:50:00 UTC+5:30","ripoll","./explore?q=ripoll&geo=ES"
"mónaco - rennes","5k+","1 February 2026 at 00:50:00 UTC+5:30","1 February 2026 at 07:00:00 UTC+5:30","mónaco - rennes","./explore?q=m%C3%B3naco%20-%20rennes&geo=ES"
"meet","2k+","4 February 2026 at 12:50:00 UTC+5:30","4 February 2026 at 21:30:00 UTC+5:30","meet","./explore?q=meet&geo=ES"
"nottingham forest - crystal palace","5k+","1 February 2026 at 18:50:00 UTC+5:30","2 February 2026 at 01:00:00 UTC+5:30","nottingham forest - crystal palace,nottm forest vs crystal palace","./explore?q=nottingham%20forest%20-%20crystal%20palace&geo=ES"
"dortmund - heidenheim","5k+","1 February 2026 at 21:20:00 UTC+5:30","2 February 2026 at 03:00:00 UTC+5:30","dortmund - heidenheim,dortmund – heidenheim,dortmund,borussia dortmund","./explore?q=dortmund%20-%20heidenheim&geo=ES"
"kaori sakamoto","200+","6 February 2026 at 20:20:00 UTC+5:30","6 February 2026 at 23:00:00 UTC+5:30","kaori sakamoto","./explore?q=kaori%20sakamoto&geo=ES"
"noor ben yessef","2k+","2 February 2026 at 12:40:00 UTC+5:30","3 February 2026 at 13:50:00 UTC+5:30","noor ben yessef","./explore?q=noor%20ben%20yessef&geo=ES"
"eritrea","500+","7 February 2026 at 01:40:00 UTC+5:30","7 February 2026 at 02:50:00 UTC+5:30","eritrea","./explore?q=eritrea&geo=ES"
"youth league","1k+","3 February 2026 at 21:00:00 UTC+5:30","4 February 2026 at 04:20:00 UTC+5:30","youth league","./explore?q=youth%20league&geo=ES"
"weather tomorrow","5k+","5 February 2026 at 01:20:00 UTC+5:30","5 February 2026 at 03:20:00 UTC+5:30","weather tomorrow","./explore?q=weather%20tomorrow&geo=ES"
"elisa beni","200+","7 February 2026 at 03:00:00 UTC+5:30","7 February 2026 at 04:50:00 UTC+5:30","elisa beni","./explore?q=elisa%20beni&geo=ES"
"benalua de las villas","1k+","4 February 2026 at 19:30:00 UTC+5:30","5 February 2026 at 01:40:00 UTC+5:30","benalua de las villas","./explore?q=benalua%20de%20las%20villas&geo=ES"
"predazzo","200+","7 February 2026 at 01:50:00 UTC+5:30","7 February 2026 at 03:20:00 UTC+5:30","predazzo","./explore?q=predazzo&geo=ES"
"arturo valls","2k+","5 February 2026 at 02:40:00 UTC+5:30","5 February 2026 at 04:50:00 UTC+5:30","arturo valls","./explore?q=arturo%20valls&geo=ES"
"rockets - hornets","500+","6 February 2026 at 10:30:00 UTC+5:30","6 February 2026 at 14:10:00 UTC+5:30","rockets - hornets","./explore?q=rockets%20-%20hornets&geo=ES"
"entrenador alcaraz","5k+","1 February 2026 at 14:50:00 UTC+5:30","1 February 2026 at 20:40:00 UTC+5:30","entrenador alcaraz,samuel lopez,samu lopez,entrenador carlos alcaraz,entrenador de alcaraz,entrenador de carlos alcaraz","./explore?q=entrenador%20alcaraz&geo=ES"
"cómo va el betis","1k+","6 February 2026 at 02:10:00 UTC+5:30","6 February 2026 at 04:20:00 UTC+5:30","cómo va el betis","./explore?q=c%C3%B3mo%20va%20el%20betis&geo=ES"
"aemet granada","2k+","3 February 2026 at 11:50:00 UTC+5:30","3 February 2026 at 21:50:00 UTC+5:30","aemet granada,ugr,universidad de sevilla","./explore?q=aemet%20granada&geo=ES"
"marc pubill","500+","6 February 2026 at 01:40:00 UTC+5:30","6 February 2026 at 04:30:00 UTC+5:30","marc pubill","./explore?q=marc%20pubill&geo=ES"
"anthony davis","1k+","5 February 2026 at 01:00:00 UTC+5:30","5 February 2026 at 05:40:00 UTC+5:30","anthony davis,cooper flagg","./explore?q=anthony%20davis&geo=ES"
"huelga autobuses coruña","2k+","2 February 2026 at 18:50:00 UTC+5:30","3 February 2026 at 02:40:00 UTC+5:30","huelga autobuses coruña,huelga transportes","./explore?q=huelga%20autobuses%20coru%C3%B1a&geo=ES"
"maría hervás","100+","7 February 2026 at 14:10:00 UTC+5:30","7 February 2026 at 15:10:00 UTC+5:30","maría hervás","./explore?q=mar%C3%ADa%20herv%C3%A1s&geo=ES"
"cristiano ronaldo","2k+","2 February 2026 at 21:20:00 UTC+5:30","4 February 2026 at 07:00:00 UTC+5:30","cristiano ronaldo,primera división de arabia saudita","./explore?q=cristiano%20ronaldo&geo=ES"
"tve","2k+","4 February 2026 at 01:10:00 UTC+5:30","4 February 2026 at 04:30:00 UTC+5:30","tve","./explore?q=tve&geo=ES"
"bad bunny grammys","2k+","2 February 2026 at 13:30:00 UTC+5:30","3 February 2026 at 05:40:00 UTC+5:30","bad bunny grammys,ice,premios grammy 2026 bad bunny","./explore?q=bad%20bunny%20grammys&geo=ES"
"araujo","2k+","4 February 2026 at 02:00:00 UTC+5:30","4 February 2026 at 05:00:00 UTC+5:30","araujo,cronología de albacete balompié contra fc barcelona,barca vs","./explore?q=araujo&geo=ES"
"la 1 directo","2k+","4 February 2026 at 01:20:00 UTC+5:30","4 February 2026 at 04:30:00 UTC+5:30","la 1 directo,tve 1 en directo","./explore?q=la%201%20directo&geo=ES"
"bahía - fluminense","500+","6 February 2026 at 03:10:00 UTC+5:30","6 February 2026 at 06:10:00 UTC+5:30","bahía - fluminense","./explore?q=bah%C3%ADa%20-%20fluminense&geo=ES"
"elche – barcelone","2k+","1 February 2026 at 00:40:00 UTC+5:30","1 February 2026 at 09:10:00 UTC+5:30","elche – barcelone","./explore?q=elche%20%E2%80%93%20barcelone&geo=ES"
"manresa - unicaja","2k+","1 February 2026 at 16:20:00 UTC+5:30","1 February 2026 at 21:50:00 UTC+5:30","manresa - unicaja","./explore?q=manresa%20-%20unicaja&geo=ES"
"kim kardashian","2k+","2 February 2026 at 23:40:00 UTC+5:30","3 February 2026 at 23:50:00 UTC+5:30","kim kardashian,lewis hamilton","./explore?q=kim%20kardashian&geo=ES"
"sabrina carpenter","1k+","2 February 2026 at 12:50:00 UTC+5:30","3 February 2026 at 06:10:00 UTC+5:30","sabrina carpenter","./explore?q=sabrina%20carpenter&geo=ES"
"cuenca del genil","1k+","5 February 2026 at 00:40:00 UTC+5:30","5 February 2026 at 03:30:00 UTC+5:30","cuenca del genil","./explore?q=cuenca%20del%20genil&geo=ES"
"la luna llena","2k+","1 February 2026 at 21:40:00 UTC+5:30","2 February 2026 at 13:30:00 UTC+5:30","la luna llena,luna llena","./explore?q=la%20luna%20llena&geo=ES"
"rio mundo","200+","7 February 2026 at 00:40:00 UTC+5:30","7 February 2026 at 02:30:00 UTC+5:30","rio mundo","./explore?q=rio%20mundo&geo=ES"
"game españa","200+","7 February 2026 at 04:10:00 UTC+5:30","7 February 2026 at 05:30:00 UTC+5:30","game españa","./explore?q=game%20espa%C3%B1a&geo=ES"
"pedro escudero","2k+","5 February 2026 at 22:30:00 UTC+5:30","5 February 2026 at 23:50:00 UTC+5:30","pedro escudero,pedro escudero inversor","./explore?q=pedro%20escudero&geo=ES"
"giuliano simeone","1k+","6 February 2026 at 02:00:00 UTC+5:30","6 February 2026 at 04:10:00 UTC+5:30","giuliano simeone","./explore?q=giuliano%20simeone&geo=ES"
"airbus a220","2k+","2 February 2026 at 23:20:00 UTC+5:30","3 February 2026 at 03:40:00 UTC+5:30","airbus a220","./explore?q=airbus%20a220&geo=ES"
"jerez de los caballeros","500+","5 February 2026 at 19:40:00 UTC+5:30","6 February 2026 at 03:10:00 UTC+5:30","jerez de los caballeros","./explore?q=jerez%20de%20los%20caballeros&geo=ES"
"raptors - bulls","500+","6 February 2026 at 11:30:00 UTC+5:30","6 February 2026 at 15:10:00 UTC+5:30","raptors - bulls","./explore?q=raptors%20-%20bulls&geo=ES"
"guillermo furiase","1k+","6 February 2026 at 03:40:00 UTC+5:30","6 February 2026 at 05:00:00 UTC+5:30","guillermo furiase","./explore?q=guillermo%20furiase&geo=ES"
"ashes of creation","2k+","1 February 2026 at 14:50:00 UTC+5:30","2 February 2026 at 02:30:00 UTC+5:30","ashes of creation","./explore?q=ashes%20of%20creation&geo=ES"
"dario barrio","500+","7 February 2026 at 02:10:00 UTC+5:30","7 February 2026 at 03:10:00 UTC+5:30","dario barrio","./explore?q=dario%20barrio&geo=ES"
"b","200+","7 February 2026 at 07:40:00 UTC+5:30","7 February 2026 at 12:20:00 UTC+5:30","b","./explore?q=b&geo=ES"
"diario de jerez","200+","7 February 2026 at 14:10:00 UTC+5:30","7 February 2026 at 14:50:00 UTC+5:30","diario de jerez","./explore?q=diario%20de%20jerez&geo=ES"
"efe korkut","2k+","1 February 2026 at 17:40:00 UTC+5:30","2 February 2026 at 01:40:00 UTC+5:30","efe korkut","./explore?q=efe%20korkut&geo=ES"
"athletic club","5k+","2 February 2026 at 02:10:00 UTC+5:30","2 February 2026 at 04:20:00 UTC+5:30","athletic club,nico williams","./explore?q=athletic%20club&geo=ES"
"marwan","2k+","4 February 2026 at 00:40:00 UTC+5:30","4 February 2026 at 02:40:00 UTC+5:30","marwan","./explore?q=marwan&geo=ES"
"tamara falcó","1k+","6 February 2026 at 03:20:00 UTC+5:30","6 February 2026 at 04:50:00 UTC+5:30","tamara falcó,tamara falco","./explore?q=tamara%20falc%C3%B3&geo=ES"
"nuria roca","1k+","6 February 2026 at 03:30:00 UTC+5:30","6 February 2026 at 04:50:00 UTC+5:30","nuria roca","./explore?q=nuria%20roca&geo=ES"
"valencia club de fútbol","1k+","5 February 2026 at 01:50:00 UTC+5:30","5 February 2026 at 04:40:00 UTC+5:30","valencia club de fútbol","./explore?q=valencia%20club%20de%20f%C3%BAtbol&geo=ES"
"el tiempo en sevilla","10k+","3 February 2026 at 11:20:00 UTC+5:30","3 February 2026 at 19:50:00 UTC+5:30","el tiempo en sevilla,tiempo sevilla,tiempo en sevilla,el tiempo sevilla","./explore?q=el%20tiempo%20en%20sevilla&geo=ES"
"real sociedad femenino","500+","6 February 2026 at 00:20:00 UTC+5:30","6 February 2026 at 03:10:00 UTC+5:30","real sociedad femenino","./explore?q=real%20sociedad%20femenino&geo=ES"
"federer","2k+","1 February 2026 at 14:40:00 UTC+5:30","1 February 2026 at 21:20:00 UTC+5:30","federer","./explore?q=federer&geo=ES"
"carlos lozano","200+","7 February 2026 at 06:00:00 UTC+5:30","7 February 2026 at 07:10:00 UTC+5:30","carlos lozano","./explore?q=carlos%20lozano&geo=ES"
"real sociedad hoy","1k+","5 February 2026 at 02:10:00 UTC+5:30","5 February 2026 at 04:40:00 UTC+5:30","real sociedad hoy","./explore?q=real%20sociedad%20hoy&geo=ES"
"brifin","2k+","4 February 2026 at 23:40:00 UTC+5:30","5 February 2026 at 03:30:00 UTC+5:30","brifin,fribin","./explore?q=brifin&geo=ES"
"mar flores","2k+","2 February 2026 at 21:30:00 UTC+5:30","3 February 2026 at 08:00:00 UTC+5:30","mar flores,carlo costanzia,carlo constanzia","./explore?q=mar%20flores&geo=ES"
"corinthians - capivariano","200+","6 February 2026 at 05:10:00 UTC+5:30","6 February 2026 at 13:20:00 UTC+5:30","corinthians - capivariano","./explore?q=corinthians%20-%20capivariano&geo=ES"
"mika cantante","2k+","3 February 2026 at 02:30:00 UTC+5:30","3 February 2026 at 04:50:00 UTC+5:30","mika cantante,cantante mika","./explore?q=mika%20cantante&geo=ES"
"video santi millan","2k+","4 February 2026 at 04:00:00 UTC+5:30","4 February 2026 at 05:30:00 UTC+5:30","video santi millan,universo calleja,video de santi millan,santi millan,santi millan video,jesus calleja,santi millán","./explore?q=video%20santi%20millan&geo=ES"
"flamengo","1k+","5 February 2026 at 03:30:00 UTC+5:30","5 February 2026 at 11:50:00 UTC+5:30","flamengo","./explore?q=flamengo&geo=ES"
"warriors - 76ers","1k+","4 February 2026 at 10:20:00 UTC+5:30","4 February 2026 at 15:00:00 UTC+5:30","warriors - 76ers","./explore?q=warriors%20-%2076ers&geo=ES"
"bilbao basket - joventut","2k+","1 February 2026 at 00:10:00 UTC+5:30","1 February 2026 at 05:10:00 UTC+5:30","bilbao basket - joventut","./explore?q=bilbao%20basket%20-%20joventut&geo=ES"
"flamengo - corinthians","2k+","1 February 2026 at 23:40:00 UTC+5:30","2 February 2026 at 04:20:00 UTC+5:30","flamengo - corinthians,flamengo,corinthians","./explore?q=flamengo%20-%20corinthians&geo=ES"
"paula badosa","2k+","2 February 2026 at 12:50:00 UTC+5:30","2 February 2026 at 16:10:00 UTC+5:30","paula badosa","./explore?q=paula%20badosa&geo=ES"
"dudar","1k+","5 February 2026 at 19:00:00 UTC+5:30","6 February 2026 at 02:40:00 UTC+5:30","dudar,dudar granada,granada","./explore?q=dudar&geo=ES"
"vallanca","2k+","2 February 2026 at 01:40:00 UTC+5:30","3 February 2026 at 01:30:00 UTC+5:30","vallanca,teruel pedro sanchez,pedro sanchez teruel,pedro sánchez teruel,la sexta en directo","./explore?q=vallanca&geo=ES"
"olivia wilde","200+","7 February 2026 at 05:00:00 UTC+5:30","7 February 2026 at 06:10:00 UTC+5:30","olivia wilde","./explore?q=olivia%20wilde&geo=ES"
"iphone plegable","1k+","4 February 2026 at 01:50:00 UTC+5:30","4 February 2026 at 05:30:00 UTC+5:30","iphone plegable","./explore?q=iphone%20plegable&geo=ES"
"jutta leerdam","200+","7 February 2026 at 02:20:00 UTC+5:30","7 February 2026 at 03:30:00 UTC+5:30","jutta leerdam","./explore?q=jutta%20leerdam&geo=ES"
"sabrina impacciatore","200+","7 February 2026 at 02:50:00 UTC+5:30","7 February 2026 at 04:00:00 UTC+5:30","sabrina impacciatore","./explore?q=sabrina%20impacciatore&geo=ES"
"monaco fc","500+","6 February 2026 at 01:40:00 UTC+5:30","6 February 2026 at 04:10:00 UTC+5:30","monaco fc","./explore?q=monaco%20fc&geo=ES"
"youth league","1k+","4 February 2026 at 22:40:00 UTC+5:30","5 February 2026 at 02:20:00 UTC+5:30","youth league,uefa youth league","./explore?q=youth%20league&geo=ES"
"tunez","200+","6 February 2026 at 21:00:00 UTC+5:30","6 February 2026 at 22:20:00 UTC+5:30","tunez","./explore?q=tunez&geo=ES"
"iago aspas","200+","7 February 2026 at 03:20:00 UTC+5:30","7 February 2026 at 04:30:00 UTC+5:30","iago aspas","./explore?q=iago%20aspas&geo=ES"
"deportivo pereira - junior","1k+","3 February 2026 at 07:40:00 UTC+5:30","3 February 2026 at 14:10:00 UTC+5:30","deportivo pereira - junior","./explore?q=deportivo%20pereira%20-%20junior&geo=ES"
"ana peleteiro","2k+","4 February 2026 at 03:50:00 UTC+5:30","4 February 2026 at 06:30:00 UTC+5:30","ana peleteiro,peleteiro","./explore?q=ana%20peleteiro&geo=ES"
"betis fc","500+","6 February 2026 at 02:30:00 UTC+5:30","6 February 2026 at 04:30:00 UTC+5:30","betis fc","./explore?q=betis%20fc&geo=ES"
"gesaffelstein","1k+","2 February 2026 at 07:00:00 UTC+5:30","3 February 2026 at 13:30:00 UTC+5:30","gesaffelstein","./explore?q=gesaffelstein&geo=ES"
"leonor watling","200+","6 February 2026 at 22:20:00 UTC+5:30","7 February 2026 at 05:40:00 UTC+5:30","leonor watling","./explore?q=leonor%20watling&geo=ES"
"indra","2k+","3 February 2026 at 20:50:00 UTC+5:30","4 February 2026 at 01:20:00 UTC+5:30","indra,indra acciones","./explore?q=indra&geo=ES"
"cher","1k+","2 February 2026 at 09:50:00 UTC+5:30","3 February 2026 at 12:50:00 UTC+5:30","cher","./explore?q=cher&geo=ES"
"jutta leerdam","1k+","4 February 2026 at 12:10:00 UTC+5:30","4 February 2026 at 19:00:00 UTC+5:30","jutta leerdam","./explore?q=jutta%20leerdam&geo=ES"
"campaña de vacunación","500+","6 February 2026 at 16:20:00 UTC+5:30","6 February 2026 at 17:50:00 UTC+5:30","campaña de vacunación","./explore?q=campa%C3%B1a%20de%20vacunaci%C3%B3n&geo=ES"
"pablo carreño","1k+","3 February 2026 at 17:20:00 UTC+5:30","3 February 2026 at 21:30:00 UTC+5:30","pablo carreño","./explore?q=pablo%20carre%C3%B1o&geo=ES"
"candela gonzález","2k+","5 February 2026 at 00:40:00 UTC+5:30","5 February 2026 at 02:30:00 UTC+5:30","candela gonzález,invitados pasapalabra hoy","./explore?q=candela%20gonz%C3%A1lez&geo=ES"
"atalanta vs juventus","500+","6 February 2026 at 01:50:00 UTC+5:30","6 February 2026 at 04:20:00 UTC+5:30","atalanta vs juventus","./explore?q=atalanta%20vs%20juventus&geo=ES"
"diario cordoba","1k+","4 February 2026 at 23:50:00 UTC+5:30","5 February 2026 at 12:30:00 UTC+5:30","diario cordoba","./explore?q=diario%20cordoba&geo=ES"
"arsenal contra chelsea","2k+","4 February 2026 at 02:00:00 UTC+5:30","4 February 2026 at 05:20:00 UTC+5:30","arsenal contra chelsea,donde ver arsenal chelsea hoy,arsenal chelsea donde ver","./explore?q=arsenal%20contra%20chelsea&geo=ES"
"paypal stock","1k+","3 February 2026 at 18:10:00 UTC+5:30","3 February 2026 at 23:50:00 UTC+5:30","paypal stock","./explore?q=paypal%20stock&geo=ES"
"sira rego","500+","5 February 2026 at 19:30:00 UTC+5:30","6 February 2026 at 06:10:00 UTC+5:30","sira rego","./explore?q=sira%20rego&geo=ES"
"puerto de la mora","1k+","2 February 2026 at 17:00:00 UTC+5:30","3 February 2026 at 01:40:00 UTC+5:30","puerto de la mora","./explore?q=puerto%20de%20la%20mora&geo=ES"
"candela gonzález","5k+","3 February 2026 at 00:40:00 UTC+5:30","3 February 2026 at 03:20:00 UTC+5:30","candela gonzález,candela gonzalez,candela pasapalabra,elena furiase,candela pasapalabra hoy,invitados pasapalabra hoy","./explore?q=candela%20gonz%C3%A1lez&geo=ES"
"lindsey vonn","200+","7 February 2026 at 02:10:00 UTC+5:30","7 February 2026 at 03:20:00 UTC+5:30","lindsey vonn","./explore?q=lindsey%20vonn&geo=ES"
"excelsior - ajax","2k+","1 February 2026 at 16:10:00 UTC+5:30","1 February 2026 at 20:40:00 UTC+5:30","excelsior - ajax","./explore?q=excelsior%20-%20ajax&geo=ES"
"clasificacion primera","200+","7 February 2026 at 03:40:00 UTC+5:30","7 February 2026 at 04:40:00 UTC+5:30","clasificacion primera","./explore?q=clasificacion%20primera&geo=ES"
"griezmann","1k+","6 February 2026 at 02:50:00 UTC+5:30","6 February 2026 at 04:30:00 UTC+5:30","griezmann,antoine griezmann","./explore?q=griezmann&geo=ES"
"alvaro bulto","1k+","4 February 2026 at 02:30:00 UTC+5:30","4 February 2026 at 21:40:00 UTC+5:30","alvaro bulto","./explore?q=alvaro%20bulto&geo=ES"
"hidrosismos","500+","5 February 2026 at 21:50:00 UTC+5:30","6 February 2026 at 01:30:00 UTC+5:30","hidrosismos,hidrosismo","./explore?q=hidrosismos&geo=ES"
"malaga hoy","1k+","4 February 2026 at 12:00:00 UTC+5:30","5 February 2026 at 01:50:00 UTC+5:30","malaga hoy","./explore?q=malaga%20hoy&geo=ES"
"brazalete verde futbol","2k+","1 February 2026 at 18:30:00 UTC+5:30","2 February 2026 at 03:00:00 UTC+5:30","brazalete verde futbol,porque llevan brazalete verde los jugadores,porque llevan un brazalete verde los jugadores de futbol,brazalete verde","./explore?q=brazalete%20verde%20futbol&geo=ES"
"elecciones presidenciales costa rica","2k+","2 February 2026 at 13:50:00 UTC+5:30","2 February 2026 at 19:50:00 UTC+5:30","elecciones presidenciales costa rica,costa rica","./explore?q=elecciones%20presidenciales%20costa%20rica&geo=ES"
"puente de la autonomía badajoz","500+","6 February 2026 at 04:20:00 UTC+5:30","6 February 2026 at 13:00:00 UTC+5:30","puente de la autonomía badajoz","./explore?q=puente%20de%20la%20autonom%C3%ADa%20badajoz&geo=ES"
"palacio de liria","500+","5 February 2026 at 19:30:00 UTC+5:30","5 February 2026 at 23:20:00 UTC+5:30","palacio de liria","./explore?q=palacio%20de%20liria&geo=ES"
"alice campello","200+","6 February 2026 at 22:20:00 UTC+5:30","6 February 2026 at 23:30:00 UTC+5:30","alice campello","./explore?q=alice%20campello&geo=ES"
"hope solo","200+","6 February 2026 at 12:10:00 UTC+5:30","6 February 2026 at 14:20:00 UTC+5:30","hope solo","./explore?q=hope%20solo&geo=ES"
"victor de aldama","1k+","6 February 2026 at 03:00:00 UTC+5:30","6 February 2026 at 04:20:00 UTC+5:30","victor de aldama,victor aldama","./explore?q=victor%20de%20aldama&geo=ES"
"final de murgas tenerife 2026","2k+","1 February 2026 at 02:20:00 UTC+5:30","1 February 2026 at 16:50:00 UTC+5:30","final de murgas tenerife 2026,final murgas tenerife 2026,murgas tenerife 2026","./explore?q=final%20de%20murgas%20tenerife%202026&geo=ES"
"clippers - 76ers","1k+","3 February 2026 at 10:40:00 UTC+5:30","4 February 2026 at 05:20:00 UTC+5:30","clippers - 76ers,dominick barlow","./explore?q=clippers%20-%2076ers&geo=ES"
"fernando ramos periodista","500+","6 February 2026 at 03:50:00 UTC+5:30","6 February 2026 at 05:20:00 UTC+5:30","fernando ramos periodista","./explore?q=fernando%20ramos%20periodista&geo=ES"
"caída chatgpt","2k+","5 February 2026 at 01:10:00 UTC+5:30","5 February 2026 at 02:50:00 UTC+5:30","caída chatgpt,se ha caido chatgpt,chatgpt caido,no funciona chatgpt,chatgpt no funciona hoy","./explore?q=ca%C3%ADda%20chatgpt&geo=ES"
"julian alvarez","500+","6 February 2026 at 02:20:00 UTC+5:30","6 February 2026 at 04:30:00 UTC+5:30","julian alvarez","./explore?q=julian%20alvarez&geo=ES"
"deportivo cali - pasto","2k+","2 February 2026 at 02:00:00 UTC+5:30","2 February 2026 at 06:00:00 UTC+5:30","deportivo cali - pasto,deportivo cali","./explore?q=deportivo%20cali%20-%20pasto&geo=ES"
"cerro - sportivo luqueño","1k+","3 February 2026 at 05:10:00 UTC+5:30","3 February 2026 at 13:30:00 UTC+5:30","cerro - sportivo luqueño","./explore?q=cerro%20-%20sportivo%20luque%C3%B1o&geo=ES"
"diario de sevilla","2k+","3 February 2026 at 17:50:00 UTC+5:30","3 February 2026 at 20:10:00 UTC+5:30","diario de sevilla,aemet sevilla","./explore?q=diario%20de%20sevilla&geo=ES"
"la sombra de un secuestro","2k+","1 February 2026 at 04:00:00 UTC+5:30","1 February 2026 at 07:20:00 UTC+5:30","la sombra de un secuestro","./explore?q=la%20sombra%20de%20un%20secuestro&geo=ES"
"peris mencheta","200+","7 February 2026 at 02:00:00 UTC+5:30","7 February 2026 at 03:10:00 UTC+5:30","peris mencheta","./explore?q=peris%20mencheta&geo=ES"
"universitario - adt","1k+","2 February 2026 at 04:10:00 UTC+5:30","2 February 2026 at 13:00:00 UTC+5:30","universitario - adt","./explore?q=universitario%20-%20adt&geo=ES"
"dro","1k+","4 February 2026 at 03:30:00 UTC+5:30","4 February 2026 at 07:20:00 UTC+5:30","dro","./explore?q=dro&geo=ES"
"candela gonzález","2k+","4 February 2026 at 00:40:00 UTC+5:30","4 February 2026 at 02:40:00 UTC+5:30","candela gonzález,candela gonzalez","./explore?q=candela%20gonz%C3%A1lez&geo=ES"
"taylor swift","500+","6 February 2026 at 18:40:00 UTC+5:30","6 February 2026 at 20:00:00 UTC+5:30","taylor swift,opalite music video","./explore?q=taylor%20swift&geo=ES"
"raphinha","2k+","1 February 2026 at 02:50:00 UTC+5:30","1 February 2026 at 05:20:00 UTC+5:30","raphinha,lesión raphinha,kounde,raphinha lesion","./explore?q=raphinha&geo=ES"
"dazn","2k+","1 February 2026 at 14:00:00 UTC+5:30","1 February 2026 at 20:20:00 UTC+5:30","dazn","./explore?q=dazn&geo=ES"
"david ucles","2k+","2 February 2026 at 22:40:00 UTC+5:30","3 February 2026 at 13:10:00 UTC+5:30","david ucles,david uclés,perez reverte","./explore?q=david%20ucles&geo=ES"
"ksv holstein - stuttgart","1k+","5 February 2026 at 01:10:00 UTC+5:30","5 February 2026 at 05:50:00 UTC+5:30","ksv holstein - stuttgart,holstein – vfb stuttgart","./explore?q=ksv%20holstein%20-%20stuttgart&geo=ES"
"somalilandia","200+","7 February 2026 at 03:00:00 UTC+5:30","7 February 2026 at 04:00:00 UTC+5:30","somalilandia","./explore?q=somalilandia&geo=ES"
"paloma san basilio","2k+","2 February 2026 at 02:40:00 UTC+5:30","2 February 2026 at 04:50:00 UTC+5:30","paloma san basilio","./explore?q=paloma%20san%20basilio&geo=ES"
"test sepang motogp 2026","1k+","3 February 2026 at 14:50:00 UTC+5:30","3 February 2026 at 20:50:00 UTC+5:30","test sepang motogp 2026,motogp","./explore?q=test%20sepang%20motogp%202026&geo=ES"
"diosdado cabello","500+","6 February 2026 at 03:10:00 UTC+5:30","6 February 2026 at 04:40:00 UTC+5:30","diosdado cabello","./explore?q=diosdado%20cabello&geo=ES"
"bushwick","1k+","4 February 2026 at 02:30:00 UTC+5:30","4 February 2026 at 05:00:00 UTC+5:30","bushwick","./explore?q=bushwick&geo=ES"
"posiciones de elche c. f. contra fc barcelona","5k+","1 February 2026 at 03:40:00 UTC+5:30","1 February 2026 at 14:30:00 UTC+5:30","posiciones de elche c. f. contra fc barcelona,rashford,barsa vs,frenkie de jong,cronología de elche c. f. contra fc barcelona,mendoza elche","./explore?q=posiciones%20de%20elche%20c.%20f.%20contra%20fc%20barcelona&geo=ES"
"würzburg - joventut","1k+","3 February 2026 at 23:20:00 UTC+5:30","4 February 2026 at 02:40:00 UTC+5:30","würzburg - joventut","./explore?q=w%C3%BCrzburg%20-%20joventut&geo=ES"
"carolina marin","500+","6 February 2026 at 02:30:00 UTC+5:30","6 February 2026 at 04:50:00 UTC+5:30","carolina marin","./explore?q=carolina%20marin&geo=ES"
"peñarol - nacional","1k+","2 February 2026 at 04:00:00 UTC+5:30","2 February 2026 at 13:30:00 UTC+5:30","peñarol - nacional","./explore?q=pe%C3%B1arol%20-%20nacional&geo=ES"
"4chan","500+","4 February 2026 at 23:30:00 UTC+5:30","5 February 2026 at 09:00:00 UTC+5:30","4chan","./explore?q=4chan&geo=ES"
"psv - feyenoord","2k+","1 February 2026 at 18:20:00 UTC+5:30","1 February 2026 at 22:30:00 UTC+5:30","psv - feyenoord","./explore?q=psv%20-%20feyenoord&geo=ES"
"víctor de aldama","500+","6 February 2026 at 02:50:00 UTC+5:30","6 February 2026 at 04:20:00 UTC+5:30","víctor de aldama,aldama","./explore?q=v%C3%ADctor%20de%20aldama&geo=ES"
"ken kern","200+","7 February 2026 at 04:50:00 UTC+5:30","7 February 2026 at 06:20:00 UTC+5:30","ken kern","./explore?q=ken%20kern&geo=ES"
"olimpia - américa","500+","4 February 2026 at 08:50:00 UTC+5:30","4 February 2026 at 14:00:00 UTC+5:30","olimpia - américa","./explore?q=olimpia%20-%20am%C3%A9rica&geo=ES"
"hong kong","200+","7 February 2026 at 02:00:00 UTC+5:30","7 February 2026 at 03:10:00 UTC+5:30","hong kong","./explore?q=hong%20kong&geo=ES"
"cubo de basura lidl","2k+","1 February 2026 at 21:10:00 UTC+5:30","2 February 2026 at 00:00:00 UTC+5:30","cubo de basura lidl","./explore?q=cubo%20de%20basura%20lidl&geo=ES"
"sport","10k+","1 February 2026 at 20:40:00 UTC+5:30","1 February 2026 at 22:00:00 UTC+5:30","sport","./explore?q=sport&geo=ES"
"malasia","500+","4 February 2026 at 18:10:00 UTC+5:30","4 February 2026 at 22:00:00 UTC+5:30","malasia","./explore?q=malasia&geo=ES"
"david alandete","1k+","6 February 2026 at 04:10:00 UTC+5:30","6 February 2026 at 05:40:00 UTC+5:30","david alandete","./explore?q=david%20alandete&geo=ES"
"michael b jordan","200+","7 February 2026 at 03:00:00 UTC+5:30","7 February 2026 at 04:10:00 UTC+5:30","michael b jordan","./explore?q=michael%20b%20jordan&geo=ES"
"cartel semana santa sevilla 2026","1k+","3 February 2026 at 01:00:00 UTC+5:30","3 February 2026 at 13:30:00 UTC+5:30","cartel semana santa sevilla 2026","./explore?q=cartel%20semana%20santa%20sevilla%202026&geo=ES"
"kocaelispor - fenerbahçe","1k+","2 February 2026 at 21:50:00 UTC+5:30","3 February 2026 at 01:50:00 UTC+5:30","kocaelispor - fenerbahçe","./explore?q=kocaelispor%20-%20fenerbah%C3%A7e&geo=ES"
"potosi","200+","7 February 2026 at 02:30:00 UTC+5:30","7 February 2026 at 03:30:00 UTC+5:30","potosi","./explore?q=potosi&geo=ES"
"chinese taipei","200+","7 February 2026 at 02:40:00 UTC+5:30","7 February 2026 at 03:40:00 UTC+5:30","chinese taipei","./explore?q=chinese%20taipei&geo=ES"
"alcaraz edad","2k+","1 February 2026 at 15:20:00 UTC+5:30","1 February 2026 at 20:40:00 UTC+5:30","alcaraz edad,carlos alcaraz edad","./explore?q=alcaraz%20edad&geo=ES"
"murcia - trefl sopot","1k+","4 February 2026 at 01:00:00 UTC+5:30","4 February 2026 at 04:30:00 UTC+5:30","murcia - trefl sopot","./explore?q=murcia%20-%20trefl%20sopot&geo=ES"
"rockets - mavericks","1k+","1 February 2026 at 09:00:00 UTC+5:30","1 February 2026 at 18:30:00 UTC+5:30","rockets - mavericks","./explore?q=rockets%20-%20mavericks&geo=ES"
"tete morente","1k+","3 February 2026 at 01:10:00 UTC+5:30","3 February 2026 at 06:00:00 UTC+5:30","tete morente","./explore?q=tete%20morente&geo=ES"
"tenerife - guadalajara","2k+","1 February 2026 at 00:20:00 UTC+5:30","1 February 2026 at 04:30:00 UTC+5:30","tenerife - guadalajara","./explore?q=tenerife%20-%20guadalajara&geo=ES"
"bucks - pelicans","500+","5 February 2026 at 10:50:00 UTC+5:30","5 February 2026 at 14:00:00 UTC+5:30","bucks - pelicans","./explore?q=bucks%20-%20pelicans&geo=ES"
"trevor noah","1k+","2 February 2026 at 14:00:00 UTC+5:30","3 February 2026 at 03:00:00 UTC+5:30","trevor noah","./explore?q=trevor%20noah&geo=ES"
"teledeporte","1k+","4 February 2026 at 21:40:00 UTC+5:30","4 February 2026 at 23:40:00 UTC+5:30","teledeporte","./explore?q=teledeporte&geo=ES"
"marilo montero","500+","5 February 2026 at 03:40:00 UTC+5:30","5 February 2026 at 06:20:00 UTC+5:30","marilo montero","./explore?q=marilo%20montero&geo=ES"
"juan jose ballesta","2k+","4 February 2026 at 00:00:00 UTC+5:30","4 February 2026 at 01:40:00 UTC+5:30","juan jose ballesta,juan josé ballesta","./explore?q=juan%20jose%20ballesta&geo=ES"
"raul gorrin","500+","5 February 2026 at 01:00:00 UTC+5:30","5 February 2026 at 03:40:00 UTC+5:30","raul gorrin","./explore?q=raul%20gorrin&geo=ES"
"diego gonzález rivas","1k+","5 February 2026 at 02:30:00 UTC+5:30","5 February 2026 at 03:50:00 UTC+5:30","diego gonzález rivas,diego gonzalez rivas","./explore?q=diego%20gonz%C3%A1lez%20rivas&geo=ES"
"sadiq","1k+","5 February 2026 at 02:00:00 UTC+5:30","5 February 2026 at 04:00:00 UTC+5:30","sadiq","./explore?q=sadiq&geo=ES"
"xiaomi hyperos","1k+","2 February 2026 at 00:40:00 UTC+5:30","2 February 2026 at 07:40:00 UTC+5:30","xiaomi hyperos","./explore?q=xiaomi%20hyperos&geo=ES"
"jan virgili","2k+","3 February 2026 at 01:50:00 UTC+5:30","3 February 2026 at 04:30:00 UTC+5:30","jan virgili,vedat muriqi,virgili","./explore?q=jan%20virgili&geo=ES"
"marc bernal","2k+","4 February 2026 at 01:40:00 UTC+5:30","4 February 2026 at 04:00:00 UTC+5:30","marc bernal","./explore?q=marc%20bernal&geo=ES"
"san oscar","1k+","3 February 2026 at 12:40:00 UTC+5:30","3 February 2026 at 19:40:00 UTC+5:30","san oscar,santoral hoy","./explore?q=san%20oscar&geo=ES"
"inter","1k+","5 February 2026 at 02:30:00 UTC+5:30","5 February 2026 at 04:20:00 UTC+5:30","inter,inter milan","./explore?q=inter&geo=ES"
"sp500","1k+","5 February 2026 at 21:20:00 UTC+5:30","6 February 2026 at 06:50:00 UTC+5:30","sp500","./explore?q=sp500&geo=ES"
"miami","200+","7 February 2026 at 00:00:00 UTC+5:30","7 February 2026 at 01:10:00 UTC+5:30","miami","./explore?q=miami&geo=ES"
"el kanka","200+","6 February 2026 at 16:00:00 UTC+5:30","6 February 2026 at 17:10:00 UTC+5:30","el kanka","./explore?q=el%20kanka&geo=ES"
"hornets - pelicans","1k+","3 February 2026 at 01:50:00 UTC+5:30","3 February 2026 at 05:50:00 UTC+5:30","hornets - pelicans","./explore?q=hornets%20-%20pelicans&geo=ES"
"torino - lecce","2k+","1 February 2026 at 16:20:00 UTC+5:30","1 February 2026 at 20:40:00 UTC+5:30","torino - lecce","./explore?q=torino%20-%20lecce&geo=ES"
"ainhoa armentia","1k+","2 February 2026 at 02:10:00 UTC+5:30","2 February 2026 at 06:00:00 UTC+5:30","ainhoa armentia","./explore?q=ainhoa%20armentia&geo=ES"
"javier veiga","1k+","4 February 2026 at 00:50:00 UTC+5:30","4 February 2026 at 02:30:00 UTC+5:30","javier veiga","./explore?q=javier%20veiga&geo=ES"
"pura sangre telecinco","500+","5 February 2026 at 04:00:00 UTC+5:30","5 February 2026 at 06:00:00 UTC+5:30","pura sangre telecinco","./explore?q=pura%20sangre%20telecinco&geo=ES"
"equipo de investigación","200+","7 February 2026 at 02:20:00 UTC+5:30","7 February 2026 at 03:20:00 UTC+5:30","equipo de investigación","./explore?q=equipo%20de%20investigaci%C3%B3n&geo=ES"
"الطقس غدًا","200+","7 February 2026 at 01:40:00 UTC+5:30","7 February 2026 at 02:50:00 UTC+5:30","الطقس غدًا","./explore?q=%D8%A7%D9%84%D8%B7%D9%82%D8%B3%20%D8%BA%D8%AF%D9%8B%D8%A7&geo=ES"
"3cat","1k+","4 February 2026 at 01:20:00 UTC+5:30","4 February 2026 at 04:00:00 UTC+5:30","3cat","./explore?q=3cat&geo=ES"
"angela molina","1k+","5 February 2026 at 04:00:00 UTC+5:30","5 February 2026 at 05:30:00 UTC+5:30","angela molina,ángela molina","./explore?q=angela%20molina&geo=ES"
"posiciones de levante ud contra atlético de madrid","10k+","1 February 2026 at 01:10:00 UTC+5:30","1 February 2026 at 03:40:00 UTC+5:30","posiciones de levante ud contra atlético de madrid,atletico de madrid,atletico,levante atletico,resultado levante atlético de madrid,alineaciones de levante ud contra atlético de madrid","./explore?q=posiciones%20de%20levante%20ud%20contra%20atl%C3%A9tico%20de%20madrid&geo=ES"
"strasbourg – paris-sg","2k+","2 February 2026 at 00:50:00 UTC+5:30","2 February 2026 at 04:40:00 UTC+5:30","strasbourg – paris-sg,strasbourg vs psg,rc strasbourg - psg","./explore?q=strasbourg%20%E2%80%93%20paris-sg&geo=ES"
"viven","500+","4 February 2026 at 05:00:00 UTC+5:30","4 February 2026 at 08:10:00 UTC+5:30","viven","./explore?q=viven&geo=ES"
"nuggets - thunder","1k+","2 February 2026 at 10:30:00 UTC+5:30","2 February 2026 at 14:50:00 UTC+5:30","nuggets - thunder","./explore?q=nuggets%20-%20thunder&geo=ES"
"jefté betancor","1k+","4 February 2026 at 01:40:00 UTC+5:30","4 February 2026 at 04:30:00 UTC+5:30","jefté betancor,jefte betancor,jefte albacete","./explore?q=jeft%C3%A9%20betancor&geo=ES"
"natalie portman","500+","6 February 2026 at 04:10:00 UTC+5:30","6 February 2026 at 05:20:00 UTC+5:30","natalie portman","./explore?q=natalie%20portman&geo=ES"
"chatgpt down","2k+","4 February 2026 at 02:10:00 UTC+5:30","4 February 2026 at 04:00:00 UTC+5:30","chatgpt down,is chatgpt down,chatgpt status","./explore?q=chatgpt%20down&geo=ES"
"lola young","2k+","2 February 2026 at 03:10:00 UTC+5:30","2 February 2026 at 13:40:00 UTC+5:30","lola young","./explore?q=lola%20young&geo=ES"
"bàsquet girona - burgos","2k+","1 February 2026 at 01:20:00 UTC+5:30","1 February 2026 at 05:40:00 UTC+5:30","bàsquet girona - burgos","./explore?q=b%C3%A0squet%20girona%20-%20burgos&geo=ES"
"alex moreno","500+","5 February 2026 at 18:00:00 UTC+5:30","5 February 2026 at 20:20:00 UTC+5:30","alex moreno","./explore?q=alex%20moreno&geo=ES"
"juan del val","500+","6 February 2026 at 03:30:00 UTC+5:30","6 February 2026 at 04:40:00 UTC+5:30","juan del val","./explore?q=juan%20del%20val&geo=ES"
"fargo","500+","3 February 2026 at 04:00:00 UTC+5:30","3 February 2026 at 14:00:00 UTC+5:30","fargo","./explore?q=fargo&geo=ES"
"sidi bou said","200+","6 February 2026 at 21:00:00 UTC+5:30","6 February 2026 at 22:10:00 UTC+5:30","sidi bou said","./explore?q=sidi%20bou%20said&geo=ES"
"marseille – rennes","500+","4 February 2026 at 01:20:00 UTC+5:30","4 February 2026 at 04:50:00 UTC+5:30","marseille – rennes","./explore?q=marseille%20%E2%80%93%20rennes&geo=ES"
"aemet cordoba","2k+","3 February 2026 at 18:20:00 UTC+5:30","3 February 2026 at 20:40:00 UTC+5:30","aemet cordoba,el tiempo cordoba,el tiempo en cordoba,tiempo en cordoba","./explore?q=aemet%20cordoba&geo=ES"
"antonia dell'atte","1k+","3 February 2026 at 04:20:00 UTC+5:30","3 February 2026 at 07:20:00 UTC+5:30","antonia dell'atte,maría zurita,maria zurita","./explore?q=antonia%20dell%27atte&geo=ES"
"luis milla","1k+","3 February 2026 at 00:10:00 UTC+5:30","3 February 2026 at 06:00:00 UTC+5:30","luis milla","./explore?q=luis%20milla&geo=ES"
"hjulmand","1k+","2 February 2026 at 01:30:00 UTC+5:30","2 February 2026 at 15:10:00 UTC+5:30","hjulmand","./explore?q=hjulmand&geo=ES"
"cuponazo once","500+","7 February 2026 at 04:30:00 UTC+5:30","7 February 2026 at 05:20:00 UTC+5:30","cuponazo once,cupón diario once comprobar,sorteo loterías","./explore?q=cuponazo%20once&geo=ES"
"ernesto de hannover","200+","6 February 2026 at 21:40:00 UTC+5:30","6 February 2026 at 22:50:00 UTC+5:30","ernesto de hannover","./explore?q=ernesto%20de%20hannover&geo=ES"
"correos","2k+","3 February 2026 at 13:20:00 UTC+5:30","3 February 2026 at 15:10:00 UTC+5:30","correos","./explore?q=correos&geo=ES"
"eurosport tenis","2k+","1 February 2026 at 14:20:00 UTC+5:30","1 February 2026 at 18:00:00 UTC+5:30","eurosport tenis,cómo va el partido de alcaraz,russell crowe,ver eurosport","./explore?q=eurosport%20tenis&geo=ES"
"barcenas","2k+","4 February 2026 at 04:40:00 UTC+5:30","4 February 2026 at 06:10:00 UTC+5:30","barcenas,willy bárcenas,willy barcenas,luis bárcenas,luis barcenas","./explore?q=barcenas&geo=ES"
"marwan","2k+","3 February 2026 at 00:40:00 UTC+5:30","3 February 2026 at 02:30:00 UTC+5:30","marwan","./explore?q=marwan&geo=ES"
"tv3 directe","500+","6 February 2026 at 01:50:00 UTC+5:30","6 February 2026 at 02:50:00 UTC+5:30","tv3 directe","./explore?q=tv3%20directe&geo=ES"
"yelamo","200+","7 February 2026 at 03:30:00 UTC+5:30","7 February 2026 at 04:30:00 UTC+5:30","yelamo","./explore?q=yelamo&geo=ES"
"new hampshire","100+","7 February 2026 at 03:50:00 UTC+5:30","7 February 2026 at 04:40:00 UTC+5:30","new hampshire","./explore?q=new%20hampshire&geo=ES"
"matias vecino","1k+","3 February 2026 at 03:00:00 UTC+5:30","3 February 2026 at 05:50:00 UTC+5:30","matias vecino","./explore?q=matias%20vecino&geo=ES"
"steve harrington","500+","5 February 2026 at 18:30:00 UTC+5:30","5 February 2026 at 22:00:00 UTC+5:30","steve harrington","./explore?q=steve%20harrington&geo=ES"
"jabali metro valencia","200+","5 February 2026 at 19:00:00 UTC+5:30","5 February 2026 at 21:00:00 UTC+5:30","jabali metro valencia","./explore?q=jabali%20metro%20valencia&geo=ES"
"brooks nader","1k+","1 February 2026 at 15:40:00 UTC+5:30","1 February 2026 at 20:50:00 UTC+5:30","brooks nader","./explore?q=brooks%20nader&geo=ES"
"troyes - lens","500+","5 February 2026 at 01:40:00 UTC+5:30","5 February 2026 at 04:30:00 UTC+5:30","troyes - lens","./explore?q=troyes%20-%20lens&geo=ES"
"ilias akhomach","1k+","1 February 2026 at 18:10:00 UTC+5:30","1 February 2026 at 21:40:00 UTC+5:30","ilias akhomach","./explore?q=ilias%20akhomach&geo=ES"
"abc sevilla","1k+","3 February 2026 at 17:50:00 UTC+5:30","3 February 2026 at 19:50:00 UTC+5:30","abc sevilla","./explore?q=abc%20sevilla&geo=ES"
"al-nassr vs al-ittihad","100+","7 February 2026 at 01:10:00 UTC+5:30","7 February 2026 at 02:10:00 UTC+5:30","al-nassr vs al-ittihad","./explore?q=al-nassr%20vs%20al-ittihad&geo=ES"
"radio marca","1k+","1 February 2026 at 15:30:00 UTC+5:30","1 February 2026 at 21:20:00 UTC+5:30","radio marca","./explore?q=radio%20marca&geo=ES"
"roma fc","1k+","3 February 2026 at 01:30:00 UTC+5:30","3 February 2026 at 04:30:00 UTC+5:30","roma fc","./explore?q=roma%20fc&geo=ES"
"john virgo","500+","4 February 2026 at 15:20:00 UTC+5:30","4 February 2026 at 19:40:00 UTC+5:30","john virgo","./explore?q=john%20virgo&geo=ES"
"carolina de mónaco","200+","6 February 2026 at 02:10:00 UTC+5:30","7 February 2026 at 00:20:00 UTC+5:30","carolina de mónaco","./explore?q=carolina%20de%20m%C3%B3naco&geo=ES"
"pistons - wizards","200+","6 February 2026 at 11:20:00 UTC+5:30","6 February 2026 at 13:10:00 UTC+5:30","pistons - wizards","./explore?q=pistons%20-%20wizards&geo=ES"
"olimpia - sportivo trinidense","1k+","2 February 2026 at 02:10:00 UTC+5:30","2 February 2026 at 05:50:00 UTC+5:30","olimpia - sportivo trinidense","./explore?q=olimpia%20-%20sportivo%20trinidense&geo=ES"
"óscar pasapalabra","500+","6 February 2026 at 04:40:00 UTC+5:30","6 February 2026 at 05:50:00 UTC+5:30","óscar pasapalabra,quién gana el bote de pasapalabra","./explore?q=%C3%B3scar%20pasapalabra&geo=ES"
"raúl lizoain","1k+","4 February 2026 at 01:40:00 UTC+5:30","4 February 2026 at 04:10:00 UTC+5:30","raúl lizoain,raul lizoain","./explore?q=ra%C3%BAl%20lizoain&geo=ES"
"tv3","500+","6 February 2026 at 01:50:00 UTC+5:30","6 February 2026 at 02:40:00 UTC+5:30","tv3","./explore?q=tv3&geo=ES"
"kevin costner","1k+","5 February 2026 at 00:50:00 UTC+5:30","5 February 2026 at 02:00:00 UTC+5:30","kevin costner,padre de elena furiase,furiase,furiase padre","./explore?q=kevin%20costner&geo=ES"
"al-ettifaq - damac","200+","6 February 2026 at 20:50:00 UTC+5:30","6 February 2026 at 22:00:00 UTC+5:30","al-ettifaq - damac","./explore?q=al-ettifaq%20-%20damac&geo=ES"
"iñaki peña","2k+","1 February 2026 at 01:30:00 UTC+5:30","1 February 2026 at 05:10:00 UTC+5:30","iñaki peña,hector fort","./explore?q=i%C3%B1aki%20pe%C3%B1a&geo=ES"
"albert riera","200+","6 February 2026 at 02:30:00 UTC+5:30","6 February 2026 at 04:20:00 UTC+5:30","albert riera","./explore?q=albert%20riera&geo=ES"
"jennifer lawrence","200+","6 February 2026 at 04:10:00 UTC+5:30","6 February 2026 at 05:20:00 UTC+5:30","jennifer lawrence","./explore?q=jennifer%20lawrence&geo=ES"
"isi palazon","1k+","1 February 2026 at 18:40:00 UTC+5:30","1 February 2026 at 21:30:00 UTC+5:30","isi palazon","./explore?q=isi%20palazon&geo=ES"
"lyon","500+","5 February 2026 at 02:40:00 UTC+5:30","5 February 2026 at 04:20:00 UTC+5:30","lyon","./explore?q=lyon&geo=ES"
"gonzalo villar","1k+","1 February 2026 at 02:30:00 UTC+5:30","1 February 2026 at 15:20:00 UTC+5:30","gonzalo villar","./explore?q=gonzalo%20villar&geo=ES"
"stuttgart fc","500+","5 February 2026 at 02:10:00 UTC+5:30","5 February 2026 at 04:20:00 UTC+5:30","stuttgart fc","./explore?q=stuttgart%20fc&geo=ES"
"teruel - real murcia","1k+","1 February 2026 at 19:10:00 UTC+5:30","1 February 2026 at 22:20:00 UTC+5:30","teruel - real murcia,real murcia","./explore?q=teruel%20-%20real%20murcia&geo=ES"
"claudia pina","500+","6 February 2026 at 03:00:00 UTC+5:30","6 February 2026 at 04:20:00 UTC+5:30","claudia pina,misa rodríguez","./explore?q=claudia%20pina&geo=ES"
"baskonia","1k+","4 February 2026 at 01:40:00 UTC+5:30","4 February 2026 at 04:00:00 UTC+5:30","baskonia","./explore?q=baskonia&geo=ES"
"montenegro","100+","7 February 2026 at 02:30:00 UTC+5:30","7 February 2026 at 03:20:00 UTC+5:30","montenegro","./explore?q=montenegro&geo=ES"
"alex corretja","1k+","1 February 2026 at 14:10:00 UTC+5:30","1 February 2026 at 19:20:00 UTC+5:30","alex corretja","./explore?q=alex%20corretja&geo=ES"
"cagliari - hellas verona","1k+","1 February 2026 at 00:50:00 UTC+5:30","1 February 2026 at 05:50:00 UTC+5:30","cagliari - hellas verona","./explore?q=cagliari%20-%20hellas%20verona&geo=ES"
"hawks - jazz","200+","6 February 2026 at 12:00:00 UTC+5:30","6 February 2026 at 13:30:00 UTC+5:30","hawks - jazz","./explore?q=hawks%20-%20jazz&geo=ES"
"buba sangaré","500+","3 February 2026 at 04:30:00 UTC+5:30","3 February 2026 at 13:50:00 UTC+5:30","buba sangaré","./explore?q=buba%20sangar%C3%A9&geo=ES"
"teledeporte en directo","1k+","3 February 2026 at 01:30:00 UTC+5:30","3 February 2026 at 04:00:00 UTC+5:30","teledeporte en directo","./explore?q=teledeporte%20en%20directo&geo=ES"
"toni clapes","200+","6 February 2026 at 03:50:00 UTC+5:30","6 February 2026 at 05:20:00 UTC+5:30","toni clapes","./explore?q=toni%20clapes&geo=ES"
"fcsb - fk csíkszereda miercurea ciuc","1k+","1 February 2026 at 23:00:00 UTC+5:30","2 February 2026 at 02:30:00 UTC+5:30","fcsb - fk csíkszereda miercurea ciuc,fcsb - csikszereda","./explore?q=fcsb%20-%20fk%20cs%C3%ADkszereda%20miercurea%20ciuc&geo=ES"
"bologna - milan","500+","4 February 2026 at 01:10:00 UTC+5:30","4 February 2026 at 04:20:00 UTC+5:30","bologna - milan","./explore?q=bologna%20-%20milan&geo=ES"
"isla skomer","200+","5 February 2026 at 23:10:00 UTC+5:30","6 February 2026 at 01:00:00 UTC+5:30","isla skomer","./explore?q=isla%20skomer&geo=ES"
"joan gaspart","200+","6 February 2026 at 20:00:00 UTC+5:30","6 February 2026 at 21:00:00 UTC+5:30","joan gaspart","./explore?q=joan%20gaspart&geo=ES"
"galatasaray - kayserispor","1k+","1 February 2026 at 22:00:00 UTC+5:30","2 February 2026 at 01:40:00 UTC+5:30","galatasaray - kayserispor","./explore?q=galatasaray%20-%20kayserispor&geo=ES"
"australia vs netherlands","200+","5 February 2026 at 17:20:00 UTC+5:30","5 February 2026 at 19:20:00 UTC+5:30","australia vs netherlands","./explore?q=australia%20vs%20netherlands&geo=ES"
"salma sanchez","500+","5 February 2026 at 03:20:00 UTC+5:30","5 February 2026 at 05:40:00 UTC+5:30","salma sanchez","./explore?q=salma%20sanchez&geo=ES"
"rashford","1k+","4 February 2026 at 01:50:00 UTC+5:30","4 February 2026 at 03:30:00 UTC+5:30","rashford,marcus rashford","./explore?q=rashford&geo=ES"
"meloni","200+","7 February 2026 at 03:20:00 UTC+5:30","7 February 2026 at 04:10:00 UTC+5:30","meloni","./explore?q=meloni&geo=ES"
"ethereum","200+","6 February 2026 at 04:30:00 UTC+5:30","6 February 2026 at 06:20:00 UTC+5:30","ethereum","./explore?q=ethereum&geo=ES"
"candela pasapalabra hoy","1k+","5 February 2026 at 01:10:00 UTC+5:30","5 February 2026 at 02:30:00 UTC+5:30","candela pasapalabra hoy,candela pasapalabra","./explore?q=candela%20pasapalabra%20hoy&geo=ES"
"man united","1k+","1 February 2026 at 20:10:00 UTC+5:30","2 February 2026 at 00:20:00 UTC+5:30","man united,manchester united football club","./explore?q=man%20united&geo=ES"
"geminis","1k+","4 February 2026 at 02:20:00 UTC+5:30","4 February 2026 at 04:00:00 UTC+5:30","geminis","./explore?q=geminis&geo=ES"
"marta jimenez hormiguero","2k+","4 February 2026 at 02:30:00 UTC+5:30","4 February 2026 at 03:40:00 UTC+5:30","marta jimenez hormiguero,la mujer adrenalina,marta jiménez hormiguero,pablo motos","./explore?q=marta%20jimenez%20hormiguero&geo=ES"
"airef","500+","5 February 2026 at 01:40:00 UTC+5:30","5 February 2026 at 03:10:00 UTC+5:30","airef","./explore?q=airef&geo=ES"
"pablo iglesias","200+","5 February 2026 at 02:50:00 UTC+5:30","5 February 2026 at 06:30:00 UTC+5:30","pablo iglesias","./explore?q=pablo%20iglesias&geo=ES"
"félix auger-aliassime","100+","7 February 2026 at 00:20:00 UTC+5:30","7 February 2026 at 01:10:00 UTC+5:30","félix auger-aliassime","./explore?q=f%C3%A9lix%20auger-aliassime&geo=ES"
"lisa buckwitz","500+","2 February 2026 at 12:20:00 UTC+5:30","2 February 2026 at 16:30:00 UTC+5:30","lisa buckwitz","./explore?q=lisa%20buckwitz&geo=ES"
"pistons - nuggets","500+","4 February 2026 at 08:20:00 UTC+5:30","4 February 2026 at 13:50:00 UTC+5:30","pistons - nuggets","./explore?q=pistons%20-%20nuggets&geo=ES"
"p","100+","7 February 2026 at 09:50:00 UTC+5:30","7 February 2026 at 10:40:00 UTC+5:30","p","./explore?q=p&geo=ES"
"avs - braga","500+","3 February 2026 at 00:10:00 UTC+5:30","3 February 2026 at 03:50:00 UTC+5:30","avs - braga","./explore?q=avs%20-%20braga&geo=ES"
"gerard butler","1k+","2 February 2026 at 02:40:00 UTC+5:30","2 February 2026 at 06:00:00 UTC+5:30","gerard butler","./explore?q=gerard%20butler&geo=ES"
"strasbourg – monaco","500+","6 February 2026 at 01:40:00 UTC+5:30","6 February 2026 at 03:10:00 UTC+5:30","strasbourg – monaco,monaco","./explore?q=strasbourg%20%E2%80%93%20monaco&geo=ES"
"lucia dominguin","1k+","3 February 2026 at 01:30:00 UTC+5:30","3 February 2026 at 07:10:00 UTC+5:30","lucia dominguin,lucía dominguín","./explore?q=lucia%20dominguin&geo=ES"
"pacers - rockets","500+","3 February 2026 at 07:00:00 UTC+5:30","3 February 2026 at 14:00:00 UTC+5:30","pacers - rockets","./explore?q=pacers%20-%20rockets&geo=ES"
"pep chavarría","1k+","1 February 2026 at 19:10:00 UTC+5:30","1 February 2026 at 22:30:00 UTC+5:30","pep chavarría","./explore?q=pep%20chavarr%C3%ADa&geo=ES"
"noticias de gipuzkoa","500+","5 February 2026 at 03:50:00 UTC+5:30","5 February 2026 at 13:00:00 UTC+5:30","noticias de gipuzkoa","./explore?q=noticias%20de%20gipuzkoa&geo=ES"
"elecciones aragon","1k+","1 February 2026 at 19:40:00 UTC+5:30","2 February 2026 at 13:50:00 UTC+5:30","elecciones aragon,aragon tv","./explore?q=elecciones%20aragon&geo=ES"
"hilary duff","1k+","1 February 2026 at 22:10:00 UTC+5:30","2 February 2026 at 00:50:00 UTC+5:30","hilary duff","./explore?q=hilary%20duff&geo=ES"
"españa italia fútbol sala","2k+","2 February 2026 at 02:50:00 UTC+5:30","2 February 2026 at 05:30:00 UTC+5:30","españa italia fútbol sala,españa italia futsal,españa futbol sala,eurocopa futbol sala,europeo futbol sala","./explore?q=espa%C3%B1a%20italia%20f%C3%BAtbol%20sala&geo=ES"
"muchodeporte","500+","6 February 2026 at 04:10:00 UTC+5:30","6 February 2026 at 05:20:00 UTC+5:30","muchodeporte,estadio deportivo","./explore?q=muchodeporte&geo=ES"
"nueva linea","1k+","1 February 2026 at 20:50:00 UTC+5:30","2 February 2026 at 01:10:00 UTC+5:30","nueva linea,orquesta nueva linea","./explore?q=nueva%20linea&geo=ES"
"joan garcia","500+","4 February 2026 at 02:00:00 UTC+5:30","4 February 2026 at 04:30:00 UTC+5:30","joan garcia","./explore?q=joan%20garcia&geo=ES"
"joão cancelo","1k+","4 February 2026 at 01:50:00 UTC+5:30","4 February 2026 at 03:50:00 UTC+5:30","joão cancelo,cancelo","./explore?q=jo%C3%A3o%20cancelo&geo=ES"
"tom clancy's the division","500+","4 February 2026 at 02:50:00 UTC+5:30","4 February 2026 at 04:40:00 UTC+5:30","tom clancy's the division","./explore?q=tom%20clancy%27s%20the%20division&geo=ES"
"vinicius","10k+","1 February 2026 at 19:00:00 UTC+5:30","1 February 2026 at 21:40:00 UTC+5:30","vinicius,marca","./explore?q=vinicius&geo=ES"
"luis rioja","1k+","1 February 2026 at 21:10:00 UTC+5:30","2 February 2026 at 00:00:00 UTC+5:30","luis rioja","./explore?q=luis%20rioja&geo=ES"
"edad carlos alcaraz","1k+","1 February 2026 at 15:50:00 UTC+5:30","1 February 2026 at 18:50:00 UTC+5:30","edad carlos alcaraz,edad de carlos alcaraz","./explore?q=edad%20carlos%20alcaraz&geo=ES"
"game pass ultimate","500+","3 February 2026 at 01:10:00 UTC+5:30","3 February 2026 at 04:10:00 UTC+5:30","game pass ultimate","./explore?q=game%20pass%20ultimate&geo=ES"
"accidente autovia herencia","1k+","2 February 2026 at 13:00:00 UTC+5:30","2 February 2026 at 16:20:00 UTC+5:30","accidente autovia herencia","./explore?q=accidente%20autovia%20herencia&geo=ES"
"nelson deossa","500+","6 February 2026 at 02:00:00 UTC+5:30","6 February 2026 at 03:10:00 UTC+5:30","nelson deossa,chimy avila","./explore?q=nelson%20deossa&geo=ES"
"pak vs aus","1k+","1 February 2026 at 16:30:00 UTC+5:30","1 February 2026 at 20:00:00 UTC+5:30","pak vs aus,pakistan national cricket team vs australian men’s cricket team match scorecard","./explore?q=pak%20vs%20aus&geo=ES"
"gloria camila","1k+","2 February 2026 at 22:40:00 UTC+5:30","3 February 2026 at 14:30:00 UTC+5:30","gloria camila,manuel cortes,gloria camila y manuel cortes,raquel bollo,alvaro garcia","./explore?q=gloria%20camila&geo=ES"
"atrapado en el tiempo","200+","6 February 2026 at 22:00:00 UTC+5:30","6 February 2026 at 22:40:00 UTC+5:30","atrapado en el tiempo","./explore?q=atrapado%20en%20el%20tiempo&geo=ES"
"ana millan","500+","5 February 2026 at 21:00:00 UTC+5:30","5 February 2026 at 22:10:00 UTC+5:30","ana millan,ana millan pp","./explore?q=ana%20millan&geo=ES"
"farul - dinamo bucarest","500+","5 February 2026 at 00:20:00 UTC+5:30","5 February 2026 at 02:40:00 UTC+5:30","farul - dinamo bucarest","./explore?q=farul%20-%20dinamo%20bucarest&geo=ES"
"collado villalba","200+","6 February 2026 at 01:10:00 UTC+5:30","6 February 2026 at 06:20:00 UTC+5:30","collado villalba","./explore?q=collado%20villalba&geo=ES"
"boca juniors","500+","2 February 2026 at 04:00:00 UTC+5:30","2 February 2026 at 12:40:00 UTC+5:30","boca juniors","./explore?q=boca%20juniors&geo=ES"
"roberto bautista","500+","3 February 2026 at 02:00:00 UTC+5:30","3 February 2026 at 05:10:00 UTC+5:30","roberto bautista","./explore?q=roberto%20bautista&geo=ES"
"partidos de la copa del rey","1k+","5 February 2026 at 01:50:00 UTC+5:30","5 February 2026 at 03:10:00 UTC+5:30","partidos de la copa del rey,alaves fc,partidos copa del rey hoy","./explore?q=partidos%20de%20la%20copa%20del%20rey&geo=ES"
"ferran torres","1k+","4 February 2026 at 03:00:00 UTC+5:30","4 February 2026 at 04:30:00 UTC+5:30","ferran torres","./explore?q=ferran%20torres&geo=ES"
"internacional de bogotá - tolima","500+","3 February 2026 at 04:50:00 UTC+5:30","3 February 2026 at 12:20:00 UTC+5:30","internacional de bogotá - tolima","./explore?q=internacional%20de%20bogot%C3%A1%20-%20tolima&geo=ES"
"dfb pokal","500+","4 February 2026 at 01:50:00 UTC+5:30","4 February 2026 at 04:30:00 UTC+5:30","dfb pokal","./explore?q=dfb%20pokal&geo=ES"
"novo nordisk","500+","3 February 2026 at 22:50:00 UTC+5:30","4 February 2026 at 15:00:00 UTC+5:30","novo nordisk","./explore?q=novo%20nordisk&geo=ES"
"sporting","1k+","1 February 2026 at 21:50:00 UTC+5:30","2 February 2026 at 00:00:00 UTC+5:30","sporting","./explore?q=sporting&geo=ES"
"australia","1k+","1 February 2026 at 14:50:00 UTC+5:30","1 February 2026 at 18:40:00 UTC+5:30","australia","./explore?q=australia&geo=ES"
"aemet valencia","500+","5 February 2026 at 11:50:00 UTC+5:30","5 February 2026 at 19:40:00 UTC+5:30","aemet valencia","./explore?q=aemet%20valencia&geo=ES"
"mundo deportivo","5k+","1 February 2026 at 20:50:00 UTC+5:30","1 February 2026 at 21:50:00 UTC+5:30","mundo deportivo","./explore?q=mundo%20deportivo&geo=ES"
"tiempo en alicante","500+","6 February 2026 at 22:20:00 UTC+5:30","6 February 2026 at 22:50:00 UTC+5:30","tiempo en alicante,tiempo alicante,el tiempo alicante","./explore?q=tiempo%20en%20alicante&geo=ES"
"teledeporte","500+","6 February 2026 at 01:50:00 UTC+5:30","6 February 2026 at 02:40:00 UTC+5:30","teledeporte","./explore?q=teledeporte&geo=ES"
"9now","1k+","1 February 2026 at 14:10:00 UTC+5:30","1 February 2026 at 18:00:00 UTC+5:30","9now","./explore?q=9now&geo=ES"
"grêmio - botafogo","200+","5 February 2026 at 09:30:00 UTC+5:30","5 February 2026 at 13:30:00 UTC+5:30","grêmio - botafogo","./explore?q=gr%C3%AAmio%20-%20botafogo&geo=ES"
"superbowl","1k+","1 February 2026 at 19:20:00 UTC+5:30","2 February 2026 at 13:30:00 UTC+5:30","superbowl","./explore?q=superbowl&geo=ES"
"mendoza","200+","6 February 2026 at 03:00:00 UTC+5:30","6 February 2026 at 04:10:00 UTC+5:30","mendoza","./explore?q=mendoza&geo=ES"
"almudena cid","1k+","5 February 2026 at 03:10:00 UTC+5:30","5 February 2026 at 04:00:00 UTC+5:30","almudena cid","./explore?q=almudena%20cid&geo=ES"
"gallagher","200+","6 February 2026 at 02:10:00 UTC+5:30","6 February 2026 at 03:20:00 UTC+5:30","gallagher","./explore?q=gallagher&geo=ES"
"quiniela","1k+","3 February 2026 at 04:10:00 UTC+5:30","3 February 2026 at 12:00:00 UTC+5:30","quiniela","./explore?q=quiniela&geo=ES"
"trail blazers - suns","500+","4 February 2026 at 12:00:00 UTC+5:30","4 February 2026 at 14:20:00 UTC+5:30","trail blazers - suns","./explore?q=trail%20blazers%20-%20suns&geo=ES"
"marta jimenez","1k+","4 February 2026 at 02:30:00 UTC+5:30","4 February 2026 at 03:40:00 UTC+5:30","marta jimenez,marta jiménez","./explore?q=marta%20jimenez&geo=ES"
"valencia","1k+","1 February 2026 at 21:10:00 UTC+5:30","1 February 2026 at 23:40:00 UTC+5:30","valencia","./explore?q=valencia&geo=ES"
"alex corretja","200+","6 February 2026 at 04:00:00 UTC+5:30","6 February 2026 at 05:00:00 UTC+5:30","alex corretja","./explore?q=alex%20corretja&geo=ES"
"byd","500+","6 February 2026 at 04:00:00 UTC+5:30","6 February 2026 at 05:10:00 UTC+5:30","byd","./explore?q=byd&geo=ES"
"feijoo congreso dana","1k+","3 February 2026 at 03:40:00 UTC+5:30","3 February 2026 at 05:30:00 UTC+5:30","feijoo congreso dana,rufian,feijoo","./explore?q=feijoo%20congreso%20dana&geo=ES"
"ferran torres","1k+","1 February 2026 at 01:50:00 UTC+5:30","1 February 2026 at 04:40:00 UTC+5:30","ferran torres","./explore?q=ferran%20torres&geo=ES"
"enrique lores","500+","3 February 2026 at 18:20:00 UTC+5:30","3 February 2026 at 21:20:00 UTC+5:30","enrique lores","./explore?q=enrique%20lores&geo=ES"
"ameba","200+","6 February 2026 at 02:30:00 UTC+5:30","6 February 2026 at 03:40:00 UTC+5:30","ameba","./explore?q=ameba&geo=ES"
"padre no hay más que uno serie","200+","6 February 2026 at 04:20:00 UTC+5:30","6 February 2026 at 05:30:00 UTC+5:30","padre no hay más que uno serie","./explore?q=padre%20no%20hay%20m%C3%A1s%20que%20uno%20serie&geo=ES"
"tdp","500+","4 February 2026 at 21:40:00 UTC+5:30","4 February 2026 at 23:00:00 UTC+5:30","tdp","./explore?q=tdp&geo=ES"
"xrp","200+","6 February 2026 at 04:40:00 UTC+5:30","6 February 2026 at 07:10:00 UTC+5:30","xrp","./explore?q=xrp&geo=ES"
"alianza catalana","100+","7 February 2026 at 03:10:00 UTC+5:30","7 February 2026 at 03:40:00 UTC+5:30","alianza catalana","./explore?q=alianza%20catalana&geo=ES"
"josefina castellví","200+","5 February 2026 at 13:30:00 UTC+5:30","5 February 2026 at 20:50:00 UTC+5:30","josefina castellví","./explore?q=josefina%20castellv%C3%AD&geo=ES"
"final copa del rey","100+","6 February 2026 at 18:40:00 UTC+5:30","6 February 2026 at 19:30:00 UTC+5:30","final copa del rey","./explore?q=final%20copa%20del%20rey&geo=ES"
"vinícius júnior","1k+","1 February 2026 at 19:00:00 UTC+5:30","1 February 2026 at 21:40:00 UTC+5:30","vinícius júnior","./explore?q=vin%C3%ADcius%20j%C3%BAnior&geo=ES"
"grok","1k+","4 February 2026 at 02:30:00 UTC+5:30","4 February 2026 at 03:40:00 UTC+5:30","grok","./explore?q=grok&geo=ES"
"resultados primitiva","2k+","1 February 2026 at 03:00:00 UTC+5:30","1 February 2026 at 13:00:00 UTC+5:30","resultados primitiva,gordo de la primitiva","./explore?q=resultados%20primitiva&geo=ES"
"paco salazar","200+","6 February 2026 at 03:40:00 UTC+5:30","6 February 2026 at 04:50:00 UTC+5:30","paco salazar","./explore?q=paco%20salazar&geo=ES"
"pablo pasapalabra","200+","6 February 2026 at 04:20:00 UTC+5:30","6 February 2026 at 05:30:00 UTC+5:30","pablo pasapalabra","./explore?q=pablo%20pasapalabra&geo=ES"
"camden town","2k+","1 February 2026 at 03:50:00 UTC+5:30","1 February 2026 at 05:10:00 UTC+5:30","camden town,camden","./explore?q=camden%20town&geo=ES"
"pakistan vs australia","1k+","1 February 2026 at 16:40:00 UTC+5:30","1 February 2026 at 19:10:00 UTC+5:30","pakistan vs australia","./explore?q=pakistan%20vs%20australia&geo=ES"
"bucks - bulls","200+","4 February 2026 at 11:20:00 UTC+5:30","4 February 2026 at 13:50:00 UTC+5:30","bucks - bulls","./explore?q=bucks%20-%20bulls&geo=ES"
"manuel escribano","2k+","1 February 2026 at 23:40:00 UTC+5:30","2 February 2026 at 01:00:00 UTC+5:30","manuel escribano,manuel escribano torero","./explore?q=manuel%20escribano&geo=ES"
"beatriz talegon","200+","6 February 2026 at 04:00:00 UTC+5:30","6 February 2026 at 04:50:00 UTC+5:30","beatriz talegon","./explore?q=beatriz%20talegon&geo=ES"
"pablo rivero pareja","200+","6 February 2026 at 04:20:00 UTC+5:30","6 February 2026 at 05:30:00 UTC+5:30","pablo rivero pareja","./explore?q=pablo%20rivero%20pareja&geo=ES"
"almada","200+","6 February 2026 at 03:20:00 UTC+5:30","6 February 2026 at 04:20:00 UTC+5:30","almada","./explore?q=almada&geo=ES"
"bologna vs milan","500+","4 February 2026 at 01:50:00 UTC+5:30","4 February 2026 at 04:20:00 UTC+5:30","bologna vs milan,ac milan","./explore?q=bologna%20vs%20milan&geo=ES"
"candela gonzalez","500+","5 February 2026 at 00:50:00 UTC+5:30","5 February 2026 at 02:10:00 UTC+5:30","candela gonzalez","./explore?q=candela%20gonzalez&geo=ES"
"robert redford","1k+","1 February 2026 at 04:20:00 UTC+5:30","1 February 2026 at 06:50:00 UTC+5:30","robert redford","./explore?q=robert%20redford&geo=ES"
"lec","1k+","2 February 2026 at 22:40:00 UTC+5:30","3 February 2026 at 00:50:00 UTC+5:30","lec","./explore?q=lec&geo=ES"
"raptors - timberwolves","200+","5 February 2026 at 11:50:00 UTC+5:30","5 February 2026 at 13:40:00 UTC+5:30","raptors - timberwolves","./explore?q=raptors%20-%20timberwolves&geo=ES"
"la voz de almeria","500+","5 February 2026 at 00:40:00 UTC+5:30","5 February 2026 at 02:00:00 UTC+5:30","la voz de almeria","./explore?q=la%20voz%20de%20almeria&geo=ES"
"lookman transfermarkt","200+","6 February 2026 at 02:10:00 UTC+5:30","6 February 2026 at 03:20:00 UTC+5:30","lookman transfermarkt","./explore?q=lookman%20transfermarkt&geo=ES"
"diario de cadiz","200+","6 February 2026 at 11:40:00 UTC+5:30","6 February 2026 at 12:40:00 UTC+5:30","diario de cadiz","./explore?q=diario%20de%20cadiz&geo=ES"
"ios 26.3 rc","200+","6 February 2026 at 01:50:00 UTC+5:30","6 February 2026 at 02:50:00 UTC+5:30","ios 26.3 rc","./explore?q=ios%2026.3%20rc&geo=ES"
"deportivo","1k+","1 February 2026 at 00:00:00 UTC+5:30","1 February 2026 at 02:20:00 UTC+5:30","deportivo","./explore?q=deportivo&geo=ES"
"central sindical independiente y de funcionarios","100+","6 February 2026 at 22:10:00 UTC+5:30","6 February 2026 at 22:50:00 UTC+5:30","central sindical independiente y de funcionarios","./explore?q=central%20sindical%20independiente%20y%20de%20funcionarios&geo=ES"
"rachel mcadams","1k+","1 February 2026 at 20:50:00 UTC+5:30","1 February 2026 at 23:00:00 UTC+5:30","rachel mcadams","./explore?q=rachel%20mcadams&geo=ES"
"bragantino - atlético mineiro","200+","5 February 2026 at 03:30:00 UTC+5:30","5 February 2026 at 05:00:00 UTC+5:30","bragantino - atlético mineiro","./explore?q=bragantino%20-%20atl%C3%A9tico%20mineiro&geo=ES"
"fcf","2k+","2 February 2026 at 01:30:00 UTC+5:30","2 February 2026 at 03:00:00 UTC+5:30","fcf","./explore?q=fcf&geo=ES"
"niño asesinado en sueca","500+","2 February 2026 at 21:10:00 UTC+5:30","2 February 2026 at 23:00:00 UTC+5:30","niño asesinado en sueca","./explore?q=ni%C3%B1o%20asesinado%20en%20sueca&geo=ES"
"guillermo fesser","200+","6 February 2026 at 03:00:00 UTC+5:30","6 February 2026 at 03:50:00 UTC+5:30","guillermo fesser","./explore?q=guillermo%20fesser&geo=ES"
"calabria","200+","5 February 2026 at 17:30:00 UTC+5:30","5 February 2026 at 18:40:00 UTC+5:30","calabria","./explore?q=calabria&geo=ES"
"lyon vs","200+","5 February 2026 at 02:40:00 UTC+5:30","5 February 2026 at 04:10:00 UTC+5:30","lyon vs","./explore?q=lyon%20vs&geo=ES"
"quien gana el bote de pasapalabra 2026 manu o rosa","1k+","4 February 2026 at 01:20:00 UTC+5:30","4 February 2026 at 03:10:00 UTC+5:30","quien gana el bote de pasapalabra 2026 manu o rosa","./explore?q=quien%20gana%20el%20bote%20de%20pasapalabra%202026%20manu%20o%20rosa&geo=ES"
"jason momoa","1k+","1 February 2026 at 02:50:00 UTC+5:30","1 February 2026 at 05:50:00 UTC+5:30","jason momoa","./explore?q=jason%20momoa&geo=ES"
"blanca romero","200+","5 February 2026 at 04:20:00 UTC+5:30","5 February 2026 at 05:50:00 UTC+5:30","blanca romero","./explore?q=blanca%20romero&geo=ES"
"bucaramanga - alianza","500+","2 February 2026 at 00:40:00 UTC+5:30","2 February 2026 at 03:30:00 UTC+5:30","bucaramanga - alianza","./explore?q=bucaramanga%20-%20alianza&geo=ES"
"mikel merino","500+","2 February 2026 at 02:50:00 UTC+5:30","2 February 2026 at 05:30:00 UTC+5:30","mikel merino,mikel merino lesión","./explore?q=mikel%20merino&geo=ES"
"hbo max","1k+","1 February 2026 at 13:40:00 UTC+5:30","1 February 2026 at 16:00:00 UTC+5:30","hbo max","./explore?q=hbo%20max&geo=ES"
"juan larios","500+","2 February 2026 at 19:00:00 UTC+5:30","2 February 2026 at 21:10:00 UTC+5:30","juan larios","./explore?q=juan%20larios&geo=ES"
"zito luvumbo","500+","2 February 2026 at 20:50:00 UTC+5:30","3 February 2026 at 06:20:00 UTC+5:30","zito luvumbo,luvumbo,diario de mallorca","./explore?q=zito%20luvumbo&geo=ES"
"obús primera guerra mundial","500+","3 February 2026 at 14:40:00 UTC+5:30","3 February 2026 at 16:20:00 UTC+5:30","obús primera guerra mundial","./explore?q=ob%C3%BAs%20primera%20guerra%20mundial&geo=ES"
"cuántos grand slam tiene carlos alcaraz","500+","1 February 2026 at 16:50:00 UTC+5:30","1 February 2026 at 19:20:00 UTC+5:30","cuántos grand slam tiene carlos alcaraz","./explore?q=cu%C3%A1ntos%20grand%20slam%20tiene%20carlos%20alcaraz&geo=ES"
"mawuli mensah","500+","3 February 2026 at 02:20:00 UTC+5:30","3 February 2026 at 04:30:00 UTC+5:30","mawuli mensah","./explore?q=mawuli%20mensah&geo=ES"
"lucy letby","200+","5 February 2026 at 03:20:00 UTC+5:30","5 February 2026 at 05:20:00 UTC+5:30","lucy letby","./explore?q=lucy%20letby&geo=ES"
"virus nipah ultimas noticias","500+","2 February 2026 at 05:00:00 UTC+5:30","2 February 2026 at 07:50:00 UTC+5:30","virus nipah ultimas noticias","./explore?q=virus%20nipah%20ultimas%20noticias&geo=ES"
"liverpool fc","1k+","1 February 2026 at 02:00:00 UTC+5:30","1 February 2026 at 04:40:00 UTC+5:30","liverpool fc","./explore?q=liverpool%20fc&geo=ES"
"alvaro rodriguez","1k+","1 February 2026 at 02:00:00 UTC+5:30","1 February 2026 at 04:40:00 UTC+5:30","alvaro rodriguez","./explore?q=alvaro%20rodriguez&geo=ES"
"indra","200+","6 February 2026 at 02:10:00 UTC+5:30","6 February 2026 at 03:00:00 UTC+5:30","indra","./explore?q=indra&geo=ES"
"cam thomas","200+","6 February 2026 at 02:10:00 UTC+5:30","6 February 2026 at 03:00:00 UTC+5:30","cam thomas","./explore?q=cam%20thomas&geo=ES"
"emma raducanu","500+","2 February 2026 at 22:00:00 UTC+5:30","2 February 2026 at 23:50:00 UTC+5:30","emma raducanu","./explore?q=emma%20raducanu&geo=ES"
"capital de australia","500+","1 February 2026 at 15:20:00 UTC+5:30","1 February 2026 at 18:40:00 UTC+5:30","capital de australia","./explore?q=capital%20de%20australia&geo=ES"
"martinez ares","500+","3 February 2026 at 02:50:00 UTC+5:30","3 February 2026 at 04:30:00 UTC+5:30","martinez ares,antonio martínez ares","./explore?q=martinez%20ares&geo=ES"
"england vs sri lanka","500+","3 February 2026 at 19:30:00 UTC+5:30","3 February 2026 at 23:20:00 UTC+5:30","england vs sri lanka,sri lanka vs england","./explore?q=england%20vs%20sri%20lanka&geo=ES"
"mas que rivales","500+","6 February 2026 at 03:00:00 UTC+5:30","6 February 2026 at 06:00:00 UTC+5:30","mas que rivales,movistar plus+","./explore?q=mas%20que%20rivales&geo=ES"
"patricia montero","500+","3 February 2026 at 04:00:00 UTC+5:30","3 February 2026 at 07:20:00 UTC+5:30","patricia montero","./explore?q=patricia%20montero&geo=ES"
"barsa femenino","100+","6 February 2026 at 03:20:00 UTC+5:30","6 February 2026 at 04:30:00 UTC+5:30","barsa femenino","./explore?q=barsa%20femenino&geo=ES"
"extranjería","500+","3 February 2026 at 12:10:00 UTC+5:30","3 February 2026 at 15:00:00 UTC+5:30","extranjería,juan soto ivars","./explore?q=extranjer%C3%ADa&geo=ES"
"man utd","500+","1 February 2026 at 21:10:00 UTC+5:30","1 February 2026 at 23:40:00 UTC+5:30","man utd,strand larsen","./explore?q=man%20utd&geo=ES"
"david cordon","1k+","1 February 2026 at 23:00:00 UTC+5:30","2 February 2026 at 00:10:00 UTC+5:30","david cordon,david cordón,david cordon getafe","./explore?q=david%20cordon&geo=ES"
"spurs - magic","500+","2 February 2026 at 11:20:00 UTC+5:30","2 February 2026 at 14:10:00 UTC+5:30","spurs - magic","./explore?q=spurs%20-%20magic&geo=ES"
"danny ocean","200+","5 February 2026 at 04:20:00 UTC+5:30","5 February 2026 at 13:00:00 UTC+5:30","danny ocean","./explore?q=danny%20ocean&geo=ES"
"miranda de ebro","500+","3 February 2026 at 01:30:00 UTC+5:30","3 February 2026 at 03:40:00 UTC+5:30","miranda de ebro","./explore?q=miranda%20de%20ebro&geo=ES"
"sarah santaolalla","200+","5 February 2026 at 23:20:00 UTC+5:30","6 February 2026 at 00:20:00 UTC+5:30","sarah santaolalla","./explore?q=sarah%20santaolalla&geo=ES"
"james harden","200+","4 February 2026 at 12:30:00 UTC+5:30","4 February 2026 at 14:30:00 UTC+5:30","james harden,harden","./explore?q=james%20harden&geo=ES"
"nikola cumic","500+","1 February 2026 at 21:10:00 UTC+5:30","1 February 2026 at 23:10:00 UTC+5:30","nikola cumic","./explore?q=nikola%20cumic&geo=ES"
"mikel jauregizar","200+","5 February 2026 at 03:20:00 UTC+5:30","5 February 2026 at 04:30:00 UTC+5:30","mikel jauregizar","./explore?q=mikel%20jauregizar&geo=ES"
"cris contra el cancer","500+","1 February 2026 at 04:30:00 UTC+5:30","1 February 2026 at 17:40:00 UTC+5:30","cris contra el cancer","./explore?q=cris%20contra%20el%20cancer&geo=ES"
"precio luz hoy domingo","500+","1 February 2026 at 19:10:00 UTC+5:30","1 February 2026 at 21:50:00 UTC+5:30","precio luz hoy domingo,precio luz mañana","./explore?q=precio%20luz%20hoy%20domingo&geo=ES"
"florentino pérez","500+","1 February 2026 at 18:30:00 UTC+5:30","1 February 2026 at 21:40:00 UTC+5:30","florentino pérez,florentino","./explore?q=florentino%20p%C3%A9rez&geo=ES"
"cd lugo - ponferradina","1k+","2 February 2026 at 02:00:00 UTC+5:30","2 February 2026 at 04:00:00 UTC+5:30","cd lugo - ponferradina,ponferradina","./explore?q=cd%20lugo%20-%20ponferradina&geo=ES"
"canal ugr","200+","5 February 2026 at 03:20:00 UTC+5:30","5 February 2026 at 04:30:00 UTC+5:30","canal ugr","./explore?q=canal%20ugr&geo=ES"
"javier sierra","500+","2 February 2026 at 04:00:00 UTC+5:30","2 February 2026 at 05:40:00 UTC+5:30","javier sierra","./explore?q=javier%20sierra&geo=ES"
"leiva conciertos","500+","3 February 2026 at 03:20:00 UTC+5:30","3 February 2026 at 04:50:00 UTC+5:30","leiva conciertos","./explore?q=leiva%20conciertos&geo=ES"
"maite galdeano","1k+","2 February 2026 at 01:30:00 UTC+5:30","2 February 2026 at 02:40:00 UTC+5:30","maite galdeano,valdemorillo","./explore?q=maite%20galdeano&geo=ES"
"clasificación de segunda división","500+","2 February 2026 at 04:20:00 UTC+5:30","3 February 2026 at 04:10:00 UTC+5:30","clasificación de segunda división","./explore?q=clasificaci%C3%B3n%20de%20segunda%20divisi%C3%B3n&geo=ES"
"hijos urdangarin","1k+","2 February 2026 at 03:30:00 UTC+5:30","2 February 2026 at 05:10:00 UTC+5:30","hijos urdangarin,hijos de urdangarin,hijos de iñaki urdangarin,pareja iñaki urdangarin,libro urdangarin,urdangarin carcel","./explore?q=hijos%20urdangarin&geo=ES"
"magic - nets","100+","6 February 2026 at 12:10:00 UTC+5:30","6 February 2026 at 13:20:00 UTC+5:30","magic - nets","./explore?q=magic%20-%20nets&geo=ES"
"orri óskarsson","200+","5 February 2026 at 03:30:00 UTC+5:30","5 February 2026 at 04:50:00 UTC+5:30","orri óskarsson","./explore?q=orri%20%C3%B3skarsson&geo=ES"
"claude","500+","4 February 2026 at 02:10:00 UTC+5:30","4 February 2026 at 03:30:00 UTC+5:30","claude","./explore?q=claude&geo=ES"
"flamengo x corinthians","500+","2 February 2026 at 00:20:00 UTC+5:30","2 February 2026 at 03:20:00 UTC+5:30","flamengo x corinthians","./explore?q=flamengo%20x%20corinthians&geo=ES"
"fallout new vegas remaster","200+","5 February 2026 at 04:30:00 UTC+5:30","5 February 2026 at 05:50:00 UTC+5:30","fallout new vegas remaster","./explore?q=fallout%20new%20vegas%20remaster&geo=ES"
"posiciones de la liga","2k+","1 February 2026 at 20:40:00 UTC+5:30","2 February 2026 at 03:00:00 UTC+5:30","posiciones de la liga,clasificacion primera,clasificación liga","./explore?q=posiciones%20de%20la%20liga&geo=ES"
"aena","200+","5 February 2026 at 18:50:00 UTC+5:30","5 February 2026 at 19:50:00 UTC+5:30","aena","./explore?q=aena&geo=ES"
"departamento de justicia de los estados unidos","200+","4 February 2026 at 20:10:00 UTC+5:30","4 February 2026 at 21:30:00 UTC+5:30","departamento de justicia de los estados unidos,archivos epstein","./explore?q=departamento%20de%20justicia%20de%20los%20estados%20unidos&geo=ES"
"teldeactualidad","500+","1 February 2026 at 18:30:00 UTC+5:30","1 February 2026 at 20:50:00 UTC+5:30","teldeactualidad","./explore?q=teldeactualidad&geo=ES"
"vida nueva","500+","3 February 2026 at 23:20:00 UTC+5:30","4 February 2026 at 00:30:00 UTC+5:30","vida nueva,centro vida nueva","./explore?q=vida%20nueva&geo=ES"
"vito quiles","500+","5 February 2026 at 19:00:00 UTC+5:30","5 February 2026 at 20:00:00 UTC+5:30","vito quiles","./explore?q=vito%20quiles&geo=ES"
"joaquin reyes","200+","5 February 2026 at 15:00:00 UTC+5:30","5 February 2026 at 16:00:00 UTC+5:30","joaquin reyes","./explore?q=joaquin%20reyes&geo=ES"
"альбасете – барселона","200+","4 February 2026 at 01:10:00 UTC+5:30","4 February 2026 at 02:50:00 UTC+5:30","альбасете – барселона","./explore?q=%D0%B0%D0%BB%D1%8C%D0%B1%D0%B0%D1%81%D0%B5%D1%82%D0%B5%20%E2%80%93%20%D0%B1%D0%B0%D1%80%D1%81%D0%B5%D0%BB%D0%BE%D0%BD%D0%B0&geo=ES"
"eugeni sallent rac1","200+","4 February 2026 at 21:20:00 UTC+5:30","4 February 2026 at 22:30:00 UTC+5:30","eugeni sallent rac1","./explore?q=eugeni%20sallent%20rac1&geo=ES"
"lewandowski","1k+","4 February 2026 at 02:40:00 UTC+5:30","4 February 2026 at 03:20:00 UTC+5:30","lewandowski","./explore?q=lewandowski&geo=ES"
"calendario febrero 2026","500+","2 February 2026 at 13:20:00 UTC+5:30","2 February 2026 at 15:40:00 UTC+5:30","calendario febrero 2026","./explore?q=calendario%20febrero%202026&geo=ES"
"killers","500+","1 February 2026 at 20:10:00 UTC+5:30","1 February 2026 at 22:30:00 UTC+5:30","killers","./explore?q=killers&geo=ES"
"ana duato","500+","4 February 2026 at 02:50:00 UTC+5:30","4 February 2026 at 04:10:00 UTC+5:30","ana duato","./explore?q=ana%20duato&geo=ES"
"senegal","500+","4 February 2026 at 00:00:00 UTC+5:30","4 February 2026 at 00:50:00 UTC+5:30","senegal","./explore?q=senegal&geo=ES"
"rio genil","200+","6 February 2026 at 19:50:00 UTC+5:30","6 February 2026 at 20:20:00 UTC+5:30","rio genil","./explore?q=rio%20genil&geo=ES"
"movistar","1k+","1 February 2026 at 14:10:00 UTC+5:30","1 February 2026 at 15:50:00 UTC+5:30","movistar","./explore?q=movistar&geo=ES"
"atletico nacional vs inter de miami","500+","1 February 2026 at 04:10:00 UTC+5:30","1 February 2026 at 07:00:00 UTC+5:30","atletico nacional vs inter de miami,nacional","./explore?q=atletico%20nacional%20vs%20inter%20de%20miami&geo=ES"
"lalachus","200+","6 February 2026 at 02:50:00 UTC+5:30","6 February 2026 at 03:40:00 UTC+5:30","lalachus","./explore?q=lalachus&geo=ES"
"luz casal","1k+","1 February 2026 at 02:40:00 UTC+5:30","1 February 2026 at 04:00:00 UTC+5:30","luz casal","./explore?q=luz%20casal&geo=ES"
"heat - bulls","500+","1 February 2026 at 09:30:00 UTC+5:30","2 February 2026 at 06:00:00 UTC+5:30","heat - bulls","./explore?q=heat%20-%20bulls&geo=ES"
"madrid - ud tenerife","100+","5 February 2026 at 11:00:00 UTC+5:30","5 February 2026 at 13:30:00 UTC+5:30","madrid - ud tenerife","./explore?q=madrid%20-%20ud%20tenerife&geo=ES"
"helen mirren","500+","1 February 2026 at 04:30:00 UTC+5:30","1 February 2026 at 07:00:00 UTC+5:30","helen mirren","./explore?q=helen%20mirren&geo=ES"
"taylor swift","200+","5 February 2026 at 06:10:00 UTC+5:30","5 February 2026 at 13:00:00 UTC+5:30","taylor swift","./explore?q=taylor%20swift&geo=ES"
"kendrick lamar","500+","2 February 2026 at 12:10:00 UTC+5:30","2 February 2026 at 14:50:00 UTC+5:30","kendrick lamar","./explore?q=kendrick%20lamar&geo=ES"
"tve 1 directo","200+","4 February 2026 at 01:40:00 UTC+5:30","4 February 2026 at 03:10:00 UTC+5:30","tve 1 directo","./explore?q=tve%201%20directo&geo=ES"
"la sexta","500+","2 February 2026 at 02:20:00 UTC+5:30","2 February 2026 at 04:10:00 UTC+5:30","la sexta","./explore?q=la%20sexta&geo=ES"
"from temporada 4 trailer","200+","5 February 2026 at 19:00:00 UTC+5:30","5 February 2026 at 20:00:00 UTC+5:30","from temporada 4 trailer","./explore?q=from%20temporada%204%20trailer&geo=ES"
"instagram","500+","5 February 2026 at 07:20:00 UTC+5:30","5 February 2026 at 08:20:00 UTC+5:30","instagram","./explore?q=instagram&geo=ES"
"alla tu","200+","6 February 2026 at 01:40:00 UTC+5:30","6 February 2026 at 02:40:00 UTC+5:30","alla tu","./explore?q=alla%20tu&geo=ES"
"malaga hoy","500+","3 February 2026 at 02:00:00 UTC+5:30","3 February 2026 at 04:00:00 UTC+5:30","malaga hoy","./explore?q=malaga%20hoy&geo=ES"
"noam chomsky","500+","4 February 2026 at 02:30:00 UTC+5:30","4 February 2026 at 03:50:00 UTC+5:30","noam chomsky,chomsky","./explore?q=noam%20chomsky&geo=ES"
"brais méndez","500+","2 February 2026 at 03:20:00 UTC+5:30","2 February 2026 at 05:00:00 UTC+5:30","brais méndez,brais mendez","./explore?q=brais%20m%C3%A9ndez&geo=ES"
"aemet jaen","200+","3 February 2026 at 18:30:00 UTC+5:30","3 February 2026 at 20:20:00 UTC+5:30","aemet jaen","./explore?q=aemet%20jaen&geo=ES"
"la primera en directo","200+","4 February 2026 at 01:50:00 UTC+5:30","4 February 2026 at 03:20:00 UTC+5:30","la primera en directo","./explore?q=la%20primera%20en%20directo&geo=ES"
"antony","200+","6 February 2026 at 02:10:00 UTC+5:30","6 February 2026 at 02:50:00 UTC+5:30","antony","./explore?q=antony&geo=ES"
"mendy","500+","1 February 2026 at 19:40:00 UTC+5:30","1 February 2026 at 21:40:00 UTC+5:30","mendy","./explore?q=mendy&geo=ES"
"ron harper jr.","200+","5 February 2026 at 11:50:00 UTC+5:30","5 February 2026 at 13:20:00 UTC+5:30","ron harper jr.","./explore?q=ron%20harper%20jr.&geo=ES"
"žalgiris - mónaco","500+","4 February 2026 at 00:00:00 UTC+5:30","4 February 2026 at 01:20:00 UTC+5:30","žalgiris - mónaco","./explore?q=%C5%BEalgiris%20-%20m%C3%B3naco&geo=ES"
"marrero","500+","2 February 2026 at 02:10:00 UTC+5:30","2 February 2026 at 03:40:00 UTC+5:30","marrero","./explore?q=marrero&geo=ES"
"vito quiles","500+","4 February 2026 at 02:20:00 UTC+5:30","4 February 2026 at 03:30:00 UTC+5:30","vito quiles","./explore?q=vito%20quiles&geo=ES"
"thunder - magic","200+","4 February 2026 at 11:30:00 UTC+5:30","4 February 2026 at 13:30:00 UTC+5:30","thunder - magic","./explore?q=thunder%20-%20magic&geo=ES"
"juan diego","500+","2 February 2026 at 04:40:00 UTC+5:30","2 February 2026 at 06:20:00 UTC+5:30","juan diego,carolina yuste","./explore?q=juan%20diego&geo=ES"
"porto fc","200+","3 February 2026 at 03:00:00 UTC+5:30","3 February 2026 at 05:10:00 UTC+5:30","porto fc","./explore?q=porto%20fc&geo=ES"
"ernesto de hannover","500+","4 February 2026 at 17:40:00 UTC+5:30","4 February 2026 at 18:50:00 UTC+5:30","ernesto de hannover","./explore?q=ernesto%20de%20hannover&geo=ES"
"harrison ford","500+","1 February 2026 at 21:00:00 UTC+5:30","1 February 2026 at 23:00:00 UTC+5:30","harrison ford","./explore?q=harrison%20ford&geo=ES"
"alysa liu","100+","6 February 2026 at 19:50:00 UTC+5:30","6 February 2026 at 20:20:00 UTC+5:30","alysa liu","./explore?q=alysa%20liu&geo=ES"
"ubeda","200+","5 February 2026 at 03:30:00 UTC+5:30","5 February 2026 at 04:40:00 UTC+5:30","ubeda","./explore?q=ubeda&geo=ES"
"botafogo rp - palmeiras","200+","2 February 2026 at 05:00:00 UTC+5:30","2 February 2026 at 12:20:00 UTC+5:30","botafogo rp - palmeiras","./explore?q=botafogo%20rp%20-%20palmeiras&geo=ES"
"valencia basket","1k+","1 February 2026 at 22:30:00 UTC+5:30","2 February 2026 at 00:00:00 UTC+5:30","valencia basket","./explore?q=valencia%20basket&geo=ES"
"pensiones","500+","1 February 2026 at 22:50:00 UTC+5:30","2 February 2026 at 00:40:00 UTC+5:30","pensiones","./explore?q=pensiones&geo=ES"
"javier veiga","500+","3 February 2026 at 00:50:00 UTC+5:30","3 February 2026 at 02:00:00 UTC+5:30","javier veiga","./explore?q=javier%20veiga&geo=ES"
"dani olmo","500+","4 February 2026 at 03:00:00 UTC+5:30","4 February 2026 at 04:00:00 UTC+5:30","dani olmo","./explore?q=dani%20olmo&geo=ES"
"leire diez","500+","3 February 2026 at 02:30:00 UTC+5:30","3 February 2026 at 03:50:00 UTC+5:30","leire diez,antonio hernando","./explore?q=leire%20diez&geo=ES"
"marta ortega","100+","6 February 2026 at 04:30:00 UTC+5:30","6 February 2026 at 14:40:00 UTC+5:30","marta ortega","./explore?q=marta%20ortega&geo=ES"
"beatriz talegon","200+","4 February 2026 at 02:50:00 UTC+5:30","4 February 2026 at 04:00:00 UTC+5:30","beatriz talegon","./explore?q=beatriz%20talegon&geo=ES"
"casarabonela","500+","1 February 2026 at 00:10:00 UTC+5:30","1 February 2026 at 02:00:00 UTC+5:30","casarabonela","./explore?q=casarabonela&geo=ES"
"pablo urdangarin","500+","2 February 2026 at 02:50:00 UTC+5:30","2 February 2026 at 05:20:00 UTC+5:30","pablo urdangarin","./explore?q=pablo%20urdangarin&geo=ES"
"liverpool – newcastle","500+","1 February 2026 at 01:50:00 UTC+5:30","1 February 2026 at 04:40:00 UTC+5:30","liverpool – newcastle","./explore?q=liverpool%20%E2%80%93%20newcastle&geo=ES"
"sterling","500+","2 February 2026 at 23:10:00 UTC+5:30","3 February 2026 at 00:40:00 UTC+5:30","sterling","./explore?q=sterling&geo=ES"
"mateu alemany","200+","6 February 2026 at 02:30:00 UTC+5:30","6 February 2026 at 03:10:00 UTC+5:30","mateu alemany","./explore?q=mateu%20alemany&geo=ES"
"stranger things relatos del 85","200+","3 February 2026 at 17:10:00 UTC+5:30","3 February 2026 at 19:00:00 UTC+5:30","stranger things relatos del 85","./explore?q=stranger%20things%20relatos%20del%2085&geo=ES"
"turkish airlines euroleague","500+","4 February 2026 at 02:50:00 UTC+5:30","4 February 2026 at 03:50:00 UTC+5:30","turkish airlines euroleague","./explore?q=turkish%20airlines%20euroleague&geo=ES"
"leire diez","200+","5 February 2026 at 14:50:00 UTC+5:30","5 February 2026 at 15:40:00 UTC+5:30","leire diez","./explore?q=leire%20diez&geo=ES"
"raul perez","200+","4 February 2026 at 04:40:00 UTC+5:30","4 February 2026 at 06:30:00 UTC+5:30","raul perez","./explore?q=raul%20perez&geo=ES"
"dylan ennis","200+","4 February 2026 at 03:00:00 UTC+5:30","4 February 2026 at 04:10:00 UTC+5:30","dylan ennis","./explore?q=dylan%20ennis&geo=ES"
"rio alberche","200+","5 February 2026 at 19:40:00 UTC+5:30","5 February 2026 at 20:30:00 UTC+5:30","rio alberche","./explore?q=rio%20alberche&geo=ES"
"dave bautista","500+","1 February 2026 at 02:50:00 UTC+5:30","1 February 2026 at 05:30:00 UTC+5:30","dave bautista","./explore?q=dave%20bautista&geo=ES"
"scooter braun","200+","3 February 2026 at 20:30:00 UTC+5:30","3 February 2026 at 22:00:00 UTC+5:30","scooter braun","./explore?q=scooter%20braun&geo=ES"
"pablo bustinduy","500+","2 February 2026 at 14:00:00 UTC+5:30","2 February 2026 at 15:30:00 UTC+5:30","pablo bustinduy","./explore?q=pablo%20bustinduy&geo=ES"
"niza","200+","4 February 2026 at 19:10:00 UTC+5:30","4 February 2026 at 20:20:00 UTC+5:30","niza","./explore?q=niza&geo=ES"
"jared mccain","200+","5 February 2026 at 01:20:00 UTC+5:30","5 February 2026 at 02:20:00 UTC+5:30","jared mccain","./explore?q=jared%20mccain&geo=ES"
"infanta elena","500+","2 February 2026 at 03:00:00 UTC+5:30","2 February 2026 at 05:10:00 UTC+5:30","infanta elena","./explore?q=infanta%20elena&geo=ES"
"boe hoy","200+","5 February 2026 at 12:20:00 UTC+5:30","5 February 2026 at 13:30:00 UTC+5:30","boe hoy","./explore?q=boe%20hoy&geo=ES"
"dr barbacid","500+","3 February 2026 at 03:10:00 UTC+5:30","3 February 2026 at 04:20:00 UTC+5:30","dr barbacid,cancer de pancreas","./explore?q=dr%20barbacid&geo=ES"
"zubac","200+","6 February 2026 at 01:20:00 UTC+5:30","6 February 2026 at 02:00:00 UTC+5:30","zubac","./explore?q=zubac&geo=ES"
"manuel clavel rojo","200+","4 February 2026 at 23:40:00 UTC+5:30","5 February 2026 at 00:40:00 UTC+5:30","manuel clavel rojo","./explore?q=manuel%20clavel%20rojo&geo=ES"
"bullet","200+","4 February 2026 at 04:20:00 UTC+5:30","4 February 2026 at 05:40:00 UTC+5:30","bullet","./explore?q=bullet&geo=ES"
"rod laver","500+","1 February 2026 at 15:40:00 UTC+5:30","1 February 2026 at 18:40:00 UTC+5:30","rod laver,marat safin","./explore?q=rod%20laver&geo=ES"
"google stock","200+","5 February 2026 at 03:10:00 UTC+5:30","5 February 2026 at 04:20:00 UTC+5:30","google stock","./explore?q=google%20stock&geo=ES"
"anderlecht - antwerp","100+","6 February 2026 at 01:20:00 UTC+5:30","6 February 2026 at 02:20:00 UTC+5:30","anderlecht - antwerp","./explore?q=anderlecht%20-%20antwerp&geo=ES"
"roma","500+","3 February 2026 at 02:30:00 UTC+5:30","3 February 2026 at 04:00:00 UTC+5:30","roma,teledeporte directo","./explore?q=roma&geo=ES"
"mendy rayo","500+","1 February 2026 at 19:50:00 UTC+5:30","1 February 2026 at 21:40:00 UTC+5:30","mendy rayo","./explore?q=mendy%20rayo&geo=ES"
"frenkie de jong","200+","4 February 2026 at 02:20:00 UTC+5:30","4 February 2026 at 03:40:00 UTC+5:30","frenkie de jong","./explore?q=frenkie%20de%20jong&geo=ES"
"ud ibiza - atlético de madrid b","500+","1 February 2026 at 23:40:00 UTC+5:30","2 February 2026 at 01:20:00 UTC+5:30","ud ibiza - atlético de madrid b","./explore?q=ud%20ibiza%20-%20atl%C3%A9tico%20de%20madrid%20b&geo=ES"
"alguazas","200+","3 February 2026 at 21:10:00 UTC+5:30","3 February 2026 at 22:20:00 UTC+5:30","alguazas","./explore?q=alguazas&geo=ES"
"cordoba valladolid","500+","1 February 2026 at 02:10:00 UTC+5:30","1 February 2026 at 04:30:00 UTC+5:30","cordoba valladolid","./explore?q=cordoba%20valladolid&geo=ES"
"premios carmen 2026","500+","1 February 2026 at 03:20:00 UTC+5:30","1 February 2026 at 05:40:00 UTC+5:30","premios carmen 2026,premios carmen","./explore?q=premios%20carmen%202026&geo=ES"
"cristina tarrega","200+","3 February 2026 at 17:30:00 UTC+5:30","3 February 2026 at 18:40:00 UTC+5:30","cristina tarrega","./explore?q=cristina%20tarrega&geo=ES"
"puerto rico","200+","2 February 2026 at 19:30:00 UTC+5:30","3 February 2026 at 05:40:00 UTC+5:30","puerto rico","./explore?q=puerto%20rico&geo=ES"
"nina dobrev","200+","3 February 2026 at 04:00:00 UTC+5:30","3 February 2026 at 06:20:00 UTC+5:30","nina dobrev","./explore?q=nina%20dobrev&geo=ES"
"ibrahim diabate","200+","3 February 2026 at 02:40:00 UTC+5:30","3 February 2026 at 04:20:00 UTC+5:30","ibrahim diabate","./explore?q=ibrahim%20diabate&geo=ES"
"loterías y apuestas del estado","500+","1 February 2026 at 03:10:00 UTC+5:30","1 February 2026 at 05:20:00 UTC+5:30","loterías y apuestas del estado","./explore?q=loter%C3%ADas%20y%20apuestas%20del%20estado&geo=ES"
"juanra bonet","200+","5 February 2026 at 00:20:00 UTC+5:30","5 February 2026 at 01:20:00 UTC+5:30","juanra bonet","./explore?q=juanra%20bonet&geo=ES"
"paloma del rio","200+","5 February 2026 at 03:10:00 UTC+5:30","5 February 2026 at 04:10:00 UTC+5:30","paloma del rio","./explore?q=paloma%20del%20rio&geo=ES"
"deportivo garcilaso - sporting cristal","500+","1 February 2026 at 23:40:00 UTC+5:30","2 February 2026 at 02:10:00 UTC+5:30","deportivo garcilaso - sporting cristal","./explore?q=deportivo%20garcilaso%20-%20sporting%20cristal&geo=ES"
"almeria","200+","5 February 2026 at 01:00:00 UTC+5:30","5 February 2026 at 01:50:00 UTC+5:30","almeria","./explore?q=almeria&geo=ES"
"opus 4.6","200+","6 February 2026 at 00:30:00 UTC+5:30","6 February 2026 at 01:10:00 UTC+5:30","opus 4.6","./explore?q=opus%204.6&geo=ES"
"van de ven","200+","3 February 2026 at 03:20:00 UTC+5:30","3 February 2026 at 05:40:00 UTC+5:30","van de ven","./explore?q=van%20de%20ven&geo=ES"
"c","200+","4 February 2026 at 08:00:00 UTC+5:30","4 February 2026 at 11:20:00 UTC+5:30","c","./explore?q=c&geo=ES"
"jota peleteiro","200+","3 February 2026 at 22:20:00 UTC+5:30","3 February 2026 at 23:30:00 UTC+5:30","jota peleteiro","./explore?q=jota%20peleteiro&geo=ES"
"sfc","200+","3 February 2026 at 02:40:00 UTC+5:30","3 February 2026 at 04:30:00 UTC+5:30","sfc","./explore?q=sfc&geo=ES"
"iñaki williams","500+","2 February 2026 at 02:20:00 UTC+5:30","2 February 2026 at 04:20:00 UTC+5:30","iñaki williams","./explore?q=i%C3%B1aki%20williams&geo=ES"
"isabel coixet","500+","1 February 2026 at 04:30:00 UTC+5:30","1 February 2026 at 05:50:00 UTC+5:30","isabel coixet","./explore?q=isabel%20coixet&geo=ES"
"paraguay","500+","3 February 2026 at 02:50:00 UTC+5:30","3 February 2026 at 04:00:00 UTC+5:30","paraguay","./explore?q=paraguay&geo=ES"
"plus ultra","200+","4 February 2026 at 03:10:00 UTC+5:30","4 February 2026 at 04:20:00 UTC+5:30","plus ultra","./explore?q=plus%20ultra&geo=ES"
"amd stock","200+","4 February 2026 at 03:10:00 UTC+5:30","4 February 2026 at 04:30:00 UTC+5:30","amd stock","./explore?q=amd%20stock&geo=ES"
"cómo ha quedado el barcelona","500+","1 February 2026 at 03:40:00 UTC+5:30","1 February 2026 at 05:20:00 UTC+5:30","cómo ha quedado el barcelona","./explore?q=c%C3%B3mo%20ha%20quedado%20el%20barcelona&geo=ES"
"wesley real sociedad","500+","2 February 2026 at 03:10:00 UTC+5:30","2 February 2026 at 04:20:00 UTC+5:30","wesley real sociedad,wesley gassova","./explore?q=wesley%20real%20sociedad&geo=ES"
"boyacá chicó - santa fe","200+","1 February 2026 at 05:10:00 UTC+5:30","1 February 2026 at 08:00:00 UTC+5:30","boyacá chicó - santa fe","./explore?q=boyac%C3%A1%20chic%C3%B3%20-%20santa%20fe&geo=ES"
"birmancevic","200+","3 February 2026 at 03:50:00 UTC+5:30","3 February 2026 at 05:20:00 UTC+5:30","birmancevic","./explore?q=birmancevic&geo=ES"
"jerdy schouten","100+","5 February 2026 at 14:40:00 UTC+5:30","5 February 2026 at 15:40:00 UTC+5:30","jerdy schouten","./explore?q=jerdy%20schouten&geo=ES"
"al ittihad - al-najma sc","500+","1 February 2026 at 23:10:00 UTC+5:30","2 February 2026 at 00:50:00 UTC+5:30","al ittihad - al-najma sc","./explore?q=al%20ittihad%20-%20al-najma%20sc&geo=ES"
"jessica alba","500+","1 February 2026 at 03:00:00 UTC+5:30","1 February 2026 at 05:30:00 UTC+5:30","jessica alba","./explore?q=jessica%20alba&geo=ES"
"chimy ávila","500+","1 February 2026 at 21:30:00 UTC+5:30","1 February 2026 at 23:10:00 UTC+5:30","chimy ávila,chimy avila","./explore?q=chimy%20%C3%A1vila&geo=ES"
"cultural leonesa contra deportivo","500+","1 February 2026 at 00:10:00 UTC+5:30","1 February 2026 at 02:00:00 UTC+5:30","cultural leonesa contra deportivo,cultural leonesa hoy,cultural deportivo","./explore?q=cultural%20leonesa%20contra%20deportivo&geo=ES"
"jano monserrate","500+","1 February 2026 at 00:30:00 UTC+5:30","1 February 2026 at 02:00:00 UTC+5:30","jano monserrate","./explore?q=jano%20monserrate&geo=ES"
"anamaria vartolomei","100+","5 February 2026 at 13:10:00 UTC+5:30","5 February 2026 at 14:10:00 UTC+5:30","anamaria vartolomei","./explore?q=anamaria%20vartolomei&geo=ES"
"leiva goya","500+","3 February 2026 at 03:10:00 UTC+5:30","3 February 2026 at 04:20:00 UTC+5:30","leiva goya,goya 2026","./explore?q=leiva%20goya&geo=ES"
"turin","500+","1 February 2026 at 19:40:00 UTC+5:30","2 February 2026 at 02:50:00 UTC+5:30","turin","./explore?q=turin&geo=ES"
"suns - clippers","200+","2 February 2026 at 11:30:00 UTC+5:30","2 February 2026 at 13:50:00 UTC+5:30","suns - clippers","./explore?q=suns%20-%20clippers&geo=ES"
"michael jackson","200+","4 February 2026 at 02:00:00 UTC+5:30","4 February 2026 at 03:10:00 UTC+5:30","michael jackson","./explore?q=michael%20jackson&geo=ES"
"el mundo deportivo","1k+","1 February 2026 at 21:00:00 UTC+5:30","1 February 2026 at 22:00:00 UTC+5:30","el mundo deportivo","./explore?q=el%20mundo%20deportivo&geo=ES"
"roca rey","200+","6 February 2026 at 01:10:00 UTC+5:30","6 February 2026 at 01:40:00 UTC+5:30","roca rey","./explore?q=roca%20rey&geo=ES"
"rtveplay","200+","4 February 2026 at 01:40:00 UTC+5:30","4 February 2026 at 02:50:00 UTC+5:30","rtveplay","./explore?q=rtveplay&geo=ES"
"ai","200+","4 February 2026 at 02:30:00 UTC+5:30","4 February 2026 at 03:40:00 UTC+5:30","ai","./explore?q=ai&geo=ES"
"teledeporte","500+","2 February 2026 at 00:10:00 UTC+5:30","2 February 2026 at 01:20:00 UTC+5:30","teledeporte","./explore?q=teledeporte&geo=ES"
"dfb pokal","200+","5 February 2026 at 02:40:00 UTC+5:30","5 February 2026 at 03:40:00 UTC+5:30","dfb pokal","./explore?q=dfb%20pokal&geo=ES"
"bill clinton","200+","3 February 2026 at 19:50:00 UTC+5:30","3 February 2026 at 21:00:00 UTC+5:30","bill clinton","./explore?q=bill%20clinton&geo=ES"
"central sindical independiente y de funcionarios","200+","4 February 2026 at 19:50:00 UTC+5:30","4 February 2026 at 20:50:00 UTC+5:30","central sindical independiente y de funcionarios","./explore?q=central%20sindical%20independiente%20y%20de%20funcionarios&geo=ES"
"cbs","200+","2 February 2026 at 06:30:00 UTC+5:30","2 February 2026 at 08:20:00 UTC+5:30","cbs","./explore?q=cbs&geo=ES"
"bilbao","500+","2 February 2026 at 02:50:00 UTC+5:30","2 February 2026 at 04:30:00 UTC+5:30","bilbao","./explore?q=bilbao&geo=ES"
"libano","200+","3 February 2026 at 02:50:00 UTC+5:30","3 February 2026 at 04:00:00 UTC+5:30","libano","./explore?q=libano&geo=ES"
"que es el ice","500+","2 February 2026 at 13:50:00 UTC+5:30","2 February 2026 at 20:20:00 UTC+5:30","que es el ice","./explore?q=que%20es%20el%20ice&geo=ES"
"succession","500+","1 February 2026 at 17:00:00 UTC+5:30","1 February 2026 at 18:10:00 UTC+5:30","succession","./explore?q=succession&geo=ES"
"trail blazers - cavaliers","200+","2 February 2026 at 11:50:00 UTC+5:30","2 February 2026 at 14:00:00 UTC+5:30","trail blazers - cavaliers","./explore?q=trail%20blazers%20-%20cavaliers&geo=ES"
"aemet jerez","500+","3 February 2026 at 03:40:00 UTC+5:30","3 February 2026 at 13:10:00 UTC+5:30","aemet jerez,ayuntamiento de jerez","./explore?q=aemet%20jerez&geo=ES"
"lec","500+","2 February 2026 at 03:00:00 UTC+5:30","2 February 2026 at 04:00:00 UTC+5:30","lec,lec lol","./explore?q=lec&geo=ES"
"artemis ii nasa","200+","3 February 2026 at 23:00:00 UTC+5:30","4 February 2026 at 00:10:00 UTC+5:30","artemis ii nasa","./explore?q=artemis%20ii%20nasa&geo=ES"
"arevalo","200+","1 February 2026 at 18:20:00 UTC+5:30","1 February 2026 at 20:30:00 UTC+5:30","arevalo","./explore?q=arevalo&geo=ES"
"tolosa","200+","3 February 2026 at 23:20:00 UTC+5:30","4 February 2026 at 00:30:00 UTC+5:30","tolosa","./explore?q=tolosa&geo=ES"
"cómo ha quedado el betis","500+","1 February 2026 at 23:00:00 UTC+5:30","2 February 2026 at 00:30:00 UTC+5:30","cómo ha quedado el betis","./explore?q=c%C3%B3mo%20ha%20quedado%20el%20betis&geo=ES"
"athenea del castillo","100+","6 February 2026 at 03:30:00 UTC+5:30","6 February 2026 at 04:00:00 UTC+5:30","athenea del castillo","./explore?q=athenea%20del%20castillo&geo=ES"
"gloria camila","500+","1 February 2026 at 22:40:00 UTC+5:30","2 February 2026 at 00:00:00 UTC+5:30","gloria camila","./explore?q=gloria%20camila&geo=ES"
"joao cancelo","500+","4 February 2026 at 02:10:00 UTC+5:30","4 February 2026 at 02:50:00 UTC+5:30","joao cancelo","./explore?q=joao%20cancelo&geo=ES"
"noticias de gipuzkoa","500+","2 February 2026 at 04:00:00 UTC+5:30","2 February 2026 at 12:40:00 UTC+5:30","noticias de gipuzkoa","./explore?q=noticias%20de%20gipuzkoa&geo=ES"
"joan garcia","500+","1 February 2026 at 02:20:00 UTC+5:30","1 February 2026 at 04:20:00 UTC+5:30","joan garcia","./explore?q=joan%20garcia&geo=ES"
"yalla kora","500+","1 February 2026 at 01:50:00 UTC+5:30","1 February 2026 at 03:30:00 UTC+5:30","yalla kora","./explore?q=yalla%20kora&geo=ES"
"porzingis","100+","5 February 2026 at 13:00:00 UTC+5:30","5 February 2026 at 14:00:00 UTC+5:30","porzingis","./explore?q=porzingis&geo=ES"
"rob schneider","100+","5 February 2026 at 03:20:00 UTC+5:30","5 February 2026 at 04:20:00 UTC+5:30","rob schneider","./explore?q=rob%20schneider&geo=ES"
"metro","500+","1 February 2026 at 04:00:00 UTC+5:30","1 February 2026 at 05:10:00 UTC+5:30","metro","./explore?q=metro&geo=ES"
"quien se lleva el bote de pasapalabra 2026","200+","3 February 2026 at 01:30:00 UTC+5:30","3 February 2026 at 02:40:00 UTC+5:30","quien se lleva el bote de pasapalabra 2026","./explore?q=quien%20se%20lleva%20el%20bote%20de%20pasapalabra%202026&geo=ES"
"munuera montero","200+","4 February 2026 at 01:50:00 UTC+5:30","4 February 2026 at 02:50:00 UTC+5:30","munuera montero","./explore?q=munuera%20montero&geo=ES"
"aitor mañas","100+","5 February 2026 at 02:50:00 UTC+5:30","5 February 2026 at 03:50:00 UTC+5:30","aitor mañas","./explore?q=aitor%20ma%C3%B1as&geo=ES"
"maraton murcia 2026","200+","1 February 2026 at 13:40:00 UTC+5:30","1 February 2026 at 16:00:00 UTC+5:30","maraton murcia 2026","./explore?q=maraton%20murcia%202026&geo=ES"
"bali","200+","3 February 2026 at 06:00:00 UTC+5:30","3 February 2026 at 07:10:00 UTC+5:30","bali","./explore?q=bali&geo=ES"
"michelle williams","200+","1 February 2026 at 03:30:00 UTC+5:30","1 February 2026 at 05:20:00 UTC+5:30","michelle williams","./explore?q=michelle%20williams&geo=ES"
"jane fonda","200+","2 February 2026 at 03:10:00 UTC+5:30","2 February 2026 at 04:40:00 UTC+5:30","jane fonda","./explore?q=jane%20fonda&geo=ES"
"openai","200+","4 February 2026 at 02:40:00 UTC+5:30","4 February 2026 at 03:40:00 UTC+5:30","openai","./explore?q=openai&geo=ES"
"fa cup","200+","5 February 2026 at 02:50:00 UTC+5:30","5 February 2026 at 04:30:00 UTC+5:30","fa cup","./explore?q=fa%20cup&geo=ES"
"guéla doué","200+","2 February 2026 at 02:10:00 UTC+5:30","2 February 2026 at 03:40:00 UTC+5:30","guéla doué","./explore?q=gu%C3%A9la%20dou%C3%A9&geo=ES"
"rafael fiziev","200+","1 February 2026 at 07:30:00 UTC+5:30","1 February 2026 at 10:10:00 UTC+5:30","rafael fiziev,maurício ruffy","./explore?q=rafael%20fiziev&geo=ES"
"puerto de santa maria","100+","6 February 2026 at 02:20:00 UTC+5:30","6 February 2026 at 02:50:00 UTC+5:30","puerto de santa maria","./explore?q=puerto%20de%20santa%20maria&geo=ES"
"deia","500+","2 February 2026 at 04:10:00 UTC+5:30","2 February 2026 at 05:20:00 UTC+5:30","deia","./explore?q=deia&geo=ES"
"maupay sevilla","200+","3 February 2026 at 02:20:00 UTC+5:30","3 February 2026 at 03:30:00 UTC+5:30","maupay sevilla","./explore?q=maupay%20sevilla&geo=ES"
"telefonica","200+","4 February 2026 at 15:30:00 UTC+5:30","4 February 2026 at 16:40:00 UTC+5:30","telefonica","./explore?q=telefonica&geo=ES"
"clasificación de primera división","500+","3 February 2026 at 03:30:00 UTC+5:30","3 February 2026 at 04:40:00 UTC+5:30","clasificación de primera división","./explore?q=clasificaci%C3%B3n%20de%20primera%20divisi%C3%B3n&geo=ES"
"rtve a la carta","200+","4 February 2026 at 01:50:00 UTC+5:30","4 February 2026 at 03:00:00 UTC+5:30","rtve a la carta","./explore?q=rtve%20a%20la%20carta&geo=ES"
"posiciones de real madrid","500+","1 February 2026 at 20:30:00 UTC+5:30","1 February 2026 at 21:40:00 UTC+5:30","posiciones de real madrid,entrenador rayo vallecano","./explore?q=posiciones%20de%20real%20madrid&geo=ES"
"alcala del valle","200+","4 February 2026 at 22:40:00 UTC+5:30","4 February 2026 at 23:30:00 UTC+5:30","alcala del valle","./explore?q=alcala%20del%20valle&geo=ES"
"nasdaq","200+","5 February 2026 at 21:30:00 UTC+5:30","5 February 2026 at 22:00:00 UTC+5:30","nasdaq","./explore?q=nasdaq&geo=ES"
"jonathan davino","200+","3 February 2026 at 20:50:00 UTC+5:30","3 February 2026 at 22:00:00 UTC+5:30","jonathan davino","./explore?q=jonathan%20davino&geo=ES"
"liga bbva","2k+","1 February 2026 at 20:40:00 UTC+5:30","1 February 2026 at 21:20:00 UTC+5:30","liga bbva","./explore?q=liga%20bbva&geo=ES"
"pixel 10","200+","3 February 2026 at 05:30:00 UTC+5:30","3 February 2026 at 06:50:00 UTC+5:30","pixel 10","./explore?q=pixel%2010&geo=ES"
"quiron salud","200+","4 February 2026 at 16:30:00 UTC+5:30","4 February 2026 at 17:20:00 UTC+5:30","quiron salud","./explore?q=quiron%20salud&geo=ES"
"mar flores","500+","1 February 2026 at 19:20:00 UTC+5:30","1 February 2026 at 20:30:00 UTC+5:30","mar flores","./explore?q=mar%20flores&geo=ES"
"la encrucijada","500+","1 February 2026 at 00:20:00 UTC+5:30","1 February 2026 at 01:50:00 UTC+5:30","la encrucijada","./explore?q=la%20encrucijada&geo=ES"
"diario cordoba","200+","3 February 2026 at 18:20:00 UTC+5:30","3 February 2026 at 19:20:00 UTC+5:30","diario cordoba","./explore?q=diario%20cordoba&geo=ES"
"euroleague","500+","4 February 2026 at 03:10:00 UTC+5:30","4 February 2026 at 04:00:00 UTC+5:30","euroleague","./explore?q=euroleague&geo=ES"
"tallison teixeira","500+","1 February 2026 at 08:00:00 UTC+5:30","1 February 2026 at 09:40:00 UTC+5:30","tallison teixeira,tai tuivasa","./explore?q=tallison%20teixeira&geo=ES"
"cellnex","100+","4 February 2026 at 15:10:00 UTC+5:30","4 February 2026 at 16:10:00 UTC+5:30","cellnex","./explore?q=cellnex&geo=ES"
"mos","200+","2 February 2026 at 01:30:00 UTC+5:30","2 February 2026 at 04:10:00 UTC+5:30","mos","./explore?q=mos&geo=ES"
"paula echevarría","200+","1 February 2026 at 18:50:00 UTC+5:30","1 February 2026 at 20:00:00 UTC+5:30","paula echevarría","./explore?q=paula%20echevarr%C3%ADa&geo=ES"
"ps5 pro","200+","3 February 2026 at 22:10:00 UTC+5:30","3 February 2026 at 23:10:00 UTC+5:30","ps5 pro","./explore?q=ps5%20pro&geo=ES"
"palantir stock","200+","3 February 2026 at 03:20:00 UTC+5:30","3 February 2026 at 04:40:00 UTC+5:30","palantir stock","./explore?q=palantir%20stock&geo=ES"
"gavi","200+","4 February 2026 at 03:20:00 UTC+5:30","4 February 2026 at 04:20:00 UTC+5:30","gavi","./explore?q=gavi&geo=ES"
"gareth bale","200+","2 February 2026 at 04:20:00 UTC+5:30","2 February 2026 at 08:20:00 UTC+5:30","gareth bale","./explore?q=gareth%20bale&geo=ES"
"lfp","500+","3 February 2026 at 04:20:00 UTC+5:30","3 February 2026 at 05:40:00 UTC+5:30","lfp","./explore?q=lfp&geo=ES"
"alexis sánchez","200+","3 February 2026 at 03:00:00 UTC+5:30","3 February 2026 at 04:10:00 UTC+5:30","alexis sánchez","./explore?q=alexis%20s%C3%A1nchez&geo=ES"
"clint eastwood","500+","1 February 2026 at 05:10:00 UTC+5:30","1 February 2026 at 06:20:00 UTC+5:30","clint eastwood","./explore?q=clint%20eastwood&geo=ES"
"bilbao basket","200+","4 February 2026 at 02:00:00 UTC+5:30","4 February 2026 at 02:50:00 UTC+5:30","bilbao basket","./explore?q=bilbao%20basket&geo=ES"
"rob reiner","200+","2 February 2026 at 20:40:00 UTC+5:30","2 February 2026 at 21:50:00 UTC+5:30","rob reiner","./explore?q=rob%20reiner&geo=ES"
"sergio delgado","200+","2 February 2026 at 02:00:00 UTC+5:30","2 February 2026 at 03:10:00 UTC+5:30","sergio delgado","./explore?q=sergio%20delgado&geo=ES"
"west ham","500+","1 February 2026 at 00:00:00 UTC+5:30","1 February 2026 at 05:00:00 UTC+5:30","west ham,chelsea vs","./explore?q=west%20ham&geo=ES"
"metro madrid","200+","4 February 2026 at 12:40:00 UTC+5:30","4 February 2026 at 13:50:00 UTC+5:30","metro madrid","./explore?q=metro%20madrid&geo=ES"
"vortice polar","200+","2 February 2026 at 20:40:00 UTC+5:30","2 February 2026 at 21:50:00 UTC+5:30","vortice polar","./explore?q=vortice%20polar&geo=ES"
"alberto gutierrez","200+","3 February 2026 at 23:40:00 UTC+5:30","4 February 2026 at 00:40:00 UTC+5:30","alberto gutierrez","./explore?q=alberto%20gutierrez&geo=ES"
"juventus","500+","2 February 2026 at 02:00:00 UTC+5:30","2 February 2026 at 03:00:00 UTC+5:30","juventus","./explore?q=juventus&geo=ES"
"novo nordisk stock","200+","4 February 2026 at 14:20:00 UTC+5:30","4 February 2026 at 15:10:00 UTC+5:30","novo nordisk stock","./explore?q=novo%20nordisk%20stock&geo=ES"
"una nueva vida","500+","2 February 2026 at 05:40:00 UTC+5:30","2 February 2026 at 07:00:00 UTC+5:30","una nueva vida","./explore?q=una%20nueva%20vida&geo=ES"
"juan del val","200+","3 February 2026 at 03:10:00 UTC+5:30","3 February 2026 at 04:10:00 UTC+5:30","juan del val","./explore?q=juan%20del%20val&geo=ES"
"diario vasco","500+","2 February 2026 at 03:50:00 UTC+5:30","2 February 2026 at 04:50:00 UTC+5:30","diario vasco","./explore?q=diario%20vasco&geo=ES"
"tdp","200+","2 February 2026 at 00:00:00 UTC+5:30","2 February 2026 at 01:10:00 UTC+5:30","tdp","./explore?q=tdp&geo=ES"
"eduardo inda","200+","3 February 2026 at 02:40:00 UTC+5:30","3 February 2026 at 03:40:00 UTC+5:30","eduardo inda","./explore?q=eduardo%20inda&geo=ES"
"luis fonsi","200+","2 February 2026 at 20:00:00 UTC+5:30","2 February 2026 at 21:10:00 UTC+5:30","luis fonsi","./explore?q=luis%20fonsi&geo=ES"
"dog","100+","5 February 2026 at 12:40:00 UTC+5:30","5 February 2026 at 13:30:00 UTC+5:30","dog","./explore?q=dog&geo=ES"
"mel gibson","200+","2 February 2026 at 04:50:00 UTC+5:30","2 February 2026 at 06:00:00 UTC+5:30","mel gibson","./explore?q=mel%20gibson&geo=ES"
"serbia","200+","1 February 2026 at 16:40:00 UTC+5:30","1 February 2026 at 18:10:00 UTC+5:30","serbia","./explore?q=serbia&geo=ES"
"madonna","200+","3 February 2026 at 02:00:00 UTC+5:30","3 February 2026 at 03:10:00 UTC+5:30","madonna","./explore?q=madonna&geo=ES"
"atrapa un millon","200+","1 February 2026 at 03:40:00 UTC+5:30","1 February 2026 at 05:20:00 UTC+5:30","atrapa un millon","./explore?q=atrapa%20un%20millon&geo=ES"
"lec lol","200+","3 February 2026 at 00:10:00 UTC+5:30","3 February 2026 at 01:10:00 UTC+5:30","lec lol","./explore?q=lec%20lol&geo=ES"
"austria","200+","2 February 2026 at 03:40:00 UTC+5:30","2 February 2026 at 05:10:00 UTC+5:30","austria","./explore?q=austria&geo=ES"
"estefanía de mónaco","200+","2 February 2026 at 23:00:00 UTC+5:30","3 February 2026 at 00:00:00 UTC+5:30","estefanía de mónaco","./explore?q=estefan%C3%ADa%20de%20m%C3%B3naco&geo=ES"
"bundesliga","1k+","1 February 2026 at 01:20:00 UTC+5:30","1 February 2026 at 02:10:00 UTC+5:30","bundesliga","./explore?q=bundesliga&geo=ES"
"farul - u craiova","200+","1 February 2026 at 21:30:00 UTC+5:30","1 February 2026 at 23:00:00 UTC+5:30","farul - u craiova","./explore?q=farul%20-%20u%20craiova&geo=ES"
"aj styles","200+","1 February 2026 at 02:30:00 UTC+5:30","1 February 2026 at 03:50:00 UTC+5:30","aj styles","./explore?q=aj%20styles&geo=ES"
"carlos cuevas actor","200+","4 February 2026 at 03:10:00 UTC+5:30","4 February 2026 at 04:00:00 UTC+5:30","carlos cuevas actor","./explore?q=carlos%20cuevas%20actor&geo=ES"
"amaia salamanca","200+","5 February 2026 at 04:40:00 UTC+5:30","5 February 2026 at 05:40:00 UTC+5:30","amaia salamanca","./explore?q=amaia%20salamanca&geo=ES"
"benamahoma","200+","1 February 2026 at 01:50:00 UTC+5:30","1 February 2026 at 03:00:00 UTC+5:30","benamahoma","./explore?q=benamahoma&geo=ES"
"rio jarama","100+","5 February 2026 at 13:10:00 UTC+5:30","5 February 2026 at 13:50:00 UTC+5:30","rio jarama","./explore?q=rio%20jarama&geo=ES"
"fallout","200+","5 February 2026 at 04:40:00 UTC+5:30","5 February 2026 at 05:50:00 UTC+5:30","fallout","./explore?q=fallout&geo=ES"
"izan gonzalez","200+","2 February 2026 at 03:20:00 UTC+5:30","2 February 2026 at 04:30:00 UTC+5:30","izan gonzalez","./explore?q=izan%20gonzalez&geo=ES"
"chester","200+","3 February 2026 at 23:50:00 UTC+5:30","4 February 2026 at 00:40:00 UTC+5:30","chester","./explore?q=chester&geo=ES"
"ghislaine maxwell","200+","5 February 2026 at 03:40:00 UTC+5:30","5 February 2026 at 06:10:00 UTC+5:30","ghislaine maxwell","./explore?q=ghislaine%20maxwell&geo=ES"
"colate","500+","3 February 2026 at 05:10:00 UTC+5:30","3 February 2026 at 06:00:00 UTC+5:30","colate,paulina rubio","./explore?q=colate&geo=ES"
"lady gaga","200+","3 February 2026 at 19:40:00 UTC+5:30","3 February 2026 at 20:40:00 UTC+5:30","lady gaga","./explore?q=lady%20gaga&geo=ES"
"fontana de trevi","200+","3 February 2026 at 02:00:00 UTC+5:30","3 February 2026 at 03:10:00 UTC+5:30","fontana de trevi","./explore?q=fontana%20de%20trevi&geo=ES"
"shanghai","200+","2 February 2026 at 03:00:00 UTC+5:30","2 February 2026 at 04:10:00 UTC+5:30","shanghai","./explore?q=shanghai&geo=ES"
"margallo","200+","2 February 2026 at 23:00:00 UTC+5:30","3 February 2026 at 00:10:00 UTC+5:30","margallo","./explore?q=margallo&geo=ES"
"lyon – lille","200+","1 February 2026 at 20:20:00 UTC+5:30","1 February 2026 at 21:50:00 UTC+5:30","lyon – lille","./explore?q=lyon%20%E2%80%93%20lille&geo=ES"
"amsterdam","200+","1 February 2026 at 02:30:00 UTC+5:30","1 February 2026 at 03:50:00 UTC+5:30","amsterdam","./explore?q=amsterdam&geo=ES"
"guti","200+","1 February 2026 at 20:40:00 UTC+5:30","1 February 2026 at 21:50:00 UTC+5:30","guti","./explore?q=guti&geo=ES"
"belén rodríguez","200+","2 February 2026 at 03:00:00 UTC+5:30","2 February 2026 at 04:00:00 UTC+5:30","belén rodríguez","./explore?q=bel%C3%A9n%20rodr%C3%ADguez&geo=ES"
"iñaki urdangarin novia","200+","2 February 2026 at 04:00:00 UTC+5:30","2 February 2026 at 05:20:00 UTC+5:30","iñaki urdangarin novia","./explore?q=i%C3%B1aki%20urdangarin%20novia&geo=ES"
"el tiempo en murcia","200+","4 February 2026 at 11:50:00 UTC+5:30","4 February 2026 at 12:50:00 UTC+5:30","el tiempo en murcia","./explore?q=el%20tiempo%20en%20murcia&geo=ES"
"cooper flagg","200+","1 February 2026 at 12:40:00 UTC+5:30","1 February 2026 at 14:20:00 UTC+5:30","cooper flagg","./explore?q=cooper%20flagg&geo=ES"
"rafa mir","200+","1 February 2026 at 02:00:00 UTC+5:30","1 February 2026 at 04:00:00 UTC+5:30","rafa mir","./explore?q=rafa%20mir&geo=ES"
"c","100+","3 February 2026 at 08:00:00 UTC+5:30","3 February 2026 at 11:20:00 UTC+5:30","c","./explore?q=c&geo=ES"
"fichajes betis","200+","3 February 2026 at 03:20:00 UTC+5:30","3 February 2026 at 05:30:00 UTC+5:30","fichajes betis,estadio deportivo","./explore?q=fichajes%20betis&geo=ES"
"jorge ponce","200+","3 February 2026 at 02:40:00 UTC+5:30","3 February 2026 at 03:40:00 UTC+5:30","jorge ponce","./explore?q=jorge%20ponce&geo=ES"
"el tiempo en murcia","100+","5 February 2026 at 11:10:00 UTC+5:30","5 February 2026 at 12:00:00 UTC+5:30","el tiempo en murcia","./explore?q=el%20tiempo%20en%20murcia&geo=ES"
"hbo","500+","1 February 2026 at 14:20:00 UTC+5:30","1 February 2026 at 15:20:00 UTC+5:30","hbo","./explore?q=hbo&geo=ES"
"lisa","200+","1 February 2026 at 03:10:00 UTC+5:30","1 February 2026 at 04:20:00 UTC+5:30","lisa","./explore?q=lisa&geo=ES"
"cuánto gana el ganador del open de australia","200+","1 February 2026 at 17:20:00 UTC+5:30","1 February 2026 at 18:30:00 UTC+5:30","cuánto gana el ganador del open de australia","./explore?q=cu%C3%A1nto%20gana%20el%20ganador%20del%20open%20de%20australia&geo=ES"
"quillan salkilld","200+","1 February 2026 at 07:30:00 UTC+5:30","1 February 2026 at 09:10:00 UTC+5:30","quillan salkilld","./explore?q=quillan%20salkilld&geo=ES"
"musso","100+","6 February 2026 at 03:20:00 UTC+5:30","6 February 2026 at 03:40:00 UTC+5:30","musso","./explore?q=musso&geo=ES"
"iñaki urdangarin","200+","1 February 2026 at 02:10:00 UTC+5:30","1 February 2026 at 03:20:00 UTC+5:30","iñaki urdangarin","./explore?q=i%C3%B1aki%20urdangarin&geo=ES"
"pacers - hawks","200+","1 February 2026 at 06:10:00 UTC+5:30","1 February 2026 at 13:50:00 UTC+5:30","pacers - hawks","./explore?q=pacers%20-%20hawks&geo=ES"
"gerardo taracena","200+","1 February 2026 at 15:10:00 UTC+5:30","1 February 2026 at 19:50:00 UTC+5:30","gerardo taracena","./explore?q=gerardo%20taracena&geo=ES"
"josep borrell","200+","1 February 2026 at 03:50:00 UTC+5:30","1 February 2026 at 05:00:00 UTC+5:30","josep borrell","./explore?q=josep%20borrell&geo=ES"
"project genie","200+","1 February 2026 at 04:40:00 UTC+5:30","1 February 2026 at 06:30:00 UTC+5:30","project genie","./explore?q=project%20genie&geo=ES"
"courtois","200+","1 February 2026 at 20:00:00 UTC+5:30","1 February 2026 at 21:10:00 UTC+5:30","courtois","./explore?q=courtois&geo=ES"
"manel fuentes","200+","1 February 2026 at 03:40:00 UTC+5:30","1 February 2026 at 04:50:00 UTC+5:30","manel fuentes","./explore?q=manel%20fuentes&geo=ES"
"linz","200+","2 February 2026 at 03:50:00 UTC+5:30","2 February 2026 at 05:00:00 UTC+5:30","linz","./explore?q=linz&geo=ES"
"van der poel","200+","1 February 2026 at 20:50:00 UTC+5:30","1 February 2026 at 22:00:00 UTC+5:30","van der poel","./explore?q=van%20der%20poel&geo=ES"
"gonçalo guedes","100+","5 February 2026 at 03:50:00 UTC+5:30","5 February 2026 at 04:20:00 UTC+5:30","gonçalo guedes","./explore?q=gon%C3%A7alo%20guedes&geo=ES"
"anthropic","100+","4 February 2026 at 14:00:00 UTC+5:30","4 February 2026 at 14:50:00 UTC+5:30","anthropic","./explore?q=anthropic&geo=ES"
"ana orantes","200+","2 February 2026 at 02:50:00 UTC+5:30","2 February 2026 at 03:50:00 UTC+5:30","ana orantes","./explore?q=ana%20orantes&geo=ES"
"الطقس غدًا","200+","5 February 2026 at 02:00:00 UTC+5:30","5 February 2026 at 02:30:00 UTC+5:30","الطقس غدًا","./explore?q=%D8%A7%D9%84%D8%B7%D9%82%D8%B3%20%D8%BA%D8%AF%D9%8B%D8%A7&geo=ES"
"ribadesella","200+","4 February 2026 at 18:40:00 UTC+5:30","4 February 2026 at 19:10:00 UTC+5:30","ribadesella","./explore?q=ribadesella&geo=ES"
"wesley","200+","2 February 2026 at 03:20:00 UTC+5:30","2 February 2026 at 04:20:00 UTC+5:30","wesley","./explore?q=wesley&geo=ES"
"rodrigo mendoza","200+","1 February 2026 at 03:10:00 UTC+5:30","1 February 2026 at 04:20:00 UTC+5:30","rodrigo mendoza","./explore?q=rodrigo%20mendoza&geo=ES"
"boca","200+","2 February 2026 at 05:20:00 UTC+5:30","2 February 2026 at 06:30:00 UTC+5:30","boca","./explore?q=boca&geo=ES"
"gonzalo miró","200+","2 February 2026 at 02:20:00 UTC+5:30","2 February 2026 at 03:20:00 UTC+5:30","gonzalo miró","./explore?q=gonzalo%20mir%C3%B3&geo=ES"
"rangers vs kilmarnock","100+","5 February 2026 at 01:50:00 UTC+5:30","5 February 2026 at 02:20:00 UTC+5:30","rangers vs kilmarnock","./explore?q=rangers%20vs%20kilmarnock&geo=ES"
"diario as","500+","1 February 2026 at 21:00:00 UTC+5:30","1 February 2026 at 21:40:00 UTC+5:30","diario as","./explore?q=diario%20as&geo=ES"
"esport3","200+","1 February 2026 at 22:50:00 UTC+5:30","1 February 2026 at 23:50:00 UTC+5:30","esport3","./explore?q=esport3&geo=ES"
"augusto batalla","200+","1 February 2026 at 20:20:00 UTC+5:30","1 February 2026 at 21:30:00 UTC+5:30","augusto batalla","./explore?q=augusto%20batalla&geo=ES"
"salvador sobral","200+","1 February 2026 at 00:40:00 UTC+5:30","1 February 2026 at 14:50:00 UTC+5:30","salvador sobral","./explore?q=salvador%20sobral&geo=ES"
"cortes de la frontera","100+","5 February 2026 at 13:20:00 UTC+5:30","5 February 2026 at 13:50:00 UTC+5:30","cortes de la frontera","./explore?q=cortes%20de%20la%20frontera&geo=ES"
"lucas beltrán","200+","1 February 2026 at 21:40:00 UTC+5:30","1 February 2026 at 22:50:00 UTC+5:30","lucas beltrán","./explore?q=lucas%20beltr%C3%A1n&geo=ES"
"torrez finney","200+","1 February 2026 at 06:20:00 UTC+5:30","1 February 2026 at 07:40:00 UTC+5:30","torrez finney","./explore?q=torrez%20finney&geo=ES"
"tom hanks","200+","1 February 2026 at 00:30:00 UTC+5:30","1 February 2026 at 01:30:00 UTC+5:30","tom hanks","./explore?q=tom%20hanks&geo=ES"
"oba femi","200+","1 February 2026 at 03:40:00 UTC+5:30","1 February 2026 at 04:40:00 UTC+5:30","oba femi","./explore?q=oba%20femi&geo=ES"
"cómo ha quedado el atlético de madrid","200+","1 February 2026 at 01:20:00 UTC+5:30","1 February 2026 at 02:20:00 UTC+5:30","cómo ha quedado el atlético de madrid","./explore?q=c%C3%B3mo%20ha%20quedado%20el%20atl%C3%A9tico%20de%20madrid&geo=ES"
"dean huijsen","200+","1 February 2026 at 20:10:00 UTC+5:30","1 February 2026 at 21:10:00 UTC+5:30","dean huijsen,huijsen","./explore?q=dean%20huijsen&geo=ES"
"almeria","200+","1 February 2026 at 19:20:00 UTC+5:30","1 February 2026 at 20:30:00 UTC+5:30","almeria","./explore?q=almeria&geo=ES"
"eric garcia","100+","4 February 2026 at 03:00:00 UTC+5:30","4 February 2026 at 03:50:00 UTC+5:30","eric garcia","./explore?q=eric%20garcia&geo=ES"
"juan carlos rivero","100+","4 February 2026 at 03:30:00 UTC+5:30","4 February 2026 at 04:10:00 UTC+5:30","juan carlos rivero","./explore?q=juan%20carlos%20rivero&geo=ES"
"tiempo hoy","500+","2 February 2026 at 12:10:00 UTC+5:30","2 February 2026 at 13:00:00 UTC+5:30","tiempo hoy","./explore?q=tiempo%20hoy&geo=ES"
"cañete la real","200+","1 February 2026 at 15:10:00 UTC+5:30","1 February 2026 at 16:10:00 UTC+5:30","cañete la real","./explore?q=ca%C3%B1ete%20la%20real&geo=ES"
"quinigol","200+","2 February 2026 at 04:00:00 UTC+5:30","2 February 2026 at 05:10:00 UTC+5:30","quinigol","./explore?q=quinigol&geo=ES"
"granada hoy","200+","3 February 2026 at 18:30:00 UTC+5:30","3 February 2026 at 19:00:00 UTC+5:30","granada hoy","./explore?q=granada%20hoy&geo=ES"
"pinos puente","200+","1 February 2026 at 17:10:00 UTC+5:30","1 February 2026 at 18:00:00 UTC+5:30","pinos puente","./explore?q=pinos%20puente&geo=ES"
"roberta metsola","100+","3 February 2026 at 19:40:00 UTC+5:30","3 February 2026 at 20:30:00 UTC+5:30","roberta metsola","./explore?q=roberta%20metsola&geo=ES"
"london eye","200+","1 February 2026 at 04:00:00 UTC+5:30","1 February 2026 at 05:00:00 UTC+5:30","london eye","./explore?q=london%20eye&geo=ES"
"nico serrano","200+","5 February 2026 at 03:30:00 UTC+5:30","5 February 2026 at 04:00:00 UTC+5:30","nico serrano","./explore?q=nico%20serrano&geo=ES"
"besiktas","100+","5 February 2026 at 23:00:00 UTC+5:30","5 February 2026 at 23:20:00 UTC+5:30","besiktas","./explore?q=besiktas&geo=ES"
"lewandowski","200+","1 February 2026 at 03:20:00 UTC+5:30","1 February 2026 at 04:00:00 UTC+5:30","lewandowski","./explore?q=lewandowski&geo=ES"
"borrell","200+","1 February 2026 at 03:50:00 UTC+5:30","1 February 2026 at 05:00:00 UTC+5:30","borrell","./explore?q=borrell&geo=ES"
"super bowl 2026","200+","1 February 2026 at 19:30:00 UTC+5:30","1 February 2026 at 20:30:00 UTC+5:30","super bowl 2026","./explore?q=super%20bowl%202026&geo=ES"
"virus sincitial","100+","2 February 2026 at 13:40:00 UTC+5:30","2 February 2026 at 14:50:00 UTC+5:30","virus sincitial","./explore?q=virus%20sincitial&geo=ES"
"az - twente","200+","4 February 2026 at 01:10:00 UTC+5:30","4 February 2026 at 01:40:00 UTC+5:30","az - twente","./explore?q=az%20-%20twente&geo=ES"
"diariosur","100+","3 February 2026 at 18:20:00 UTC+5:30","3 February 2026 at 19:00:00 UTC+5:30","diariosur","./explore?q=diariosur&geo=ES"
"sas","200+","1 February 2026 at 03:30:00 UTC+5:30","1 February 2026 at 04:40:00 UTC+5:30","sas","./explore?q=sas&geo=ES"
"miguel hermoso","200+","1 February 2026 at 03:30:00 UTC+5:30","1 February 2026 at 04:40:00 UTC+5:30","miguel hermoso","./explore?q=miguel%20hermoso&geo=ES"
"paramount","100+","2 February 2026 at 06:40:00 UTC+5:30","2 February 2026 at 08:00:00 UTC+5:30","paramount","./explore?q=paramount&geo=ES"
"cubarsi","200+","4 February 2026 at 03:00:00 UTC+5:30","4 February 2026 at 03:30:00 UTC+5:30","cubarsi","./explore?q=cubarsi&geo=ES"
"reus","200+","1 February 2026 at 18:20:00 UTC+5:30","1 February 2026 at 19:20:00 UTC+5:30","reus","./explore?q=reus&geo=ES"
"junior tafa","200+","1 February 2026 at 07:20:00 UTC+5:30","1 February 2026 at 08:30:00 UTC+5:30","junior tafa","./explore?q=junior%20tafa&geo=ES"
"cher","200+","1 February 2026 at 17:00:00 UTC+5:30","1 February 2026 at 18:00:00 UTC+5:30","cher","./explore?q=cher&geo=ES"
"heidi klum","100+","2 February 2026 at 13:50:00 UTC+5:30","2 February 2026 at 14:50:00 UTC+5:30","heidi klum","./explore?q=heidi%20klum&geo=ES"
"teledeporte directo","200+","3 February 2026 at 02:00:00 UTC+5:30","3 February 2026 at 02:30:00 UTC+5:30","teledeporte directo","./explore?q=teledeporte%20directo&geo=ES"
"el diablo viste de prada 2","100+","3 February 2026 at 02:10:00 UTC+5:30","3 February 2026 at 03:10:00 UTC+5:30","el diablo viste de prada 2","./explore?q=el%20diablo%20viste%20de%20prada%202&geo=ES"
"laporta","200+","4 February 2026 at 03:50:00 UTC+5:30","4 February 2026 at 04:20:00 UTC+5:30","laporta","./explore?q=laporta&geo=ES"
"anz","100+","1 February 2026 at 16:30:00 UTC+5:30","1 February 2026 at 17:40:00 UTC+5:30","anz","./explore?q=anz&geo=ES"
"dazn españa","200+","1 February 2026 at 18:30:00 UTC+5:30","1 February 2026 at 19:30:00 UTC+5:30","dazn españa","./explore?q=dazn%20espa%C3%B1a&geo=ES"
"iker jiménez","200+","5 February 2026 at 03:00:00 UTC+5:30","5 February 2026 at 03:20:00 UTC+5:30","iker jiménez","./explore?q=iker%20jim%C3%A9nez&geo=ES"
"konate","200+","1 February 2026 at 03:30:00 UTC+5:30","1 February 2026 at 04:30:00 UTC+5:30","konate","./explore?q=konate&geo=ES"
"الريال ضد رايو فاليكانو","100+","1 February 2026 at 18:50:00 UTC+5:30","1 February 2026 at 20:00:00 UTC+5:30","الريال ضد رايو فاليكانو","./explore?q=%D8%A7%D9%84%D8%B1%D9%8A%D8%A7%D9%84%20%D8%B6%D8%AF%20%D8%B1%D8%A7%D9%8A%D9%88%20%D9%81%D8%A7%D9%84%D9%8A%D9%83%D8%A7%D9%86%D9%88&geo=ES"
"pablo marin","200+","2 February 2026 at 02:20:00 UTC+5:30","2 February 2026 at 03:10:00 UTC+5:30","pablo marin","./explore?q=pablo%20marin&geo=ES"
"joel monteiro","200+","3 February 2026 at 00:50:00 UTC+5:30","3 February 2026 at 01:30:00 UTC+5:30","joel monteiro","./explore?q=joel%20monteiro&geo=ES"
"jaren jackson jr","200+","4 February 2026 at 01:20:00 UTC+5:30","4 February 2026 at 01:50:00 UTC+5:30","jaren jackson jr","./explore?q=jaren%20jackson%20jr&geo=ES"
"inteligencia artificial","200+","4 February 2026 at 02:50:00 UTC+5:30","4 February 2026 at 03:20:00 UTC+5:30","inteligencia artificial","./explore?q=inteligencia%20artificial&geo=ES"
"andrea levy","200+","1 February 2026 at 00:10:00 UTC+5:30","1 February 2026 at 01:10:00 UTC+5:30","andrea levy","./explore?q=andrea%20levy&geo=ES"
"roland garros 2026","100+","1 February 2026 at 17:30:00 UTC+5:30","1 February 2026 at 18:30:00 UTC+5:30","roland garros 2026","./explore?q=roland%20garros%202026&geo=ES"
"vfb stuttgart – freiburg","100+","1 February 2026 at 20:40:00 UTC+5:30","1 February 2026 at 21:40:00 UTC+5:30","vfb stuttgart – freiburg","./explore?q=vfb%20stuttgart%20%E2%80%93%20freiburg&geo=ES"
"raquel salazar","200+","2 February 2026 at 04:00:00 UTC+5:30","2 February 2026 at 05:00:00 UTC+5:30","raquel salazar","./explore?q=raquel%20salazar&geo=ES"
"como fc","200+","1 February 2026 at 21:30:00 UTC+5:30","1 February 2026 at 22:10:00 UTC+5:30","como fc","./explore?q=como%20fc&geo=ES"
"candela marquez","100+","3 February 2026 at 01:20:00 UTC+5:30","3 February 2026 at 02:00:00 UTC+5:30","candela marquez","./explore?q=candela%20marquez&geo=ES"
"m","100+","3 February 2026 at 10:00:00 UTC+5:30","3 February 2026 at 12:10:00 UTC+5:30","m","./explore?q=m&geo=ES"
"ederson","200+","2 February 2026 at 01:50:00 UTC+5:30","2 February 2026 at 02:50:00 UTC+5:30","ederson","./explore?q=ederson&geo=ES"
"malta","100+","1 February 2026 at 13:50:00 UTC+5:30","1 February 2026 at 14:50:00 UTC+5:30","malta","./explore?q=malta&geo=ES"
"إلتشيه ضد برشلونة","200+","1 February 2026 at 01:40:00 UTC+5:30","1 February 2026 at 02:40:00 UTC+5:30","إلتشيه ضد برشلونة","./explore?q=%D8%A5%D9%84%D8%AA%D8%B4%D9%8A%D9%87%20%D8%B6%D8%AF%20%D8%A8%D8%B1%D8%B4%D9%84%D9%88%D9%86%D8%A9&geo=ES"
"clasificación primera división","200+","3 February 2026 at 03:50:00 UTC+5:30","3 February 2026 at 04:20:00 UTC+5:30","clasificación primera división","./explore?q=clasificaci%C3%B3n%20primera%20divisi%C3%B3n&geo=ES"
"myinvestor","500+","2 February 2026 at 14:20:00 UTC+5:30","2 February 2026 at 14:50:00 UTC+5:30","myinvestor","./explore?q=myinvestor&geo=ES"
"redondo","200+","1 February 2026 at 03:10:00 UTC+5:30","1 February 2026 at 04:00:00 UTC+5:30","redondo","./explore?q=redondo&geo=ES"
"javier chicote","100+","5 February 2026 at 03:20:00 UTC+5:30","5 February 2026 at 03:40:00 UTC+5:30","javier chicote","./explore?q=javier%20chicote&geo=ES"
"dani ceballos","200+","1 February 2026 at 20:30:00 UTC+5:30","1 February 2026 at 21:10:00 UTC+5:30","dani ceballos","./explore?q=dani%20ceballos&geo=ES"
"g","100+","3 February 2026 at 08:30:00 UTC+5:30","3 February 2026 at 09:50:00 UTC+5:30","g","./explore?q=g&geo=ES"
"benoît saint denis","100+","1 February 2026 at 09:10:00 UTC+5:30","1 February 2026 at 10:30:00 UTC+5:30","benoît saint denis","./explore?q=beno%C3%AEt%20saint%20denis&geo=ES"
"overwatch","100+","5 February 2026 at 01:20:00 UTC+5:30","5 February 2026 at 01:40:00 UTC+5:30","overwatch","./explore?q=overwatch&geo=ES"
"storm leonardo","100+","4 February 2026 at 20:50:00 UTC+5:30","4 February 2026 at 21:10:00 UTC+5:30","storm leonardo","./explore?q=storm%20leonardo&geo=ES"
"реал мадрид – райо вальекано","100+","1 February 2026 at 18:50:00 UTC+5:30","1 February 2026 at 19:40:00 UTC+5:30","реал мадрид – райо вальекано","./explore?q=%D1%80%D0%B5%D0%B0%D0%BB%20%D0%BC%D0%B0%D0%B4%D1%80%D0%B8%D0%B4%20%E2%80%93%20%D1%80%D0%B0%D0%B9%D0%BE%20%D0%B2%D0%B0%D0%BB%D1%8C%D0%B5%D0%BA%D0%B0%D0%BD%D0%BE&geo=ES"
"fermin lopez","200+","4 February 2026 at 03:50:00 UTC+5:30","4 February 2026 at 04:10:00 UTC+5:30","fermin lopez","./explore?q=fermin%20lopez&geo=ES"
"de frutos","200+","1 February 2026 at 20:10:00 UTC+5:30","1 February 2026 at 20:50:00 UTC+5:30","de frutos","./explore?q=de%20frutos&geo=ES"
"oman","200+","1 February 2026 at 03:20:00 UTC+5:30","1 February 2026 at 04:10:00 UTC+5:30","oman","./explore?q=oman&geo=ES"
"juan davila","100+","3 February 2026 at 16:20:00 UTC+5:30","3 February 2026 at 16:50:00 UTC+5:30","juan davila","./explore?q=juan%20davila&geo=ES"
"paramount plus","100+","2 February 2026 at 07:10:00 UTC+5:30","2 February 2026 at 08:00:00 UTC+5:30","paramount plus","./explore?q=paramount%20plus&geo=ES"
"tiempo zaragoza","100+","4 February 2026 at 11:10:00 UTC+5:30","4 February 2026 at 11:50:00 UTC+5:30","tiempo zaragoza","./explore?q=tiempo%20zaragoza&geo=ES"
"pistons - nets","100+","2 February 2026 at 12:10:00 UTC+5:30","2 February 2026 at 13:00:00 UTC+5:30","pistons - nets","./explore?q=pistons%20-%20nets&geo=ES"
"florian wirtz","200+","1 February 2026 at 03:50:00 UTC+5:30","1 February 2026 at 04:30:00 UTC+5:30","florian wirtz","./explore?q=florian%20wirtz&geo=ES"
"victor san bartolome","100+","3 February 2026 at 03:50:00 UTC+5:30","3 February 2026 at 04:20:00 UTC+5:30","victor san bartolome","./explore?q=victor%20san%20bartolome&geo=ES"
"pouso alegre futebol clube - atlético mineiro","200+","1 February 2026 at 01:30:00 UTC+5:30","1 February 2026 at 02:10:00 UTC+5:30","pouso alegre futebol clube - atlético mineiro","./explore?q=pouso%20alegre%20futebol%20clube%20-%20atl%C3%A9tico%20mineiro&geo=ES"
"h","100+","4 February 2026 at 12:30:00 UTC+5:30","4 February 2026 at 13:00:00 UTC+5:30","h","./explore?q=h&geo=ES"
"aus open","200+","1 February 2026 at 15:00:00 UTC+5:30","1 February 2026 at 16:00:00 UTC+5:30","aus open","./explore?q=aus%20open&geo=ES"
"pluto tv","100+","2 February 2026 at 06:40:00 UTC+5:30","2 February 2026 at 07:40:00 UTC+5:30","pluto tv","./explore?q=pluto%20tv&geo=ES"
"teofimo vs shakur","100+","1 February 2026 at 10:40:00 UTC+5:30","1 February 2026 at 12:30:00 UTC+5:30","teofimo vs shakur","./explore?q=teofimo%20vs%20shakur&geo=ES"
"эльче – барселона","100+","1 February 2026 at 02:10:00 UTC+5:30","1 February 2026 at 03:00:00 UTC+5:30","эльче – барселона","./explore?q=%D1%8D%D0%BB%D1%8C%D1%87%D0%B5%20%E2%80%93%20%D0%B1%D0%B0%D1%80%D1%81%D0%B5%D0%BB%D0%BE%D0%BD%D0%B0&geo=ES"
"wwe","100+","1 February 2026 at 04:40:00 UTC+5:30","1 February 2026 at 05:30:00 UTC+5:30","wwe","./explore?q=wwe&geo=ES"
"ألباسيتي ضد برشلونة","100+","4 February 2026 at 01:40:00 UTC+5:30","4 February 2026 at 02:00:00 UTC+5:30","ألباسيتي ضد برشلونة","./explore?q=%D8%A3%D9%84%D8%A8%D8%A7%D8%B3%D9%8A%D8%AA%D9%8A%20%D8%B6%D8%AF%20%D8%A8%D8%B1%D8%B4%D9%84%D9%88%D9%86%D8%A9&geo=ES"
"zdf live","200+","1 February 2026 at 23:00:00 UTC+5:30","1 February 2026 at 23:30:00 UTC+5:30","zdf live","./explore?q=zdf%20live&geo=ES"
"ucm","200+","2 February 2026 at 19:30:00 UTC+5:30","2 February 2026 at 20:10:00 UTC+5:30","ucm","./explore?q=ucm&geo=ES"
"tdp","200+","3 February 2026 at 02:20:00 UTC+5:30","3 February 2026 at 02:40:00 UTC+5:30","tdp","./explore?q=tdp&geo=ES"
"lucas cepeda","100+","1 February 2026 at 03:40:00 UTC+5:30","1 February 2026 at 04:20:00 UTC+5:30","lucas cepeda","./explore?q=lucas%20cepeda&geo=ES"
"luna hoy","100+","1 February 2026 at 23:30:00 UTC+5:30","2 February 2026 at 00:00:00 UTC+5:30","luna hoy","./explore?q=luna%20hoy&geo=ES"
"hibernian vs rangers","100+","1 February 2026 at 20:20:00 UTC+5:30","1 February 2026 at 20:50:00 UTC+5:30","hibernian vs rangers","./explore?q=hibernian%20vs%20rangers&geo=ES"
"tarragona","100+","1 February 2026 at 18:00:00 UTC+5:30","1 February 2026 at 18:30:00 UTC+5:30","tarragona","./explore?q=tarragona&geo=ES"
"monaco – rennes","100+","1 February 2026 at 03:50:00 UTC+5:30","1 February 2026 at 04:30:00 UTC+5:30","monaco – rennes","./explore?q=monaco%20%E2%80%93%20rennes&geo=ES"
"portero del sevilla","200+","3 February 2026 at 02:50:00 UTC+5:30","3 February 2026 at 03:10:00 UTC+5:30","portero del sevilla","./explore?q=portero%20del%20sevilla&geo=ES"
"roman reigns","100+","1 February 2026 at 05:10:00 UTC+5:30","1 February 2026 at 05:40:00 UTC+5:30","roman reigns","./explore?q=roman%20reigns&geo=ES"
"lekeitio","200+","1 February 2026 at 17:30:00 UTC+5:30","1 February 2026 at 17:50:00 UTC+5:30","lekeitio","./explore?q=lekeitio&geo=ES"
"noemi salazar","200+","2 February 2026 at 04:40:00 UTC+5:30","2 February 2026 at 05:00:00 UTC+5:30","noemi salazar","./explore?q=noemi%20salazar&geo=ES"
"que es ice","100+","2 February 2026 at 19:50:00 UTC+5:30","2 February 2026 at 20:10:00 UTC+5:30","que es ice","./explore?q=que%20es%20ice&geo=ES"
"playstation plus juegos","100+","2 February 2026 at 19:40:00 UTC+5:30","2 February 2026 at 20:00:00 UTC+5:30","playstation plus juegos","./explore?q=playstation%20plus%20juegos&geo=ES"
"celtic vs falkirk","100+","1 February 2026 at 21:30:00 UTC+5:30","1 February 2026 at 21:50:00 UTC+5:30","celtic vs falkirk","./explore?q=celtic%20vs%20falkirk&geo=ES"
"esther niubó","100+","1 February 2026 at 15:40:00 UTC+5:30","1 February 2026 at 16:00:00 UTC+5:30","esther niubó","./explore?q=esther%20niub%C3%B3&geo=ES"
"orquesta","100+","2 February 2026 at 00:30:00 UTC+5:30","2 February 2026 at 00:50:00 UTC+5:30","orquesta","./explore?q=orquesta&geo=ES"
"shangai","100+","2 February 2026 at 03:30:00 UTC+5:30","2 February 2026 at 03:50:00 UTC+5:30","shangai","./explore?q=shangai&geo=ES"
"game","100+","3 February 2026 at 06:50:00 UTC+5:30","3 February 2026 at 07:10:00 UTC+5:30","game","./explore?q=game&geo=ES"