"Trends","Search volume","Started","Ended","Trend breakdown","Explore link"
"jeux olympiques d'hiver 2026","2m+","4 February 2026 at 04:30:00 UTC+5:30",,"jeux olympiques d'hiver 2026,jo 2026,programme jo 2026,programme jo,cortina,jo hiver,jo,jeux olympiques,programme jo hiver 2026,jeux olympiques d'hiver,programme jo aujourd'hui,tableau des medailles jo 2026,jeux olympiques d'hiver de 2026 sites,medailles jo hiver 2026,ceremonie ouverture jo 2026,jeux olympiques d'hiver de milan-cortina 2026,ceremonie ouverture jo,alberto tomba,jo d'hiver,jeux olympiques milan cortina,milan,cortina d'ampezzo,president italie,ouverture jo 2026,mariah carey jo,deborah compagnoni,jeux olympiques d'hiver 2026 pays,ouverture jo hiver 2026,jo hiver 2026,programme jeux olympiques 2026,jo programme,stade san siro,president italien,cortina italie,cérémonie d'ouverture jo 2026,programme jeux olympiques d hiver,anneaux olympiques,président italien,france,ski alpinisme,andrea bocelli jo 2026,ceremonie ouverture jo hiver,programme tv jo 2026,cérémonie ouverture jo hiver 2026,ouverture des jo d hiver,jo milan,ceremonie d'ouverture des jo 2026,ceremonie ouverture jo 2026 diffusion,jo hiver france,ceremonie ouverture jo 2026 heure,programme des jo d hiver 2026,hymne italien,france television,mongolie,programme tv jo,meteo milan,ou se passe les jo d hiver 2026,horaire ceremonie ouverture jo 2026,stade milan,meloni italie,jeux olympiques cérémonie,mariah carey jo 2026,jeux olympiques d'hiver de 2026,ceremonie jo hiver 2026,stade de milan,ordre de passage ceremonie d ouverture,flamme olympique,ceremonie jo,programme tv jo hiver 2026,ouverture jo,zlatan,andrea bocelli jo,ski alpinisme jo,zlatan ibrahimović,ceremonie ouverture jo 2026 tv,d,combien de pays au jo 2026,tenue jo 2026 france,pays participants jeux olympiques 2026,ouverture des jo d hiver 2026,cortina d'ampezzo jo,dj ceremonie ouverture jo,stade de san siro,passage france jo,combien de pays aux jo 2026,president republique italie,jeux olympiques d'hiver 2026 programme,combien de pays participent aux jeux olympiques d hiver 2026,président italie,jeux olympiques hiver,jeux olympique hiver 2026,jo d'hiver 2026,ceremonie ouverture jo heure,programme télé de ce soir","./explore?q=jeux%20olympiques%20d%27hiver%202026&geo=FR"
"jack lang","200k+","1 February 2026 at 00:20:00 UTC+5:30",,"jack lang,caroline lang,epstein jeffrey,jacques lang,institut du monde arabe,lang jack","./explore?q=jack%20lang&geo=FR"
"lens – rennes","100k+","7 February 2026 at 20:40:00 UTC+5:30",,"lens – rennes,lens rennes,rc lens,lens foot,match lens,rennes lens,allan saint-maximin,saint maximin,où regarder racing club de lens – stade rennais football club,allan saint maximin,ruben aguilar,rennes foot,rcl,saint maximin lens,lens match,racing club de lens,lens renne,rclens,srfc,lens vs rennes,racing club de lens – stade rennais football club : temps forts,lens rennes chaine,stade rennais football club,odsonne édouard,lens rennes quelle chaine","./explore?q=lens%20%E2%80%93%20rennes&geo=FR"
"2026 winter olympics","100k+","4 February 2026 at 04:50:00 UTC+5:30",,"2026 winter olympics,lollobrigida,milan cortina","./explore?q=2026%20winter%20olympics&geo=FR"
"tournoi des 6 nations","200k+","5 February 2026 at 11:30:00 UTC+5:30",,"tournoi des 6 nations,6 nations,tournoi des 6 nations 2026,italie ecosse,6 nations 2026,rugby 6 nations,italie ecosse rugby,ecosse italie,tournoi des six nations,tournois des 6 nations,tournoi 6 nations,rugby italie ecosse,italie – écosse,match 6 nations,italie rugby,ecosse italie rugby,gonzalo quesada,italie écosse,tournois des 6 nations 2026,italie ecosse chaine,tournoi 6 nations 2026,rugby italie ecosse 2026,match tournoi des 6 nations,ecosse,match italie ecosse,quesada rugby,match 6 nations 2026","./explore?q=tournoi%20des%206%20nations&geo=FR"
"barcelone – majorque","50k+","7 February 2026 at 19:50:00 UTC+5:30",,"barcelone – majorque","./explore?q=barcelone%20%E2%80%93%20majorque&geo=FR"
"france irlande","500k+","2 February 2026 at 01:20:00 UTC+5:30",,"france irlande,france irlande rugby,rugby france irlande,6 nation,rugby france,france – irlande,louis bielle-biarrey,antoine dupont,france rugby,match france irlande,france irlande 2026,tournoi des six nations 2026,match rugby france irlande,bielle biarrey,mickael guillard,france 2,match rugby france,guillard,equipe de france rugby,france irlande rugby six nations,xv de france,resultat france irlande,irlande france,guillard rugby,france irlande rugby score,resultat rugby,composition equipe de france rugby,tournois des 6 nations,france irlande 6 nations,resume france irlande,resultat rugby france irlande,thomas ramos,score france irlande,calendrier tournoi des 6 nations 2026,charles ollivon,match rugby aujourd'hui,tournoi des six nations,calendrier 6 nations 2026,rugby france irlande 2026,tournoi 6 nations,france irlande chaine,dupont,france irlande rugby match,france irlande 6 nations 2026,fabien galthié,france irlande composition,ollivon,15 de france,france rugby match,oscar jegou,ramos rugby,matthieu lartot,jegou,france angleterre 6 nations,tournois des 6 nations 2026,compo france irlande,match france rugby,match de rugby,france irlande direct,dupont antoine,notes france irlande,resume france irlande 2026,tf1 direct,louis bielle biarrey,match 6 nations,irlande,dupont rugby,france irlande score,match france,resultat france irlande rugby,mickael guillard rugby,guillard mickael,james lowe,france irlande resume,france irlande quelle chaine,mauvaka,match tournoi des 6 nations,jegou rugby,joueur rugby france,chaine france irlande,auradou,france irlande rugby heure,résumé france irlande,irlande rugby,france irlande rugby direct,six nations 2025,match france irlande rugby,résultat france - irlande,france irland,rugby match,irlande france rugby,france irlande rugby resultat,rugby direct,calendrier tournoi des 6 nations,ollivon charles,quelle chaine france irlande,heure match france irlande,france irlande heure,calendrier 6 nations,auradou rugby,france irlande rugby aujourd'hui,match 6 nations 2026,lbb rugby,tournoi 6 nations 2025,france irlande rugby 2026,vainqueur tournoi des 6 nations 2025,tournoi 6 nations 2026,france angleterre,tournoi des 6 nations 2026 calendrier,fabien galtier,ou regarder france irlande,diffusion france irlande,match france irlande 2026,ollivon rugby,programme tournoi des 6 nations,equipe france rugby,pourquoi france irlande un jeudi,note france irlande,score rugby,joueur equipe de france rugby,calendrier six nations 2026,programme tournoi des 6 nations 2026,france irlande rugby resultats,france irlande rugby chaine,blessure antoine dupont,composition france irlande,replay france irlande,rugby guillard,équipe de france de rugby à xv,lucu,score rugby france irlande,match irlande france,irlande france 2025,france tv sport,équipe france rugby joueurs,france irlande 2026 chaine,match equipe de france rugby,c,ramos thomas,sur quelle chaine france irlande,france irlande stade,france","./explore?q=france%20irlande&geo=FR"
"angleterre pays de galles","20k+","7 February 2026 at 17:00:00 UTC+5:30",,"angleterre pays de galles,match rugby,angleterre – pays de galles,angleterre pays de galles rugby,rugby angleterre pays de galles,pays de galles angleterre,angleterre,angleterre rugby,angleterre pays de galles chaine,match angleterre pays de galles,arundell,angleterre pays de galles quelle chaine,angleterre pays de galles sur quelle chaîne","./explore?q=angleterre%20pays%20de%20galles&geo=FR"
"manchester united – tottenham","20k+","7 February 2026 at 17:10:00 UTC+5:30",,"manchester united – tottenham,united,manchester united - tottenham","./explore?q=manchester%20united%20%E2%80%93%20tottenham&geo=FR"
"brest – lorient","10k+","7 February 2026 at 22:40:00 UTC+5:30",,"brest – lorient,brest lorient,brest foot","./explore?q=brest%20%E2%80%93%20lorient&geo=FR"
"ghislaine maxwell","20k+","1 February 2026 at 00:20:00 UTC+5:30",,"ghislaine maxwell,virginia giuffre","./explore?q=ghislaine%20maxwell&geo=FR"
"epstein files pdf","50k+","2 February 2026 at 01:40:00 UTC+5:30",,"epstein files pdf,epstein library files,justice gov epstein,justice gov epstein files,robert maxwell,jay z,george bush,eminem,trump epstein,jean-luc brunel","./explore?q=epstein%20files%20pdf&geo=FR"
"arsenal – sunderland","20k+","7 February 2026 at 19:40:00 UTC+5:30",,"arsenal – sunderland,arsenal vs sunderland,gyokeres,arsenal sunderland","./explore?q=arsenal%20%E2%80%93%20sunderland&geo=FR"
"mariah carey","50k+","6 February 2026 at 17:30:00 UTC+5:30",,"mariah carey,andrea bocelli,sports,bocelli,cortina 2026,nessun dorma,rossini,volare,dolomites,bocelli andrea,san siro milan","./explore?q=mariah%20carey&geo=FR"
"six nations","20k+","5 February 2026 at 17:10:00 UTC+5:30",,"six nations,finn russell,garbisi,six nation","./explore?q=six%20nations&geo=FR"
"wolves – chelsea","10k+","7 February 2026 at 19:40:00 UTC+5:30",,"wolves – chelsea,wolves vs chelsea,cole palmer","./explore?q=wolves%20%E2%80%93%20chelsea&geo=FR"
"nancy – troyes","20k+","7 February 2026 at 17:40:00 UTC+5:30",,"nancy – troyes,asnl","./explore?q=nancy%20%E2%80%93%20troyes&geo=FR"
"newcastle – brentford","5k+","7 February 2026 at 22:10:00 UTC+5:30",,"newcastle – brentford,newcastle vs brentford,newcastle,united tottenham","./explore?q=newcastle%20%E2%80%93%20brentford&geo=FR"
"dossier epstein","20k+","1 February 2026 at 02:30:00 UTC+5:30",,"dossier epstein,jack lang maladie,affaire epstein andrew,tanguy,olivier colom,lang jack,fille de jack lang,jack lang epstein,cedric villani,closer,ile epstein,pierre lescure,fille jack lang,jean pierre foucault,bill gates","./explore?q=dossier%20epstein&geo=FR"
"demission sonia mabrouk cnews","50k+","7 February 2026 at 06:30:00 UTC+5:30",,"demission sonia mabrouk cnews,cnews sonia mabrouk morandini,sonia mabrouk,démission sonia mabrouk cnews,sonia mabrouk démission cnews,cnews sonia mabrouk,serge nedjar,sonia mabrouk quitte cnews,mabrouk,journaliste sonia mabrouk,sonia mabrouk cnews,morandini,sonia mabrouk enceinte,morandini cnews,sonia mabrouk absente cnews,jean-marc morandini,programme tv demain soir","./explore?q=demission%20sonia%20mabrouk%20cnews&geo=FR"
"lens","5k+","7 February 2026 at 22:00:00 UTC+5:30",,"lens","./explore?q=lens&geo=FR"
"nils alphand","20k+","7 February 2026 at 02:30:00 UTC+5:30",,"nils alphand,luc alphand,ski alpin jeux olympiques,nils allègre,maxence muzaton,jo hiver 2026 pays,alphand nils,n alphand,nils allegre,epreuve jo hiver,suisse,patinage artistique,jeu olympique 2026","./explore?q=nils%20alphand&geo=FR"
"skiathlon","20k+","7 February 2026 at 12:10:00 UTC+5:30",,"skiathlon,skiathlon jo 2026,heidi weng,c'est quoi le skiathlon,qu est ce que le skiathlon,skiathlon femmes","./explore?q=skiathlon&geo=FR"
"france tv","50k+","6 February 2026 at 00:30:00 UTC+5:30",,"france tv,alexandre boyon","./explore?q=france%20tv&geo=FR"
"le mans – laval","10k+","7 February 2026 at 17:50:00 UTC+5:30",,"le mans – laval,le mans laval,le mans fc,le mans,le mans laval foot","./explore?q=le%20mans%20%E2%80%93%20laval&geo=FR"
"jeux olympiques d'hiver 2030","20k+","5 February 2026 at 00:30:00 UTC+5:30",,"jeux olympiques d'hiver 2030,jo 2030,jo hiver 2030,jo d'hiver 2030,edgar grospiron,jo 2030 hiver,jeux olympiques 2030","./explore?q=jeux%20olympiques%20d%27hiver%202030&geo=FR"
"genoa – naples","2k+","7 February 2026 at 21:50:00 UTC+5:30",,"genoa – naples","./explore?q=genoa%20%E2%80%93%20naples&geo=FR"
"six nations 2026","10k+","5 February 2026 at 23:30:00 UTC+5:30",,"six nations 2026,itoje,george ford,henry arundell,england vs wales","./explore?q=six%20nations%202026&geo=FR"
"francesca lollobrigida","10k+","7 February 2026 at 21:30:00 UTC+5:30",,"francesca lollobrigida,lollobrigida francesca,milano cortina","./explore?q=francesca%20lollobrigida&geo=FR"
"les lionnes netflix","10k+","5 February 2026 at 22:50:00 UTC+5:30",,"les lionnes netflix,les lionnes,rebecca marder,olivier rosemberg,pascale arbillot","./explore?q=les%20lionnes%20netflix&geo=FR"
"chantal ladesou","10k+","6 February 2026 at 22:50:00 UTC+5:30",,"chantal ladesou,chantal,michel drucker,daniel prevost","./explore?q=chantal%20ladesou&geo=FR"
"stellantis","20k+","6 February 2026 at 13:10:00 UTC+5:30",,"stellantis,action stellantis bourse,stellantis bourse,action stellantis,cours stellantis","./explore?q=stellantis&geo=FR"
"patinage artistique jo 2026","20k+","6 February 2026 at 21:20:00 UTC+5:30",,"patinage artistique jo 2026,medaille jo 2026,laurence fournier beaudry,guillaume cizeron,cizeron,papadakis,patinage artistique aux jeux olympiques,cizeron papadakis","./explore?q=patinage%20artistique%20jo%202026&geo=FR"
"france milano cortina 2026","10k+","6 February 2026 at 12:20:00 UTC+5:30",,"france milano cortina 2026,super g,alpine","./explore?q=france%20milano%20cortina%202026&geo=FR"
"superbowl 2026","10k+","4 February 2026 at 00:30:00 UTC+5:30",,"superbowl 2026,superbowl,super bowl","./explore?q=superbowl%202026&geo=FR"
"barcelona vs mallorca","2k+","7 February 2026 at 20:00:00 UTC+5:30",,"barcelona vs mallorca,barcelona - r.c.d. mallorca,barcelona - mallorca","./explore?q=barcelona%20vs%20mallorca&geo=FR"
"tf1","100k+","7 February 2026 at 22:00:00 UTC+5:30",,"tf1,koh lanta,moundir,léa star academy finale,finale star academy,finale star academy 2026,victor star academy,moundir ambre,star academy,demi finale star academy,finaliste star academy 2026,qui a gagné la star academy 2026,star academy finale,final star academy 2026,gagnant star academy 2026,ambre,ambre ou victor,qui est en finale de la star academy 2026,qui a gagne la demi finale star academy 2026,star ac,camille lellouche,qui a gagné la star academy,qui est parti de la star academy,star academy 2026,qui est en finale star academy 2026,finaliste star academy,qui a gagné la demi-finale de la star academy,starac,star academy demi finale 2026,victor,star academy finale 2026,nrj,elimination star academy 31 janvier,qui a été éliminé à la star academy ce soir,ambre moundir,ambre victor,tf1 direct,ambre star ac,gagnant demi finale star academy 2026,qui a gagné la star academy hier soir,star academy direct","./explore?q=tf1&geo=FR"
"saint-étienne – montpellier","2k+","7 February 2026 at 23:40:00 UTC+5:30",,"saint-étienne – montpellier,montpellier foot","./explore?q=saint-%C3%A9tienne%20%E2%80%93%20montpellier&geo=FR"
"bournemouth – aston villa","2k+","7 February 2026 at 19:40:00 UTC+5:30",,"bournemouth – aston villa","./explore?q=bournemouth%20%E2%80%93%20aston%20villa&geo=FR"
"psg om","5k+","7 February 2026 at 17:00:00 UTC+5:30",,"psg om,om psg","./explore?q=psg%20om&geo=FR"
"mönchengladbach – leverkusen","2k+","7 February 2026 at 22:10:00 UTC+5:30",,"mönchengladbach – leverkusen,leverkusen","./explore?q=m%C3%B6nchengladbach%20%E2%80%93%20leverkusen&geo=FR"
"descente homme jo","5k+","7 February 2026 at 15:10:00 UTC+5:30",,"descente homme jo,josephine pagnier,joséphine pagnier,descente homme","./explore?q=descente%20homme%20jo&geo=FR"
"pfl","2k+","7 February 2026 at 00:00:00 UTC+5:30",,"pfl,taylor lapilus","./explore?q=pfl&geo=FR"
"india vs usa","5k+","7 February 2026 at 18:40:00 UTC+5:30",,"india vs usa,india national cricket team vs united states national cricket team standings,ind vs usa,india national cricket team vs united states national cricket team match scorecard","./explore?q=india%20vs%20usa&geo=FR"
"gus lamont","2k+","7 February 2026 at 19:20:00 UTC+5:30",,"gus lamont","./explore?q=gus%20lamont&geo=FR"
"man united","10k+","7 February 2026 at 18:30:00 UTC+5:30",,"man united,manchester united,man united vs tottenham,man utd,bruno fernandes,manchester united football club","./explore?q=man%20united&geo=FR"
"euromillion 6 fevrier 2026","10k+","7 February 2026 at 02:00:00 UTC+5:30",,"euromillion 6 fevrier 2026,euromillions 6 fevrier 2026,resultat euromillion 6 fevrier 2026,résultat euromillions my million","./explore?q=euromillion%206%20fevrier%202026&geo=FR"
"michel drucker","1k+","7 February 2026 at 23:40:00 UTC+5:30",,"michel drucker","./explore?q=michel%20drucker&geo=FR"
"curling","10k+","4 February 2026 at 12:10:00 UTC+5:30",,"curling,dominik paris","./explore?q=curling&geo=FR"
"samsung galaxy galaxy s26 ultra","2k+","7 February 2026 at 15:30:00 UTC+5:30",,"samsung galaxy galaxy s26 ultra","./explore?q=samsung%20galaxy%20galaxy%20s26%20ultra&geo=FR"
"fiat pandina","10k+","2 February 2026 at 12:00:00 UTC+5:30",,"fiat pandina","./explore?q=fiat%20pandina&geo=FR"
"boris vallaud","2k+","7 February 2026 at 21:20:00 UTC+5:30",,"boris vallaud","./explore?q=boris%20vallaud&geo=FR"
"burnley – west ham","2k+","7 February 2026 at 19:40:00 UTC+5:30",,"burnley – west ham","./explore?q=burnley%20%E2%80%93%20west%20ham&geo=FR"
"fulham – everton","2k+","7 February 2026 at 19:50:00 UTC+5:30",,"fulham – everton","./explore?q=fulham%20%E2%80%93%20everton&geo=FR"
"central cee","5k+","6 February 2026 at 16:50:00 UTC+5:30",,"central cee","./explore?q=central%20cee&geo=FR"
"metz – lille","50k+","7 February 2026 at 00:20:00 UTC+5:30","7 February 2026 at 22:50:00 UTC+5:30","metz – lille,metz lille,fc metz,lille metz,metz foot,metz lille match,metz,lille foot,fc metz lille,où regarder football club de metz – losc,losc metz,metz losc,metz vs losc","./explore?q=metz%20%E2%80%93%20lille&geo=FR"
"franjo von allmen","5k+","7 February 2026 at 16:30:00 UTC+5:30",,"franjo von allmen,descente homme jo 2026,jo descente homme,descente jo,von allmen franjo","./explore?q=franjo%20von%20allmen&geo=FR"
"coupe de france","200k+","3 February 2026 at 11:30:00 UTC+5:30","6 February 2026 at 14:00:00 UTC+5:30","coupe de france,tirage au sort coupe de france,coupe de france 2026,tirage coupe de france,tirage coupe de france 2026,cdf,resultat coupe de france,résultats coupe de france,match coupe de france,coupe de france tirage au sort,tirage au sort coupe de france football,coupe de france de football,coupe de france foot,quart de finale coupe de france,matchs de coupe de france,coupe de france tirage,tfc,tirage de la coupe de france,quart de finale coupe de france 2026,tirage au sort de la coupe de france,chaine tirage coupe de france,om toulouse,tirage cdf,tfc amiens,tirage au sort coupe de france chaine,date quart de finale coupe de france 2026,heure tirage coupe de france,tirage au sort quart de finale coupe de france,tirage coupe de france quart,tirage quart de finale coupe de france 2026,foot coupe de france,resultat coupe de france 2026,tirage coupe de france chaine,lyon lens coupe de france,lyon lens,coupe de france quart de finale 2026,tirage au sort,ol lens,tirage coupe de france quart de finale 2026,tirage quart de finale coupe de france,multiplex coupe de france,diffusion coupe de france,coupe france","./explore?q=coupe%20de%20france&geo=FR"
"mette marit de norvège","20k+","7 February 2026 at 21:30:00 UTC+5:30",,"mette marit de norvège,mette marit de norvege,mette marit,haakon de norvège,norvege,marius borg høiby,princesse de norvege,marius borg hoiby,mette-marit","./explore?q=mette%20marit%20de%20norv%C3%A8ge&geo=FR"
"titouan droguet","2k+","7 February 2026 at 01:10:00 UTC+5:30",,"titouan droguet,droguet","./explore?q=titouan%20droguet&geo=FR"
"gina lollobrigida","10k+","7 February 2026 at 21:30:00 UTC+5:30",,"gina lollobrigida,médailles de jeux olympiques d'hiver,jo d'hiver 2026,descente jo 2026,patinage de vitesse","./explore?q=gina%20lollobrigida&geo=FR"
"pays de galles","2k+","7 February 2026 at 18:10:00 UTC+5:30",,"pays de galles,gourgues rugby,gourgues,compo xv de france","./explore?q=pays%20de%20galles&geo=FR"
"pfl dubai","1k+","7 February 2026 at 20:10:00 UTC+5:30",,"pfl dubai","./explore?q=pfl%20dubai&geo=FR"
"pollock rugby","500+","7 February 2026 at 23:40:00 UTC+5:30",,"pollock rugby","./explore?q=pollock%20rugby&geo=FR"
"strasbourg – monaco","100k+","6 February 2026 at 00:40:00 UTC+5:30","7 February 2026 at 04:20:00 UTC+5:30","strasbourg – monaco,strasbourg monaco,monaco strasbourg,strasbourg foot,strasbourg monaco chaine,rcsa,strasbourg,monaco foot,strasbourg vs monaco,as monaco,rcsa monaco,racing monaco,racing club de strasbourg alsace,rc strasbourg,match strasbourg,racing strasbourg,martial godo,chaine strasbourg monaco,coupe de france chaine","./explore?q=strasbourg%20%E2%80%93%20monaco&geo=FR"
"calendrier et résultats jeux olympiques d'hiver","2k+","7 February 2026 at 00:50:00 UTC+5:30",,"calendrier et résultats jeux olympiques d'hiver","./explore?q=calendrier%20et%20r%C3%A9sultats%20jeux%20olympiques%20d%27hiver&geo=FR"
"cr","200+","7 February 2026 at 23:00:00 UTC+5:30",,"cr","./explore?q=cr&geo=FR"
"henry pollock","200+","7 February 2026 at 23:40:00 UTC+5:30",,"henry pollock","./explore?q=henry%20pollock&geo=FR"
"bitcoin","100k+","5 February 2026 at 04:30:00 UTC+5:30","7 February 2026 at 14:40:00 UTC+5:30","bitcoin,bitcoin cours,btc,cryptomonnaie bitcoin,cours bitcoin,crypto monnaie,cours du bitcoin,cours btc","./explore?q=bitcoin&geo=FR"
"samsunspor – trabzonspor","500+","7 February 2026 at 22:20:00 UTC+5:30",,"samsunspor – trabzonspor","./explore?q=samsunspor%20%E2%80%93%20trabzonspor&geo=FR"
"marseille – rennes","200k+","4 February 2026 at 00:30:00 UTC+5:30","5 February 2026 at 14:20:00 UTC+5:30","marseille – rennes,om rennes,marseille rennes,rennes marseille,om rennes chaine,om renne,football marseille rennes,marseille rennes chaine,om rennes coupe de france,rennes om,marseille rennes coupe de france,marseille vs rennes,match om ce soir,habib beye,match om,rennes foot,où regarder om – stade rennais football club,match om rennes,greenwood,om match,amine gouiri,glen kamara,gouiri,quentin merlin,rennes,balerdi,chaine om rennes,mason greenwood,cdf foot,om rennes quelle chaine,réunion supporters joueurs om,marseille rennes football,aubameyang,stade rennais football club,om ce soir,match marseille rennes,quelle chaîne marseille rennes,diffusion om rennes,marseille rennes foot,resume om rennes coupe de france,om foot,mahdi camara,compo om rennes,om renne chaine,classement coupe de france,om chaine,rongier,quelle chaine om rennes,chaine marseille rennes,valentin rongier,sur quelle chaine om rennes,facundo medina,om rennes coupe de france chaine,marseille rennes sur quelle chaîne,quart de finale coupe de france,l'om,psg coupe de france,om rennes compo,marseille rennes quelle chaîne","./explore?q=marseille%20%E2%80%93%20rennes&geo=FR"
"laurent luyat","1k+","7 February 2026 at 23:20:00 UTC+5:30",,"laurent luyat","./explore?q=laurent%20luyat&geo=FR"
"estoril – tondela","200+","7 February 2026 at 23:10:00 UTC+5:30",,"estoril – tondela","./explore?q=estoril%20%E2%80%93%20tondela&geo=FR"
"koh lanta 2026","200+","7 February 2026 at 23:00:00 UTC+5:30",,"koh lanta 2026","./explore?q=koh%20lanta%202026&geo=FR"
"naples foot","200+","7 February 2026 at 22:50:00 UTC+5:30",,"naples foot","./explore?q=naples%20foot&geo=FR"
"marc bernal","500+","7 February 2026 at 22:40:00 UTC+5:30",,"marc bernal","./explore?q=marc%20bernal&geo=FR"
"soudan","200+","7 February 2026 at 23:40:00 UTC+5:30",,"soudan","./explore?q=soudan&geo=FR"
"coupe davis","1k+","7 February 2026 at 20:50:00 UTC+5:30",,"coupe davis,slovaquie","./explore?q=coupe%20davis&geo=FR"
"saut a ski","200+","7 February 2026 at 23:30:00 UTC+5:30",,"saut a ski","./explore?q=saut%20a%20ski&geo=FR"
"genoa - napoli","200+","7 February 2026 at 22:50:00 UTC+5:30",,"genoa - napoli","./explore?q=genoa%20-%20napoli&geo=FR"
"nantes lyon","2k+","7 February 2026 at 22:00:00 UTC+5:30",,"nantes lyon,nantes","./explore?q=nantes%20lyon&geo=FR"
"tournoi des 6 nations 2026 calendrier","2k+","7 February 2026 at 18:40:00 UTC+5:30",,"tournoi des 6 nations 2026 calendrier,calendrier tournoi des 6 nations 2026,tournoi des 6 nations 2026 diffusion,programme 6 nations 2026,classement rugby,programme 6 nations","./explore?q=tournoi%20des%206%20nations%202026%20calendrier&geo=FR"
"charlize theron","10k+","7 February 2026 at 03:30:00 UTC+5:30","7 February 2026 at 22:20:00 UTC+5:30","charlize theron","./explore?q=charlize%20theron&geo=FR"
"julia roberts","5k+","7 February 2026 at 19:00:00 UTC+5:30","7 February 2026 at 21:50:00 UTC+5:30","julia roberts,richard gere","./explore?q=julia%20roberts&geo=FR"
"al-nassr fc – al ittihad","50k+","6 February 2026 at 22:10:00 UTC+5:30","7 February 2026 at 14:50:00 UTC+5:30","al-nassr fc – al ittihad,al riyad – al-nassr fc,cristiano ronaldo,ronaldo,cr7,championnat d'arabie saoudite,arabie saoudite,al-nassr - al-ittihad","./explore?q=al-nassr%20fc%20%E2%80%93%20al%20ittihad&geo=FR"
"strasbourg – paris-sg","200k+","2 February 2026 at 00:20:00 UTC+5:30","4 February 2026 at 12:30:00 UTC+5:30","strasbourg – paris-sg,psg strasbourg,strasbourg psg,guéla doué,strasbourg vs psg,paris strasbourg match,paris strasbourg,psg,où regarder racing club de strasbourg alsace – paris saint-germain football club,racing psg,rcsa psg,rcsa,safonov,diego moreira,nuno mendes,guela doue,strasbourg psg football,strasbourg psg chaine,strasbourg foot,strasbourg,racing strasbourg,psg strasbourg chaine,guela doué,strasbourg paris,paris saint-germain football club,ligue 1+,ligue 1 +,doué strasbourg,football strasbourg psg,resume strasbourg psg,rc strasbourg,racing club de strasbourg alsace – paris saint-germain football club : temps forts,match strasbourg,rcs psg,match racing strasbourg,rc strasbourg - psg,mayulu,psg vs,kevin gameiro,psg racing,paris sg,gary o'neil,paris strasbourg score,racing club de strasbourg alsace – paris saint-germain football club,match strasbourg psg,racing de estrasburgo - psg,psg vs strasbourg","./explore?q=strasbourg%20%E2%80%93%20paris-sg&geo=FR"
"rayo – real oviedo","5k+","7 February 2026 at 17:40:00 UTC+5:30","7 February 2026 at 21:50:00 UTC+5:30","rayo – real oviedo","./explore?q=rayo%20%E2%80%93%20real%20oviedo&geo=FR"
"big air jo 2026","2k+","7 February 2026 at 23:40:00 UTC+5:30",,"big air jo 2026,france japon hockey sur glace,hockey sur glace,hockey sur glace jo 2026,france en italie","./explore?q=big%20air%20jo%202026&geo=FR"
"grenoble","10k+","6 February 2026 at 20:10:00 UTC+5:30","7 February 2026 at 22:10:00 UTC+5:30","grenoble,grenade grenoble,grenoble grenade,grenade,explosion","./explore?q=grenoble&geo=FR"
"marie blachère","1k+","6 February 2026 at 23:20:00 UTC+5:30",,"marie blachère","./explore?q=marie%20blach%C3%A8re&geo=FR"
"lyon – laval","100k+","5 February 2026 at 00:10:00 UTC+5:30","6 February 2026 at 02:10:00 UTC+5:30","lyon – laval,ol laval,lyon laval,lyon laval foot,match olympique lyonnais laval,ol,laval,lyon foot,laval foot,lyon laval chaine,match ol,endrick,laval lyon,match lyon laval,lyon match,ol match,match lyon,stade lavallois,olympique lyonnais,lyon vs stade laval,ol laval chaine,lyon fc,lyon laval coupe de france,match ol ce soir,lyon laval match,cdf foot,remy descamps,stade lavallois mayenne football club,olympique lyon","./explore?q=lyon%20%E2%80%93%20laval&geo=FR"
"lang","200+","7 February 2026 at 23:40:00 UTC+5:30",,"lang","./explore?q=lang&geo=FR"
"reims – bastia","10k+","6 February 2026 at 23:50:00 UTC+5:30","7 February 2026 at 17:00:00 UTC+5:30","reims – bastia,reims bastia,reims foot,stade de reims,reims","./explore?q=reims%20%E2%80%93%20bastia&geo=FR"
"vincent cerutti","20k+","4 February 2026 at 18:40:00 UTC+5:30","7 February 2026 at 14:00:00 UTC+5:30","vincent cerutti,hapsatou sy,vincent cerruti","./explore?q=vincent%20cerutti&geo=FR"
"darfour","200+","7 February 2026 at 23:40:00 UTC+5:30",,"darfour","./explore?q=darfour&geo=FR"
"troyes – lens","100k+","5 February 2026 at 00:40:00 UTC+5:30","6 February 2026 at 03:00:00 UTC+5:30","troyes – lens,troyes lens,lens troyes,estac lens,estac,lens foot,rc lens,troyes,troyes lens chaine,lens match,rcl,troyes foot,racing club de lens,match lens,martin adeline,lens coupe de france,rclens","./explore?q=troyes%20%E2%80%93%20lens&geo=FR"
"trump obama","20k+","6 February 2026 at 16:50:00 UTC+5:30","7 February 2026 at 20:30:00 UTC+5:30","trump obama,barack obama,obama,video obama trump,t","./explore?q=trump%20obama&geo=FR"
"tanguy pastureau","10k+","7 February 2026 at 02:00:00 UTC+5:30","7 February 2026 at 15:40:00 UTC+5:30","tanguy pastureau,qui est tanguy pastureau,pastureau","./explore?q=tanguy%20pastureau&geo=FR"
"betis – atlético madrid","20k+","6 February 2026 at 00:40:00 UTC+5:30","6 February 2026 at 22:40:00 UTC+5:30","betis – atlético madrid,real betis vs atlético madrid,real betis - atlético madrid,betis","./explore?q=betis%20%E2%80%93%20atl%C3%A9tico%20madrid&geo=FR"
"tcl","2k+","7 February 2026 at 00:20:00 UTC+5:30",,"tcl","./explore?q=tcl&geo=FR"
"manchester city – newcastle","50k+","5 February 2026 at 00:40:00 UTC+5:30","6 February 2026 at 02:20:00 UTC+5:30","manchester city – newcastle,omar marmoush","./explore?q=manchester%20city%20%E2%80%93%20newcastle&geo=FR"
"kevin aymoz","200+","7 February 2026 at 23:40:00 UTC+5:30",,"kevin aymoz","./explore?q=kevin%20aymoz&geo=FR"
"arnaud nordin","2k+","7 February 2026 at 21:40:00 UTC+5:30","7 February 2026 at 23:30:00 UTC+5:30","arnaud nordin,nordin","./explore?q=arnaud%20nordin&geo=FR"
"marcus smith","200+","7 February 2026 at 23:40:00 UTC+5:30",,"marcus smith","./explore?q=marcus%20smith&geo=FR"
"jean luc brunel","20k+","1 February 2026 at 05:50:00 UTC+5:30","7 February 2026 at 20:00:00 UTC+5:30","jean luc brunel","./explore?q=jean%20luc%20brunel&geo=FR"
"laura pausini","10k+","7 February 2026 at 00:50:00 UTC+5:30","7 February 2026 at 16:40:00 UTC+5:30","laura pausini","./explore?q=laura%20pausini&geo=FR"
"rappel filet de poulet carrefour","20k+","7 February 2026 at 16:20:00 UTC+5:30","7 February 2026 at 20:40:00 UTC+5:30","rappel filet de poulet carrefour,rappel filet de poulet,rappel poulet listeria","./explore?q=rappel%20filet%20de%20poulet%20carrefour&geo=FR"
"heated rivalry","10k+","6 February 2026 at 06:50:00 UTC+5:30","7 February 2026 at 23:40:00 UTC+5:30","heated rivalry","./explore?q=heated%20rivalry&geo=FR"
"mathys silistrie","500+","7 February 2026 at 21:30:00 UTC+5:30","7 February 2026 at 23:50:00 UTC+5:30","mathys silistrie","./explore?q=mathys%20silistrie&geo=FR"
"atp montpellier","20k+","2 February 2026 at 18:10:00 UTC+5:30","7 February 2026 at 05:50:00 UTC+5:30","atp montpellier,arthur fils,félix auger-aliassime,tennis,ugo blanchet,valentin royer,open occitanie","./explore?q=atp%20montpellier&geo=FR"
"lamine yamal","500+","7 February 2026 at 22:40:00 UTC+5:30","7 February 2026 at 23:50:00 UTC+5:30","lamine yamal","./explore?q=lamine%20yamal&geo=FR"
"rugby","20k+","5 February 2026 at 17:20:00 UTC+5:30","6 February 2026 at 18:30:00 UTC+5:30","rugby,france ireland,gibson park,france vs ireland,prendergast,sam prendergast,andy farrell","./explore?q=rugby&geo=FR"
"adele van reeth","20k+","5 February 2026 at 15:00:00 UTC+5:30","7 February 2026 at 01:40:00 UTC+5:30","adele van reeth,celine pigalle,céline pigalle,adèle van reeth,adele van reeth quitte france inter,inter,adèle van reeth quitte france inter","./explore?q=adele%20van%20reeth&geo=FR"
"leeds united – nottm forest","5k+","7 February 2026 at 00:40:00 UTC+5:30","7 February 2026 at 16:10:00 UTC+5:30","leeds united – nottm forest,leeds united vs nottm forest","./explore?q=leeds%20united%20%E2%80%93%20nottm%20forest&geo=FR"
"costa rica","2k+","7 February 2026 at 18:10:00 UTC+5:30","7 February 2026 at 21:10:00 UTC+5:30","costa rica","./explore?q=costa%20rica&geo=FR"
"sanary sur mer","50k+","3 February 2026 at 20:00:00 UTC+5:30","6 February 2026 at 12:50:00 UTC+5:30","sanary sur mer,prof poignardée,enseignante poignardée,professeur poignardé,sanary,professeur,edouard geffray,rachel khan,professeur poignardee,var,sanary-sur-mer,sanary prof poignardee,agnes lassalle,professeur poignarde,free mon compte,college la guicharde,professeur poignardée,franz olivier giesbert","./explore?q=sanary%20sur%20mer&geo=FR"
"red star – pau fc","5k+","7 February 2026 at 00:00:00 UTC+5:30","7 February 2026 at 16:10:00 UTC+5:30","red star – pau fc","./explore?q=red%20star%20%E2%80%93%20pau%20fc&geo=FR"
"roland magdane","20k+","3 February 2026 at 12:40:00 UTC+5:30","7 February 2026 at 04:30:00 UTC+5:30","roland magdane","./explore?q=roland%20magdane&geo=FR"
"lorient – paris fc","50k+","5 February 2026 at 00:20:00 UTC+5:30","6 February 2026 at 01:20:00 UTC+5:30","lorient – paris fc,lorient paris fc,lorient foot,fc lorient,paris fc,lorient,pfc,paris fc lorient,lorient fc,match lorient,lorient pfc","./explore?q=lorient%20%E2%80%93%20paris%20fc&geo=FR"
"sankt pauli – stuttgart","1k+","7 February 2026 at 19:10:00 UTC+5:30","7 February 2026 at 23:00:00 UTC+5:30","sankt pauli – stuttgart","./explore?q=sankt%20pauli%20%E2%80%93%20stuttgart&geo=FR"
"daniel bravo","50k+","1 February 2026 at 04:20:00 UTC+5:30","6 February 2026 at 13:30:00 UTC+5:30","daniel bravo,ath. bilbao – real sociedad,gaetane thiney,gaëtane thiney","./explore?q=daniel%20bravo&geo=FR"
"man u","1k+","7 February 2026 at 18:50:00 UTC+5:30","7 February 2026 at 22:30:00 UTC+5:30","man u","./explore?q=man%20u&geo=FR"
"rima hassan","5k+","6 February 2026 at 01:00:00 UTC+5:30","7 February 2026 at 17:30:00 UTC+5:30","rima hassan","./explore?q=rima%20hassan&geo=FR"
"danse avec les stars","20k+","7 February 2026 at 01:10:00 UTC+5:30","7 February 2026 at 04:50:00 UTC+5:30","danse avec les stars,pourquoi il n'y a pas danse avec les stars ce soir,dals 6 fevrier,danse avec les stars ce soir,danse avec les stars vendredi 6 fevrier,danse avec les stars 2026,danse avec les stars prime,pourquoi pas danse avec les stars ce soir,pourquoi il y a pas danse avec les stars ce soir,dals 6 fevrier 2026,danse avec les star,danse avec les stars 6 fevrier 2026,pourquoi pas dals ce soir,dans avec les stars,pourquoi il n'y a pas danse avec les stars","./explore?q=danse%20avec%20les%20stars&geo=FR"
"real madrid – rayo","100k+","1 February 2026 at 17:40:00 UTC+5:30","3 February 2026 at 12:40:00 UTC+5:30","real madrid – rayo,classement real madrid – rayo vallecano de madrid,barcelone fc,match real,real madrid – rayo vallecano de madrid : composition,real rayo","./explore?q=real%20madrid%20%E2%80%93%20rayo&geo=FR"
"walid regragui","10k+","6 February 2026 at 18:00:00 UTC+5:30","7 February 2026 at 14:00:00 UTC+5:30","walid regragui,regragui,regragui demission maroc,regragui walid","./explore?q=walid%20regragui&geo=FR"
"celta vigo – osasuna","5k+","7 February 2026 at 00:40:00 UTC+5:30","7 February 2026 at 15:00:00 UTC+5:30","celta vigo – osasuna","./explore?q=celta%20vigo%20%E2%80%93%20osasuna&geo=FR"
"capuozzo","1k+","7 February 2026 at 19:40:00 UTC+5:30","7 February 2026 at 22:30:00 UTC+5:30","capuozzo","./explore?q=capuozzo&geo=FR"
"eileen gu","2k+","7 February 2026 at 15:00:00 UTC+5:30","7 February 2026 at 23:50:00 UTC+5:30","eileen gu,slopestyle,gu ailing","./explore?q=eileen%20gu&geo=FR"
"atalanta – juventus","20k+","6 February 2026 at 00:40:00 UTC+5:30","6 February 2026 at 18:50:00 UTC+5:30","atalanta – juventus,coupe d'italie,atalanta - juventus,atalanta","./explore?q=atalanta%20%E2%80%93%20juventus&geo=FR"
"match rugby aujourd'hui","500+","7 February 2026 at 22:00:00 UTC+5:30","7 February 2026 at 23:20:00 UTC+5:30","match rugby aujourd'hui","./explore?q=match%20rugby%20aujourd%27hui&geo=FR"
"pour emma","100k+","2 February 2026 at 23:40:00 UTC+5:30","6 February 2026 at 04:30:00 UTC+5:30","pour emma,josacine empoisonnée,emma affaire josacine empoisonnée,pour emma histoire vraie,affaire de la josacine,corinne tanay,josacine,pour emma m6,julie de bona,affaire josacine,affaire emma josacine empoisonnée,affaire de la josacine empoisonnée,film pour emma,la josacine empoisonnée,l'affaire de la josacine empoisonnée,josacine affaire,m6,affaire josacine empoisonnée,affaire emma,film pour emma m6 histoire vraie,empoisonnement josacine,l'affaire de la josacine,telefilm m6 pour emma,pour emma film,corinne tanay enfants,pour emma histoire vraie josacine,emilie tanay josacine,l'affaire emma,pour emma m6 combien d épisodes","./explore?q=pour%20emma&geo=FR"
"émission danse avec les stars","5k+","6 February 2026 at 21:10:00 UTC+5:30","7 February 2026 at 14:50:00 UTC+5:30","émission danse avec les stars","./explore?q=%C3%A9mission%20danse%20avec%20les%20stars&geo=FR"
"andré santini","5k+","6 February 2026 at 17:20:00 UTC+5:30","7 February 2026 at 20:10:00 UTC+5:30","andré santini,andre santini","./explore?q=andr%C3%A9%20santini&geo=FR"
"arsenal – chelsea","50k+","4 February 2026 at 00:30:00 UTC+5:30","5 February 2026 at 02:30:00 UTC+5:30","arsenal – chelsea,arsenal chelsea chaine","./explore?q=arsenal%20%E2%80%93%20chelsea&geo=FR"
"albacete – barcelone","50k+","4 February 2026 at 00:40:00 UTC+5:30","5 February 2026 at 00:20:00 UTC+5:30","albacete – barcelone,barca albacete,fc barcelone,barca albacete chaine,barcelone match,barcelone,albacete barcelone chaine,fcb,albacete – barcelone quelle chaine,barcelone albacete,albacete foot","./explore?q=albacete%20%E2%80%93%20barcelone&geo=FR"
"désarmement","10k+","6 February 2026 at 22:40:00 UTC+5:30","7 February 2026 at 11:40:00 UTC+5:30","désarmement,désarmement nucléaire,chine","./explore?q=d%C3%A9sarmement&geo=FR"
"lyon – lille","100k+","1 February 2026 at 18:40:00 UTC+5:30","2 February 2026 at 20:20:00 UTC+5:30","lyon – lille,lyon lille,ol lille,noah nartey,ol losc,classement olympique lyonnais – losc,match ol,nartey,match lyon,où regarder olympique lyonnais – losc,lyon vs losc,lyon lille foot,nartey noah,kluivert,lille lyon,ol match,olympique lyonnais – losc : composition,giroud,olivier giroud,tyler morton,nartey ol,lyon lille chaine,olympique lyonnais – losc,statistiques de olympique lyonnais – losc,lyon fc,olympique lyonnais – losc : temps forts,morton tyler,morton ol,ol lille chaine","./explore?q=lyon%20%E2%80%93%20lille&geo=FR"
"biathlon jo 2026","2k+","7 February 2026 at 01:00:00 UTC+5:30","7 February 2026 at 21:00:00 UTC+5:30","biathlon jo 2026,programme biathlon jo 2026,camille","./explore?q=biathlon%20jo%202026&geo=FR"
"stade briochin – sochaux","5k+","6 February 2026 at 23:40:00 UTC+5:30","7 February 2026 at 15:10:00 UTC+5:30","stade briochin – sochaux,sochaux","./explore?q=stade%20briochin%20%E2%80%93%20sochaux&geo=FR"
"boulogne – rodez","5k+","7 February 2026 at 00:00:00 UTC+5:30","7 February 2026 at 14:50:00 UTC+5:30","boulogne – rodez","./explore?q=boulogne%20%E2%80%93%20rodez&geo=FR"
"marine le pen","50k+","3 February 2026 at 17:40:00 UTC+5:30","5 February 2026 at 12:40:00 UTC+5:30","marine le pen,le pen,procès marine le pen appel,proces marine le pen,marine lepen,condamnation marine le pen inéligibilité,procès assistants parlementaires rn,execution provisoire,exécution provisoire,patrick maisonneuve,louis aliot,manuel bompard,marine le pen inéligibilité,marine le pen procès,proces le pen","./explore?q=marine%20le%20pen&geo=FR"
"christian negre","10k+","5 February 2026 at 18:40:00 UTC+5:30","6 February 2026 at 20:20:00 UTC+5:30","christian negre,christian nègre","./explore?q=christian%20negre&geo=FR"
"caen – fleury 91","5k+","6 February 2026 at 23:30:00 UTC+5:30","7 February 2026 at 21:40:00 UTC+5:30","caen – fleury 91","./explore?q=caen%20%E2%80%93%20fleury%2091&geo=FR"
"jutta leerdam","500+","7 February 2026 at 21:10:00 UTC+5:30","7 February 2026 at 23:00:00 UTC+5:30","jutta leerdam","./explore?q=jutta%20leerdam&geo=FR"
"ariane de rothschild","20k+","2 February 2026 at 00:50:00 UTC+5:30","7 February 2026 at 13:30:00 UTC+5:30","ariane de rothschild","./explore?q=ariane%20de%20rothschild&geo=FR"
"france tv sport","5k+","5 February 2026 at 18:30:00 UTC+5:30","7 February 2026 at 23:30:00 UTC+5:30","france tv sport,france television","./explore?q=france%20tv%20sport&geo=FR"
"vladimir poutine","20k+","2 February 2026 at 20:40:00 UTC+5:30","4 February 2026 at 02:50:00 UTC+5:30","vladimir poutine,russie,ukraine","./explore?q=vladimir%20poutine&geo=FR"
"inscription liste électorale","50k+","1 February 2026 at 13:40:00 UTC+5:30","5 February 2026 at 05:10:00 UTC+5:30","inscription liste électorale,inscription liste électorale municipale,liste electoral,inscription liste électorale en ligne,liste electorale inscription,s'inscrire sur les listes électorales,inscription liste électorale date limite,inscription liste electorale 2026,inscription liste electorales,s'inscrire sur les listes electorales","./explore?q=inscription%20liste%20%C3%A9lectorale&geo=FR"
"obus dans l'anus","50k+","1 February 2026 at 22:00:00 UTC+5:30","6 February 2026 at 02:00:00 UTC+5:30","obus dans l'anus,obus,toulouse obus anus,obus anus toulouse,obus de 1918,toulouse,obus toulouse,obus rectum","./explore?q=obus%20dans%20l%27anus&geo=FR"
"flora coquerel","5k+","6 February 2026 at 17:20:00 UTC+5:30","7 February 2026 at 16:30:00 UTC+5:30","flora coquerel","./explore?q=flora%20coquerel&geo=FR"
"adrian mannarino","5k+","7 February 2026 at 20:10:00 UTC+5:30","7 February 2026 at 22:30:00 UTC+5:30","adrian mannarino,arthur géa,arthur gea,open occitanie,giovanni mpetshi perricard,machac,tomáš macháč,mpetshi perricard,clement chidekh","./explore?q=adrian%20mannarino&geo=FR"
"charles alloncle","20k+","5 February 2026 at 00:00:00 UTC+5:30","6 February 2026 at 14:20:00 UTC+5:30","charles alloncle,mediawan,jérémie patrier-leitus,patrier leitus,laurence bloch,alloncle,france tv direct,jeremie patrier","./explore?q=charles%20alloncle&geo=FR"
"nicolas batum","2k+","7 February 2026 at 13:40:00 UTC+5:30","7 February 2026 at 18:10:00 UTC+5:30","nicolas batum","./explore?q=nicolas%20batum&geo=FR"
"marco odermatt","2k+","7 February 2026 at 15:50:00 UTC+5:30","7 February 2026 at 18:50:00 UTC+5:30","marco odermatt,odermatt,von allmen","./explore?q=marco%20odermatt&geo=FR"
"yael braun pivet","20k+","5 February 2026 at 10:30:00 UTC+5:30","6 February 2026 at 11:40:00 UTC+5:30","yael braun pivet","./explore?q=yael%20braun%20pivet&geo=FR"
"karen mulder","10k+","4 February 2026 at 19:50:00 UTC+5:30","7 February 2026 at 16:50:00 UTC+5:30","karen mulder","./explore?q=karen%20mulder&geo=FR"
"sporting – avs","10k+","6 February 2026 at 01:40:00 UTC+5:30","6 February 2026 at 18:40:00 UTC+5:30","sporting – avs,sporting - avs sad","./explore?q=sporting%20%E2%80%93%20avs&geo=FR"
"abondance","2k+","7 February 2026 at 17:50:00 UTC+5:30","7 February 2026 at 19:40:00 UTC+5:30","abondance,chalet d'abondance","./explore?q=abondance&geo=FR"
"grammy awards 2026","50k+","1 February 2026 at 03:40:00 UTC+5:30","4 February 2026 at 04:50:00 UTC+5:30","grammy awards 2026,grammys 2026,grammy,bad bunny,kendrick lamar,grammy winners","./explore?q=grammy%20awards%202026&geo=FR"
"nice – montpellier","20k+","5 February 2026 at 00:10:00 UTC+5:30","5 February 2026 at 18:20:00 UTC+5:30","nice – montpellier,nice montpellier,mhsc,nice montpellier foot,nice foot,match nice,alexandre mendy,kail boudache,nice match,montpellier hérault sport club,elye wahi","./explore?q=nice%20%E2%80%93%20montpellier&geo=FR"
"chappell roan","20k+","2 February 2026 at 08:20:00 UTC+5:30","6 February 2026 at 05:10:00 UTC+5:30","chappell roan","./explore?q=chappell%20roan&geo=FR"
"lewis hamilton","20k+","2 February 2026 at 14:50:00 UTC+5:30","5 February 2026 at 03:50:00 UTC+5:30","lewis hamilton,kim kardashian","./explore?q=lewis%20hamilton&geo=FR"
"frida karlsson","1k+","7 February 2026 at 18:10:00 UTC+5:30","7 February 2026 at 21:50:00 UTC+5:30","frida karlsson,ebba andersson","./explore?q=frida%20karlsson&geo=FR"
"infertilité","10k+","5 February 2026 at 18:40:00 UTC+5:30","6 February 2026 at 13:30:00 UTC+5:30","infertilité","./explore?q=infertilit%C3%A9&geo=FR"
"mavericks – spurs","10k+","6 February 2026 at 07:00:00 UTC+5:30","6 February 2026 at 19:00:00 UTC+5:30","mavericks – spurs","./explore?q=mavericks%20%E2%80%93%20spurs&geo=FR"
"usl dunkerque – guingamp","5k+","7 February 2026 at 00:00:00 UTC+5:30","7 February 2026 at 13:10:00 UTC+5:30","usl dunkerque – guingamp","./explore?q=usl%20dunkerque%20%E2%80%93%20guingamp&geo=FR"
"laos","200+","7 February 2026 at 21:40:00 UTC+5:30","7 February 2026 at 23:00:00 UTC+5:30","laos","./explore?q=laos&geo=FR"
"francetv","10k+","6 February 2026 at 00:30:00 UTC+5:30","7 February 2026 at 23:50:00 UTC+5:30","francetv","./explore?q=francetv&geo=FR"
"netherlands vs pakistan","2k+","7 February 2026 at 11:30:00 UTC+5:30","7 February 2026 at 17:50:00 UTC+5:30","netherlands vs pakistan,netherlands national cricket team vs pakistan national cricket team standings,ned vs pak,pakistan vs ireland,pak vs ire","./explore?q=netherlands%20vs%20pakistan&geo=FR"
"elche – barcelone","50k+","1 February 2026 at 00:40:00 UTC+5:30","2 February 2026 at 02:40:00 UTC+5:30","elche – barcelone,fcb,classement elche club de fútbol – fc barcelone,fc barcelone,match barca,barcelone","./explore?q=elche%20%E2%80%93%20barcelone&geo=FR"
"giorgia meloni","5k+","7 February 2026 at 00:50:00 UTC+5:30","7 February 2026 at 15:30:00 UTC+5:30","giorgia meloni,georgia meloni","./explore?q=giorgia%20meloni&geo=FR"
"princesse anne","1k+","7 February 2026 at 20:50:00 UTC+5:30","7 February 2026 at 22:00:00 UTC+5:30","princesse anne","./explore?q=princesse%20anne&geo=FR"
"livigno","5k+","7 February 2026 at 00:00:00 UTC+5:30","7 February 2026 at 20:30:00 UTC+5:30","livigno","./explore?q=livigno&geo=FR"
"guillaume durand","10k+","7 February 2026 at 00:40:00 UTC+5:30","7 February 2026 at 08:50:00 UTC+5:30","guillaume durand","./explore?q=guillaume%20durand&geo=FR"
"red dead redemption 2 ps5","2k+","7 February 2026 at 03:30:00 UTC+5:30","7 February 2026 at 15:40:00 UTC+5:30","red dead redemption 2 ps5","./explore?q=red%20dead%20redemption%202%20ps5&geo=FR"
"monaco – rennes","50k+","1 February 2026 at 00:50:00 UTC+5:30","2 February 2026 at 03:00:00 UTC+5:30","monaco – rennes,monaco rennes,classement as monaco – stade rennais football club,brice samba,rennes monaco,monaco vs rennes,rennes foot,stade rennais football club,stade rennais,as monaco,monaco rennes foot","./explore?q=monaco%20%E2%80%93%20rennes&geo=FR"
"bastien bouillon","20k+","6 February 2026 at 13:30:00 UTC+5:30","7 February 2026 at 11:30:00 UTC+5:30","bastien bouillon,valerie donzelli,donzelli,valérie donzelli,franck courtes,a pied d'oeuvre","./explore?q=bastien%20bouillon&geo=FR"
"bormio","2k+","7 February 2026 at 01:10:00 UTC+5:30","7 February 2026 at 18:30:00 UTC+5:30","bormio,giovanni franzoni","./explore?q=bormio&geo=FR"
"rouen – valenciennes","5k+","6 February 2026 at 23:50:00 UTC+5:30","7 February 2026 at 14:40:00 UTC+5:30","rouen – valenciennes,orléans – châteauroux,concarneau – aubagne,mc oran – olympique akbou,championnat du portugal","./explore?q=rouen%20%E2%80%93%20valenciennes&geo=FR"
"cigarette électronique santé","20k+","4 February 2026 at 17:40:00 UTC+5:30","5 February 2026 at 21:20:00 UTC+5:30","cigarette électronique santé,cigarette électronique,anses cigarette électronique,cigarette electronique,risques cigarette électronique","./explore?q=cigarette%20%C3%A9lectronique%20sant%C3%A9&geo=FR"
"jerome guedj","10k+","5 February 2026 at 12:20:00 UTC+5:30","6 February 2026 at 12:40:00 UTC+5:30","jerome guedj,jérôme guedj,présidentielle 2027,guedj","./explore?q=jerome%20guedj&geo=FR"
"le diable s'habille en prada 2","10k+","2 February 2026 at 12:20:00 UTC+5:30","7 February 2026 at 04:50:00 UTC+5:30","le diable s'habille en prada 2,le diable s'habille en prada","./explore?q=le%20diable%20s%27habille%20en%20prada%202&geo=FR"
"spurs – thunder","10k+","5 February 2026 at 08:10:00 UTC+5:30","5 February 2026 at 20:50:00 UTC+5:30","spurs – thunder","./explore?q=spurs%20%E2%80%93%20thunder&geo=FR"
"alaska","200+","7 February 2026 at 21:30:00 UTC+5:30","7 February 2026 at 22:40:00 UTC+5:30","alaska","./explore?q=alaska&geo=FR"
"clement noel","5k+","7 February 2026 at 00:20:00 UTC+5:30","7 February 2026 at 18:10:00 UTC+5:30","clement noel,porte drapeau france jo 2026,jules lapierre,chloe trespeuch,tenue france jo 2026","./explore?q=clement%20noel&geo=FR"
"bad bunny","20k+","2 February 2026 at 10:00:00 UTC+5:30","3 February 2026 at 14:00:00 UTC+5:30","bad bunny,ice out","./explore?q=bad%20bunny&geo=FR"
"sergio ramos","5k+","6 February 2026 at 17:10:00 UTC+5:30","7 February 2026 at 05:00:00 UTC+5:30","sergio ramos,ramos,sergio ramos om","./explore?q=sergio%20ramos&geo=FR"
"toulouse – amiens","20k+","5 February 2026 at 00:10:00 UTC+5:30","5 February 2026 at 15:00:00 UTC+5:30","toulouse – amiens,toulouse amiens,toulouse fc,toulouse amiens foot,toulouse,toulouse foot,toulouse amiens match,tfc match","./explore?q=toulouse%20%E2%80%93%20amiens&geo=FR"
"france 2 direct","10k+","7 February 2026 at 20:10:00 UTC+5:30","7 February 2026 at 20:40:00 UTC+5:30","france 2 direct,france tv direct","./explore?q=france%202%20direct&geo=FR"
"mannarino","200+","7 February 2026 at 21:20:00 UTC+5:30","7 February 2026 at 22:40:00 UTC+5:30","mannarino","./explore?q=mannarino&geo=FR"
"dortmund foot","200+","7 February 2026 at 21:50:00 UTC+5:30","7 February 2026 at 22:50:00 UTC+5:30","dortmund foot","./explore?q=dortmund%20foot&geo=FR"
"neymar","5k+","5 February 2026 at 04:10:00 UTC+5:30","7 February 2026 at 01:00:00 UTC+5:30","neymar","./explore?q=neymar&geo=FR"
"tottenham – manchester city","50k+","1 February 2026 at 21:10:00 UTC+5:30","2 February 2026 at 18:10:00 UTC+5:30","tottenham – manchester city,tottenham vs man city,tottenham,man city,city tottenham,antoine semenyo,semenyo,solanke,dominic solanke,marc guéhi,ait nouri","./explore?q=tottenham%20%E2%80%93%20manchester%20city&geo=FR"
"freebox","10k+","4 February 2026 at 17:50:00 UTC+5:30","6 February 2026 at 14:50:00 UTC+5:30","freebox","./explore?q=freebox&geo=FR"
"panne free tv","20k+","4 February 2026 at 22:40:00 UTC+5:30","5 February 2026 at 14:40:00 UTC+5:30","panne free tv,panne freebox tv,panne free,probleme reseau free,problème tv free,probleme free tv,probleme free,probleme tv free,free tv problème,free panne,bug free tv","./explore?q=panne%20free%20tv&geo=FR"
"dortmund","200+","7 February 2026 at 21:50:00 UTC+5:30","7 February 2026 at 22:40:00 UTC+5:30","dortmund","./explore?q=dortmund&geo=FR"
"quimper","1k+","7 February 2026 at 17:50:00 UTC+5:30","7 February 2026 at 19:10:00 UTC+5:30","quimper","./explore?q=quimper&geo=FR"
"channing tatum","5k+","4 February 2026 at 17:20:00 UTC+5:30","6 February 2026 at 06:00:00 UTC+5:30","channing tatum","./explore?q=channing%20tatum&geo=FR"
"liverpool – newcastle","50k+","1 February 2026 at 00:40:00 UTC+5:30","2 February 2026 at 02:30:00 UTC+5:30","liverpool – newcastle,liverpool vs newcastle,liverpool newcastle","./explore?q=liverpool%20%E2%80%93%20newcastle&geo=FR"
"reims – le mans","20k+","4 February 2026 at 00:10:00 UTC+5:30","4 February 2026 at 17:00:00 UTC+5:30","reims – le mans,reims le mans,reims foot,le mans fc,stade de reims,reims,le mans,théo leoni,le mans reims,le mans football club,le mans foot","./explore?q=reims%20%E2%80%93%20le%20mans&geo=FR"
"classement ufc","50k+","1 February 2026 at 08:40:00 UTC+5:30","4 February 2026 at 05:10:00 UTC+5:30","classement ufc,ufc 325,ufc,benoit saint denis combat,benoît saint denis,combat benoît saint denis,bsd vs dan,bsd combat heure,carte ufc 325,saint denis ufc,ufc 325 heure,heure combat bsd,ufc325,ufc classement,rmc sport 1,carte ufc,saint denis,ufc 325 carte,combat benoit saint denis,heure sydney,combat bsd heure,bsd ufc,ufc 325 chaine,ufc live,ufc 325 heure france,ufc.,ufc carte","./explore?q=classement%20ufc&geo=FR"
"league cup","10k+","3 February 2026 at 22:40:00 UTC+5:30","5 February 2026 at 14:10:00 UTC+5:30","league cup,man city vs newcastle,city newcastle,manchester city newcastle,man city newcastle","./explore?q=league%20cup&geo=FR"
"kuura koivisto","500+","7 February 2026 at 19:20:00 UTC+5:30","7 February 2026 at 21:30:00 UTC+5:30","kuura koivisto","./explore?q=kuura%20koivisto&geo=FR"
"coupe du roi","10k+","4 February 2026 at 00:40:00 UTC+5:30","6 February 2026 at 13:30:00 UTC+5:30","coupe du roi,real sociedad","./explore?q=coupe%20du%20roi&geo=FR"
"rappel lessive carrefour","20k+","4 February 2026 at 19:50:00 UTC+5:30","5 February 2026 at 13:30:00 UTC+5:30","rappel lessive carrefour,lessive carrefour,lessive expert carrefour","./explore?q=rappel%20lessive%20carrefour&geo=FR"
"danse avec les stars tf1","1k+","7 February 2026 at 03:20:00 UTC+5:30","7 February 2026 at 14:40:00 UTC+5:30","danse avec les stars tf1","./explore?q=danse%20avec%20les%20stars%20tf1&geo=FR"
"برشلونة ضد مايوركا","200+","7 February 2026 at 20:40:00 UTC+5:30","7 February 2026 at 22:10:00 UTC+5:30","برشلونة ضد مايوركا","./explore?q=%D8%A8%D8%B1%D8%B4%D9%84%D9%88%D9%86%D8%A9%20%D8%B6%D8%AF%20%D9%85%D8%A7%D9%8A%D9%88%D8%B1%D9%83%D8%A7&geo=FR"
"free","20k+","4 February 2026 at 17:50:00 UTC+5:30","5 February 2026 at 18:30:00 UTC+5:30","free","./explore?q=free&geo=FR"
"inter – torino","10k+","5 February 2026 at 00:40:00 UTC+5:30","5 February 2026 at 15:50:00 UTC+5:30","inter – torino,inter milan","./explore?q=inter%20%E2%80%93%20torino&geo=FR"
"al hilal","20k+","2 February 2026 at 22:50:00 UTC+5:30","4 February 2026 at 13:00:00 UTC+5:30","al hilal,karim benzema,championnat d'arabie saoudite,k,benzema om","./explore?q=al%20hilal&geo=FR"
"ahmed sylla","2k+","7 February 2026 at 18:00:00 UTC+5:30","7 February 2026 at 19:10:00 UTC+5:30","ahmed sylla","./explore?q=ahmed%20sylla&geo=FR"
"loto 31 janvier 2026","20k+","1 February 2026 at 01:20:00 UTC+5:30","2 February 2026 at 16:30:00 UTC+5:30","loto 31 janvier 2026,loto 4 fevrier 2026,loto 2 fevrier 2026,loto du 4 février 2026,resultat loto 4 fevrier 2026,loto du 2 fevrier 2026,loto du 31 janvier 2026,resultat loto fdj,resultat loto 2 fevrier 2026,loto du 31 janvier 2026 resultat,tirage loto 31 janvier 2026,loto resultat,résultats du loto","./explore?q=loto%2031%20janvier%202026&geo=FR"
"pistons – knicks","1k+","7 February 2026 at 07:40:00 UTC+5:30","7 February 2026 at 15:10:00 UTC+5:30","pistons – knicks","./explore?q=pistons%20%E2%80%93%20knicks&geo=FR"
"alban elezi cannaferina","1k+","7 February 2026 at 16:30:00 UTC+5:30","7 February 2026 at 18:10:00 UTC+5:30","alban elezi cannaferina,elezi cannaferina","./explore?q=alban%20elezi%20cannaferina&geo=FR"
"culture générale","1k+","7 February 2026 at 11:10:00 UTC+5:30","7 February 2026 at 14:30:00 UTC+5:30","culture générale","./explore?q=culture%20g%C3%A9n%C3%A9rale&geo=FR"
"luge jo","200+","7 February 2026 at 22:40:00 UTC+5:30","7 February 2026 at 23:20:00 UTC+5:30","luge jo","./explore?q=luge%20jo&geo=FR"
"lea salame","20k+","2 February 2026 at 16:40:00 UTC+5:30","4 February 2026 at 04:10:00 UTC+5:30","lea salame,raphaël glucksmann,france 2,commission enquete lea salame,audition léa salamé,léa salamé,laurent delahousse,marlène schiappa,glucksmann,lea salamé,raphael glucksmann,léa salamé couple,jordan de luxe","./explore?q=lea%20salame&geo=FR"
"paris 13 atletico – dijon","2k+","6 February 2026 at 23:30:00 UTC+5:30","7 February 2026 at 13:10:00 UTC+5:30","paris 13 atletico – dijon,national","./explore?q=paris%2013%20atletico%20%E2%80%93%20dijon&geo=FR"
"michèle laroque","20k+","2 February 2026 at 01:00:00 UTC+5:30","2 February 2026 at 20:10:00 UTC+5:30","michèle laroque,michele laroque,michelle la roque,laroque michèle,laroque michelle","./explore?q=mich%C3%A8le%20laroque&geo=FR"
"san siro","5k+","7 February 2026 at 00:00:00 UTC+5:30","7 February 2026 at 05:00:00 UTC+5:30","san siro,giovanni malagò,giovanni malago","./explore?q=san%20siro&geo=FR"
"sarah saldmann","5k+","4 February 2026 at 15:10:00 UTC+5:30","6 February 2026 at 06:00:00 UTC+5:30","sarah saldmann","./explore?q=sarah%20saldmann&geo=FR"
"west indies vs scotland","500+","7 February 2026 at 15:20:00 UTC+5:30","7 February 2026 at 20:40:00 UTC+5:30","west indies vs scotland","./explore?q=west%20indies%20vs%20scotland&geo=FR"
"timothée chalamet","5k+","4 February 2026 at 03:40:00 UTC+5:30","6 February 2026 at 13:50:00 UTC+5:30","timothée chalamet","./explore?q=timoth%C3%A9e%20chalamet&geo=FR"
"kirsty coventry","5k+","7 February 2026 at 00:50:00 UTC+5:30","7 February 2026 at 05:00:00 UTC+5:30","kirsty coventry","./explore?q=kirsty%20coventry&geo=FR"
"sergio mattarella","2k+","7 February 2026 at 00:50:00 UTC+5:30","7 February 2026 at 05:20:00 UTC+5:30","sergio mattarella,mattarella","./explore?q=sergio%20mattarella&geo=FR"
"martin fourcade","2k+","6 February 2026 at 13:00:00 UTC+5:30","7 February 2026 at 23:50:00 UTC+5:30","martin fourcade","./explore?q=martin%20fourcade&geo=FR"
"timberwolves – pelicans","1k+","7 February 2026 at 08:30:00 UTC+5:30","7 February 2026 at 15:10:00 UTC+5:30","timberwolves – pelicans","./explore?q=timberwolves%20%E2%80%93%20pelicans&geo=FR"
"kings – clippers","1k+","7 February 2026 at 11:00:00 UTC+5:30","7 February 2026 at 15:40:00 UTC+5:30","kings – clippers","./explore?q=kings%20%E2%80%93%20clippers&geo=FR"
"union berlin – eintracht francfort","2k+","7 February 2026 at 00:10:00 UTC+5:30","7 February 2026 at 05:40:00 UTC+5:30","union berlin – eintracht francfort","./explore?q=union%20berlin%20%E2%80%93%20eintracht%20francfort&geo=FR"
"la belle et le boulanger","20k+","2 February 2026 at 23:40:00 UTC+5:30","4 February 2026 at 03:10:00 UTC+5:30","la belle et le boulanger,ludmilla von claer,amir,la belle et le boulanger tf1,la belle et le boulanger combien d épisodes,amir la belle et le boulanger,amir haddad,le boulanger et la belle,serie la belle et le boulanger,amir chanteur","./explore?q=la%20belle%20et%20le%20boulanger&geo=FR"
"allan saint maximin","20k+","2 February 2026 at 00:10:00 UTC+5:30","4 February 2026 at 02:00:00 UTC+5:30","allan saint maximin,saint maximin,saint maximin foot,allan saint-maximin,allan saint maximin rc lens","./explore?q=allan%20saint%20maximin&geo=FR"
"fc annecy – grenoble","2k+","7 February 2026 at 00:00:00 UTC+5:30","7 February 2026 at 04:40:00 UTC+5:30","fc annecy – grenoble","./explore?q=fc%20annecy%20%E2%80%93%20grenoble&geo=FR"
"jalibert","5k+","6 February 2026 at 01:10:00 UTC+5:30","6 February 2026 at 15:20:00 UTC+5:30","jalibert,matthieu jalibert,jalibert rugby","./explore?q=jalibert&geo=FR"
"fribourg – werder","200+","7 February 2026 at 19:30:00 UTC+5:30","7 February 2026 at 21:00:00 UTC+5:30","fribourg – werder","./explore?q=fribourg%20%E2%80%93%20werder&geo=FR"
"karyna shuliak","2k+","5 February 2026 at 21:10:00 UTC+5:30","6 February 2026 at 21:30:00 UTC+5:30","karyna shuliak","./explore?q=karyna%20shuliak&geo=FR"
"viktor gyökeres","200+","7 February 2026 at 23:10:00 UTC+5:30","7 February 2026 at 23:30:00 UTC+5:30","viktor gyökeres","./explore?q=viktor%20gy%C3%B6keres&geo=FR"
"djokovic","100k+","1 February 2026 at 14:20:00 UTC+5:30","1 February 2026 at 18:50:00 UTC+5:30","djokovic,nadal,open australie,tennis australie,open d'australie 2026,rafael nadal,open d'australie,open australie alcaraz djokovic,final open australie 2026,finale open d australie 2026,open australie 2026,federer,djoko,alcaraz djokovic chaine,djoko alcaraz,match alcaraz djokovic,match djokovic alcaraz,alcaraz djoko,djokovic alcaraz chaine,finale open australie 2026 chaine,finale open australie,match tennis alcaraz djokovic direct,open d australie novak djokovic,australie,justine henin,us open australie,open australie diffusion,novak djokovic open d australie,sinner,alcaraz grand chelem,tennis australie en direct,diffusion finale open australie,grand chelem tennis,ou regarder l'open d'australie,open australie direct,eurosport direct,grand chelem,grand chelem alcaraz,ou regarder finale open australie,roland garros,open d australie,heure australie,nombre de grand chelem alcaraz,finale open d'australie,nombre grand chelem alcaraz,sur quelle chaine regarder l open d australie,tennis direct,eurosport streaming,ou voir finale open australie 2026,djokovic alcaraz streaming,tennis temple,heure finale open australie 2026,atp,retransmission finale open australie 2026","./explore?q=djokovic&geo=FR"
"toulouse – auxerre","20k+","1 February 2026 at 20:50:00 UTC+5:30","2 February 2026 at 14:40:00 UTC+5:30","toulouse – auxerre,tfc,toulouse auxerre,tfc auxerre,toulouse fc","./explore?q=toulouse%20%E2%80%93%20auxerre&geo=FR"
"sandrine tas","500+","7 February 2026 at 21:20:00 UTC+5:30","7 February 2026 at 22:10:00 UTC+5:30","sandrine tas,drapeau","./explore?q=sandrine%20tas&geo=FR"
"lakers – 76ers","5k+","6 February 2026 at 09:10:00 UTC+5:30","6 February 2026 at 16:30:00 UTC+5:30","lakers – 76ers,luka dončić,lakers,doncic","./explore?q=lakers%20%E2%80%93%2076ers&geo=FR"
"pape cheikh diallo","200+","7 February 2026 at 19:40:00 UTC+5:30","7 February 2026 at 21:20:00 UTC+5:30","pape cheikh diallo","./explore?q=pape%20cheikh%20diallo&geo=FR"
"predazzo","2k+","7 February 2026 at 01:10:00 UTC+5:30","7 February 2026 at 04:00:00 UTC+5:30","predazzo","./explore?q=predazzo&geo=FR"
"veronika loubry","20k+","1 February 2026 at 03:10:00 UTC+5:30","2 February 2026 at 06:00:00 UTC+5:30","veronika loubry,gerard kadoche,véronika loubry,gérard kadoche,loubry,veronika loubry mari","./explore?q=veronika%20loubry&geo=FR"
"sophie adenot","1k+","7 February 2026 at 12:20:00 UTC+5:30","7 February 2026 at 18:50:00 UTC+5:30","sophie adenot","./explore?q=sophie%20adenot&geo=FR"
"al-okhdood football club – al-hilal","5k+","5 February 2026 at 22:10:00 UTC+5:30","6 February 2026 at 04:40:00 UTC+5:30","al-okhdood football club – al-hilal","./explore?q=al-okhdood%20football%20club%20%E2%80%93%20al-hilal&geo=FR"
"vittoria ceretti","2k+","7 February 2026 at 00:50:00 UTC+5:30","7 February 2026 at 15:30:00 UTC+5:30","vittoria ceretti","./explore?q=vittoria%20ceretti&geo=FR"
"manchester united – fulham","20k+","1 February 2026 at 18:40:00 UTC+5:30","2 February 2026 at 13:30:00 UTC+5:30","manchester united – fulham,manchester united - fulham,classement manchester united – fulham","./explore?q=manchester%20united%20%E2%80%93%20fulham&geo=FR"
"catherine jacob","20k+","4 February 2026 at 00:30:00 UTC+5:30","5 February 2026 at 01:10:00 UTC+5:30","catherine jacob","./explore?q=catherine%20jacob&geo=FR"
"jeremy jacquet","10k+","2 February 2026 at 03:50:00 UTC+5:30","4 February 2026 at 12:30:00 UTC+5:30","jeremy jacquet,jacquet rennes,jérémy jacquet,jacquet,entraineur rennes","./explore?q=jeremy%20jacquet&geo=FR"
"action vinci","2k+","6 February 2026 at 14:10:00 UTC+5:30","7 February 2026 at 00:40:00 UTC+5:30","action vinci","./explore?q=action%20vinci&geo=FR"
"conseil constitutionnel budget","5k+","6 February 2026 at 12:30:00 UTC+5:30","7 February 2026 at 04:00:00 UTC+5:30","conseil constitutionnel budget,budget conseil constitutionnel,budget 2026,budget gouvernement,loi de finances 2026,motion de censure","./explore?q=conseil%20constitutionnel%20budget&geo=FR"
"pairi daiza","500+","7 February 2026 at 13:30:00 UTC+5:30","7 February 2026 at 19:00:00 UTC+5:30","pairi daiza","./explore?q=pairi%20daiza&geo=FR"
"cecilia bartoli","5k+","7 February 2026 at 03:40:00 UTC+5:30","7 February 2026 at 05:40:00 UTC+5:30","cecilia bartoli,cécilia bartoli","./explore?q=cecilia%20bartoli&geo=FR"
"angers – metz","20k+","1 February 2026 at 21:00:00 UTC+5:30","2 February 2026 at 15:50:00 UTC+5:30","angers – metz,angers metz,sco,sco angers,sco metz","./explore?q=angers%20%E2%80%93%20metz&geo=FR"
"bologne – ac milan","10k+","4 February 2026 at 00:30:00 UTC+5:30","4 February 2026 at 15:20:00 UTC+5:30","bologne – ac milan,ac milan,milan ac","./explore?q=bologne%20%E2%80%93%20ac%20milan&geo=FR"
"helena noguerra","2k+","6 February 2026 at 18:10:00 UTC+5:30","6 February 2026 at 23:40:00 UTC+5:30","helena noguerra,nana mouskouri","./explore?q=helena%20noguerra&geo=FR"
"etoile de besseges 2026","5k+","4 February 2026 at 12:20:00 UTC+5:30","6 February 2026 at 00:40:00 UTC+5:30","etoile de besseges 2026,besseges,bellegarde","./explore?q=etoile%20de%20besseges%202026&geo=FR"
"copa del rey","5k+","4 February 2026 at 00:30:00 UTC+5:30","6 February 2026 at 19:40:00 UTC+5:30","copa del rey","./explore?q=copa%20del%20rey&geo=FR"
"atletico madrid","5k+","6 February 2026 at 01:40:00 UTC+5:30","6 February 2026 at 13:10:00 UTC+5:30","atletico madrid,ademola lookman,atletico","./explore?q=atletico%20madrid&geo=FR"
"chandeleur origine","20k+","2 February 2026 at 00:50:00 UTC+5:30","4 February 2026 at 02:10:00 UTC+5:30","chandeleur origine,date chandeleur 2026,date chandeleur,recette crêpes,chandeleur 2026 date,chandeleur date,recette crêpe,crêpes,la chandeleur 2026,c'est quand la chandeleur,date de la chandeleur,date de la chandeleur 2026,c'est quoi la chandeleur,signification chandeleur","./explore?q=chandeleur%20origine&geo=FR"
"xavier bertrand","5k+","5 February 2026 at 10:50:00 UTC+5:30","5 February 2026 at 19:50:00 UTC+5:30","xavier bertrand","./explore?q=xavier%20bertrand&geo=FR"
"bernadette chirac","10k+","2 February 2026 at 16:50:00 UTC+5:30","3 February 2026 at 14:00:00 UTC+5:30","bernadette chirac,chirac","./explore?q=bernadette%20chirac&geo=FR"
"nnadi","20k+","2 February 2026 at 01:30:00 UTC+5:30","3 February 2026 at 13:30:00 UTC+5:30","nnadi,tochukwu nnadi,abdelli,angers,om mercato,nnadi tochukwu,zulte waregem,tochukwu","./explore?q=nnadi&geo=FR"
"alain duhamel santé","20k+","1 February 2026 at 04:20:00 UTC+5:30","2 February 2026 at 02:00:00 UTC+5:30","alain duhamel santé,duhamel alain","./explore?q=alain%20duhamel%20sant%C3%A9&geo=FR"
"toulouse – bayonne","20k+","1 February 2026 at 01:10:00 UTC+5:30","1 February 2026 at 19:50:00 UTC+5:30","toulouse – bayonne,toulouse bayonne,stade toulousain bayonne,toulouse bayonne rugby,teddy thomas,bayonne toulouse,paul graou,pierre louis barassi","./explore?q=toulouse%20%E2%80%93%20bayonne&geo=FR"
"speed","2k+","7 February 2026 at 01:20:00 UTC+5:30","7 February 2026 at 04:40:00 UTC+5:30","speed,short track","./explore?q=speed&geo=FR"
"caroline margeridon","2k+","7 February 2026 at 02:30:00 UTC+5:30","7 February 2026 at 04:40:00 UTC+5:30","caroline margeridon","./explore?q=caroline%20margeridon&geo=FR"
"ilevia","5k+","5 February 2026 at 14:40:00 UTC+5:30","6 February 2026 at 13:50:00 UTC+5:30","ilevia,metro lille","./explore?q=ilevia&geo=FR"
"couche tard","10k+","3 February 2026 at 14:40:00 UTC+5:30","4 February 2026 at 03:40:00 UTC+5:30","couche tard","./explore?q=couche%20tard&geo=FR"
"iris mittenaere","10k+","5 February 2026 at 11:50:00 UTC+5:30","6 February 2026 at 18:50:00 UTC+5:30","iris mittenaere,antoine dupont et iris,antoine dupont couple,iris mittenaere et antoine dupont,antoine dupont iris mittenaere,jean dujardin,antoine dupont et iris mittenaere","./explore?q=iris%20mittenaere&geo=FR"
"shadley van schalkwyk","200+","7 February 2026 at 20:00:00 UTC+5:30","7 February 2026 at 21:10:00 UTC+5:30","shadley van schalkwyk","./explore?q=shadley%20van%20schalkwyk&geo=FR"
"italie","2k+","7 February 2026 at 00:30:00 UTC+5:30","7 February 2026 at 04:50:00 UTC+5:30","italie","./explore?q=italie&geo=FR"
"c","2k+","7 February 2026 at 06:30:00 UTC+5:30","7 February 2026 at 12:30:00 UTC+5:30","c,cio,vice president usa,gouvernement italien","./explore?q=c&geo=FR"
"celtics – heat","500+","7 February 2026 at 06:30:00 UTC+5:30","7 February 2026 at 14:30:00 UTC+5:30","celtics – heat","./explore?q=celtics%20%E2%80%93%20heat&geo=FR"
"tom felix","20k+","3 February 2026 at 12:30:00 UTC+5:30","4 February 2026 at 04:50:00 UTC+5:30","tom felix,tom félix malaisie,tom felix malaisie,malaisie,tom félix","./explore?q=tom%20felix&geo=FR"
"futsal","10k+","5 February 2026 at 00:30:00 UTC+5:30","5 February 2026 at 14:20:00 UTC+5:30","futsal,france portugal futsal,futsal euro 2026,euro futsal 2026,futsal france portugal,euro futsal,futsal france,portugal france futsal","./explore?q=futsal&geo=FR"
"kuala lumpur","500+","7 February 2026 at 17:50:00 UTC+5:30","7 February 2026 at 19:50:00 UTC+5:30","kuala lumpur","./explore?q=kuala%20lumpur&geo=FR"
"adamo","500+","7 February 2026 at 18:20:00 UTC+5:30","7 February 2026 at 19:40:00 UTC+5:30","adamo","./explore?q=adamo&geo=FR"
"deportivo alavés – real sociedad","5k+","5 February 2026 at 00:40:00 UTC+5:30","5 February 2026 at 13:50:00 UTC+5:30","deportivo alavés – real sociedad","./explore?q=deportivo%20alav%C3%A9s%20%E2%80%93%20real%20sociedad&geo=FR"
"emma raducanu","500+","7 February 2026 at 20:40:00 UTC+5:30","7 February 2026 at 21:40:00 UTC+5:30","emma raducanu","./explore?q=emma%20raducanu&geo=FR"
"dolby vision disney+","500+","7 February 2026 at 18:50:00 UTC+5:30","7 February 2026 at 20:00:00 UTC+5:30","dolby vision disney+,disney+ dolby vision","./explore?q=dolby%20vision%20disney%2B&geo=FR"
"canet en roussillon","200+","7 February 2026 at 20:30:00 UTC+5:30","7 February 2026 at 21:30:00 UTC+5:30","canet en roussillon","./explore?q=canet%20en%20roussillon&geo=FR"
"olivia dean","5k+","2 February 2026 at 07:30:00 UTC+5:30","4 February 2026 at 06:40:00 UTC+5:30","olivia dean","./explore?q=olivia%20dean&geo=FR"
"meloni","2k+","7 February 2026 at 00:50:00 UTC+5:30","7 February 2026 at 04:50:00 UTC+5:30","meloni","./explore?q=meloni&geo=FR"
"martin damm","200+","7 February 2026 at 20:00:00 UTC+5:30","7 February 2026 at 21:10:00 UTC+5:30","martin damm","./explore?q=martin%20damm&geo=FR"
"suns – warriors","2k+","6 February 2026 at 09:50:00 UTC+5:30","6 February 2026 at 17:20:00 UTC+5:30","suns – warriors","./explore?q=suns%20%E2%80%93%20warriors&geo=FR"
"biscarrosse","5k+","7 February 2026 at 17:30:00 UTC+5:30","7 February 2026 at 18:40:00 UTC+5:30","biscarrosse,biscarosse,biscarrosse plage effondrement,biscarrosse plage","./explore?q=biscarrosse&geo=FR"
"nintendo direct","5k+","4 February 2026 at 23:00:00 UTC+5:30","5 February 2026 at 22:30:00 UTC+5:30","nintendo direct,fallout,nintendo switch 2 annonce,nintendo switch","./explore?q=nintendo%20direct&geo=FR"
"pékin express saison 22","2k+","5 February 2026 at 22:20:00 UTC+5:30","6 February 2026 at 10:30:00 UTC+5:30","pékin express saison 22,pékin express 2026 saison 22","./explore?q=p%C3%A9kin%20express%20saison%2022&geo=FR"
"yannick noah","2k+","5 February 2026 at 16:40:00 UTC+5:30","6 February 2026 at 12:00:00 UTC+5:30","yannick noah","./explore?q=yannick%20noah&geo=FR"
"merel conijn","200+","7 February 2026 at 21:20:00 UTC+5:30","7 February 2026 at 22:00:00 UTC+5:30","merel conijn","./explore?q=merel%20conijn&geo=FR"
"eritrea","5k+","7 February 2026 at 01:40:00 UTC+5:30","7 February 2026 at 03:10:00 UTC+5:30","eritrea,eritre,eritree,erythree","./explore?q=eritrea&geo=FR"
"pleine lune signe astrologique","20k+","2 February 2026 at 11:00:00 UTC+5:30","3 February 2026 at 04:00:00 UTC+5:30","pleine lune signe astrologique,pleine lune du 1er février 2026,pleine lune fevrier 2026,horoscope pleine lune,pleine lune horoscope,pleine lune fevrier,lune","./explore?q=pleine%20lune%20signe%20astrologique&geo=FR"
"matilda de angelis","1k+","7 February 2026 at 00:30:00 UTC+5:30","7 February 2026 at 15:20:00 UTC+5:30","matilda de angelis","./explore?q=matilda%20de%20angelis&geo=FR"
"vincent clerc","20k+","1 February 2026 at 04:30:00 UTC+5:30","2 February 2026 at 04:40:00 UTC+5:30","vincent clerc,un dimanche à la campagne aujourd'hui,un dimanche à la campagne","./explore?q=vincent%20clerc&geo=FR"
"pakistan","2k+","7 February 2026 at 02:20:00 UTC+5:30","7 February 2026 at 04:20:00 UTC+5:30","pakistan,attentat pakistan,pakistan attentat","./explore?q=pakistan&geo=FR"
"al nassr","5k+","6 February 2026 at 23:40:00 UTC+5:30","7 February 2026 at 02:20:00 UTC+5:30","al nassr,saudi pro league","./explore?q=al%20nassr&geo=FR"
"prix cigarettes","10k+","1 February 2026 at 17:50:00 UTC+5:30","2 February 2026 at 14:20:00 UTC+5:30","prix cigarettes","./explore?q=prix%20cigarettes&geo=FR"
"sabrina impacciatore","1k+","7 February 2026 at 02:40:00 UTC+5:30","7 February 2026 at 14:10:00 UTC+5:30","sabrina impacciatore","./explore?q=sabrina%20impacciatore&geo=FR"
"billie eilish","5k+","2 February 2026 at 10:00:00 UTC+5:30","4 February 2026 at 06:50:00 UTC+5:30","billie eilish,emily austin","./explore?q=billie%20eilish&geo=FR"
"sunderland – burnley","10k+","3 February 2026 at 00:40:00 UTC+5:30","3 February 2026 at 15:30:00 UTC+5:30","sunderland – burnley,sunderland,sunderland vs burnley","./explore?q=sunderland%20%E2%80%93%20burnley&geo=FR"
"lfi","2k+","5 February 2026 at 16:40:00 UTC+5:30","6 February 2026 at 13:30:00 UTC+5:30","lfi,michel onfray","./explore?q=lfi&geo=FR"
"casa pia – porto","10k+","3 February 2026 at 01:30:00 UTC+5:30","3 February 2026 at 15:30:00 UTC+5:30","casa pia – porto,casa pia - porto,liga portugal","./explore?q=casa%20pia%20%E2%80%93%20porto&geo=FR"
"presidente cio","2k+","7 February 2026 at 01:00:00 UTC+5:30","7 February 2026 at 04:30:00 UTC+5:30","presidente cio,president cio,presidente du cio,président du cio,presidente du comite olympique","./explore?q=presidente%20cio&geo=FR"
"adama traore","5k+","1 February 2026 at 01:00:00 UTC+5:30","3 February 2026 at 08:00:00 UTC+5:30","adama traore","./explore?q=adama%20traore&geo=FR"
"alcaraz","50k+","1 February 2026 at 14:20:00 UTC+5:30","1 February 2026 at 19:40:00 UTC+5:30","alcaraz,carlos alcaraz,alcaraz vs djokovic","./explore?q=alcaraz&geo=FR"
"christa theret","5k+","7 February 2026 at 03:20:00 UTC+5:30","7 February 2026 at 14:10:00 UTC+5:30","christa theret,sophie marceau","./explore?q=christa%20theret&geo=FR"
"polisse","5k+","6 February 2026 at 00:30:00 UTC+5:30","6 February 2026 at 05:30:00 UTC+5:30","polisse,polisse film,maiwenn,film polisse,maïwenn","./explore?q=polisse&geo=FR"
"btc usd","5k+","5 February 2026 at 21:10:00 UTC+5:30","6 February 2026 at 14:40:00 UTC+5:30","btc usd,bitcoin price,bitcoin usd,crypto,btc,bitcoin","./explore?q=btc%20usd&geo=FR"
"amine kessaci","2k+","6 February 2026 at 22:10:00 UTC+5:30","7 February 2026 at 01:40:00 UTC+5:30","amine kessaci,kessaci","./explore?q=amine%20kessaci&geo=FR"
"mardi gras","10k+","1 February 2026 at 18:00:00 UTC+5:30","3 February 2026 at 19:00:00 UTC+5:30","mardi gras","./explore?q=mardi%20gras&geo=FR"
"dals","5k+","7 February 2026 at 01:40:00 UTC+5:30","7 February 2026 at 03:00:00 UTC+5:30","dals","./explore?q=dals&geo=FR"
"tournoi des 6 nations 2025","2k+","6 February 2026 at 01:00:00 UTC+5:30","6 February 2026 at 14:00:00 UTC+5:30","tournoi des 6 nations 2025","./explore?q=tournoi%20des%206%20nations%202025&geo=FR"
"fallout remastered","2k+","7 February 2026 at 00:20:00 UTC+5:30","7 February 2026 at 05:40:00 UTC+5:30","fallout remastered,fallout 3 remaster,fallout new vegas remaster,fallout new vegas remastered","./explore?q=fallout%20remastered&geo=FR"
"tbt9","10k+","6 February 2026 at 23:30:00 UTC+5:30","7 February 2026 at 02:20:00 UTC+5:30","tbt9,matthieu delormeau,delormeau,mathieu delormeau,ile de la tentation 2026 quel jour,a la tele ce soir,tele ce soir","./explore?q=tbt9&geo=FR"
"tondela – benfica","10k+","2 February 2026 at 01:10:00 UTC+5:30","2 February 2026 at 15:00:00 UTC+5:30","tondela – benfica,tondela - benfica,tondela,tondela vs benfica,benfica tondela","./explore?q=tondela%20%E2%80%93%20benfica&geo=FR"
"attissogbe","5k+","6 February 2026 at 01:20:00 UTC+5:30","6 February 2026 at 05:00:00 UTC+5:30","attissogbe,damian penaud,theo attissogbe,damien penaud,penaud,penaud rugby","./explore?q=attissogbe&geo=FR"
"al-kholood club – al shabab","200+","7 February 2026 at 19:40:00 UTC+5:30","7 February 2026 at 20:40:00 UTC+5:30","al-kholood club – al shabab","./explore?q=al-kholood%20club%20%E2%80%93%20al%20shabab&geo=FR"
"galatasaray – istanbulspor","5k+","4 February 2026 at 22:40:00 UTC+5:30","5 February 2026 at 05:00:00 UTC+5:30","galatasaray – istanbulspor,galatasaray - istanbulspor,galatasaray istanbulspor hangi kanalda","./explore?q=galatasaray%20%E2%80%93%20istanbulspor&geo=FR"
"mardi gras 2026","10k+","1 February 2026 at 17:40:00 UTC+5:30","4 February 2026 at 01:20:00 UTC+5:30","mardi gras 2026","./explore?q=mardi%20gras%202026&geo=FR"
"georgie","1k+","6 February 2026 at 21:10:00 UTC+5:30","7 February 2026 at 15:00:00 UTC+5:30","georgie","./explore?q=georgie&geo=FR"
"cryptomonnaie","1k+","6 February 2026 at 21:30:00 UTC+5:30","7 February 2026 at 13:30:00 UTC+5:30","cryptomonnaie","./explore?q=cryptomonnaie&geo=FR"
"az","2k+","7 February 2026 at 01:50:00 UTC+5:30","7 February 2026 at 03:50:00 UTC+5:30","az,savannah guthrie,nancy guthrie,pull","./explore?q=az&geo=FR"
"trail blazers – grizzlies","500+","7 February 2026 at 11:40:00 UTC+5:30","7 February 2026 at 14:40:00 UTC+5:30","trail blazers – grizzlies","./explore?q=trail%20blazers%20%E2%80%93%20grizzlies&geo=FR"
"nathalie pechalat","2k+","6 February 2026 at 21:30:00 UTC+5:30","7 February 2026 at 01:30:00 UTC+5:30","nathalie pechalat,jean dujardin","./explore?q=nathalie%20pechalat&geo=FR"
"sophie davant","1k+","7 February 2026 at 02:20:00 UTC+5:30","7 February 2026 at 06:00:00 UTC+5:30","sophie davant","./explore?q=sophie%20davant&geo=FR"
"mireille dumas","500+","7 February 2026 at 16:40:00 UTC+5:30","7 February 2026 at 17:40:00 UTC+5:30","mireille dumas","./explore?q=mireille%20dumas&geo=FR"
"b","500+","7 February 2026 at 05:40:00 UTC+5:30","7 February 2026 at 12:00:00 UTC+5:30","b","./explore?q=b&geo=FR"
"fausto coppi","100+","7 February 2026 at 21:50:00 UTC+5:30","7 February 2026 at 22:20:00 UTC+5:30","fausto coppi","./explore?q=fausto%20coppi&geo=FR"
"parme – juventus","10k+","2 February 2026 at 00:30:00 UTC+5:30","2 February 2026 at 14:10:00 UTC+5:30","parme – juventus","./explore?q=parme%20%E2%80%93%20juventus&geo=FR"
"marty supreme","5k+","4 February 2026 at 03:50:00 UTC+5:30","5 February 2026 at 12:10:00 UTC+5:30","marty supreme","./explore?q=marty%20supreme&geo=FR"
"jd vance","1k+","7 February 2026 at 00:50:00 UTC+5:30","7 February 2026 at 13:10:00 UTC+5:30","jd vance","./explore?q=jd%20vance&geo=FR"
"arques","200+","7 February 2026 at 17:40:00 UTC+5:30","7 February 2026 at 18:50:00 UTC+5:30","arques","./explore?q=arques&geo=FR"
"mercato","10k+","2 February 2026 at 02:20:00 UTC+5:30","3 February 2026 at 13:40:00 UTC+5:30","mercato","./explore?q=mercato&geo=FR"
"visa","200+","7 February 2026 at 13:00:00 UTC+5:30","7 February 2026 at 17:00:00 UTC+5:30","visa","./explore?q=visa&geo=FR"
"ain","200+","7 February 2026 at 21:30:00 UTC+5:30","7 February 2026 at 22:00:00 UTC+5:30","ain","./explore?q=ain&geo=FR"
"ynsect","1k+","7 February 2026 at 17:50:00 UTC+5:30","7 February 2026 at 19:00:00 UTC+5:30","ynsect","./explore?q=ynsect&geo=FR"
"boris becker","2k+","6 February 2026 at 22:10:00 UTC+5:30","7 February 2026 at 00:10:00 UTC+5:30","boris becker","./explore?q=boris%20becker&geo=FR"
"bourg-péronnas – le puy foot 43","1k+","7 February 2026 at 00:00:00 UTC+5:30","7 February 2026 at 03:30:00 UTC+5:30","bourg-péronnas – le puy foot 43","./explore?q=bourg-p%C3%A9ronnas%20%E2%80%93%20le%20puy%20foot%2043&geo=FR"
"koji sato","1k+","7 February 2026 at 01:20:00 UTC+5:30","7 February 2026 at 04:10:00 UTC+5:30","koji sato","./explore?q=koji%20sato&geo=FR"
"puccini","1k+","7 February 2026 at 00:40:00 UTC+5:30","7 February 2026 at 05:00:00 UTC+5:30","puccini","./explore?q=puccini&geo=FR"
"verdi","1k+","7 February 2026 at 00:40:00 UTC+5:30","7 February 2026 at 05:00:00 UTC+5:30","verdi","./explore?q=verdi&geo=FR"
"arsenal vs chelsea","10k+","4 February 2026 at 01:00:00 UTC+5:30","4 February 2026 at 13:00:00 UTC+5:30","arsenal vs chelsea,arsenal chelsea,arsenal,chelsea arsenal,efl cup,arsenal - chelsea,fa cup,kai havertz","./explore?q=arsenal%20vs%20chelsea&geo=FR"
"majorque – séville","5k+","3 February 2026 at 00:40:00 UTC+5:30","3 February 2026 at 14:20:00 UTC+5:30","majorque – séville,fc seville","./explore?q=majorque%20%E2%80%93%20s%C3%A9ville&geo=FR"
"rachida dati lecornu","1k+","7 February 2026 at 09:00:00 UTC+5:30","7 February 2026 at 12:00:00 UTC+5:30","rachida dati lecornu,maud bregeon","./explore?q=rachida%20dati%20lecornu&geo=FR"
"menoncello","200+","7 February 2026 at 20:20:00 UTC+5:30","7 February 2026 at 21:00:00 UTC+5:30","menoncello","./explore?q=menoncello&geo=FR"
"amel bent","10k+","1 February 2026 at 03:00:00 UTC+5:30","2 February 2026 at 03:00:00 UTC+5:30","amel bent","./explore?q=amel%20bent&geo=FR"
"cecile gres","200+","7 February 2026 at 19:00:00 UTC+5:30","7 February 2026 at 22:10:00 UTC+5:30","cecile gres","./explore?q=cecile%20gres&geo=FR"
"leverkusen – sankt pauli","5k+","4 February 2026 at 00:30:00 UTC+5:30","4 February 2026 at 14:10:00 UTC+5:30","leverkusen – sankt pauli","./explore?q=leverkusen%20%E2%80%93%20sankt%20pauli&geo=FR"
"pau – toulon","10k+","2 February 2026 at 01:20:00 UTC+5:30","2 February 2026 at 18:10:00 UTC+5:30","pau – toulon,pau toulon,section paloise,pau toulon rugby,rct,pau,toulon pau,aaron smith,pau rugby","./explore?q=pau%20%E2%80%93%20toulon&geo=FR"
"laurent duplomb","2k+","6 February 2026 at 08:20:00 UTC+5:30","6 February 2026 at 13:30:00 UTC+5:30","laurent duplomb","./explore?q=laurent%20duplomb&geo=FR"
"vatican","200+","7 February 2026 at 17:00:00 UTC+5:30","7 February 2026 at 18:10:00 UTC+5:30","vatican","./explore?q=vatican&geo=FR"
"antoine valentin","10k+","2 February 2026 at 00:20:00 UTC+5:30","3 February 2026 at 01:50:00 UTC+5:30","antoine valentin,élections législatives haute savoie,législatives partielles haute savoie,udr,legislative partielle haute savoie,udr parti,elections legislatives partielles","./explore?q=antoine%20valentin&geo=FR"
"ines vandamme","1k+","7 February 2026 at 04:30:00 UTC+5:30","7 February 2026 at 06:40:00 UTC+5:30","ines vandamme","./explore?q=ines%20vandamme&geo=FR"
"patricia kaas","10k+","3 February 2026 at 22:00:00 UTC+5:30","4 February 2026 at 05:30:00 UTC+5:30","patricia kaas","./explore?q=patricia%20kaas&geo=FR"
"lyna khoudri","5k+","1 February 2026 at 21:10:00 UTC+5:30","3 February 2026 at 20:10:00 UTC+5:30","lyna khoudri","./explore?q=lyna%20khoudri&geo=FR"
"spurs – magic","10k+","2 February 2026 at 07:40:00 UTC+5:30","2 February 2026 at 18:40:00 UTC+5:30","spurs – magic","./explore?q=spurs%20%E2%80%93%20magic&geo=FR"
"mascotte jo hiver 2026","1k+","7 February 2026 at 00:50:00 UTC+5:30","7 February 2026 at 13:00:00 UTC+5:30","mascotte jo hiver 2026,mascotte jo 2026","./explore?q=mascotte%20jo%20hiver%202026&geo=FR"
"camille kovalev","2k+","6 February 2026 at 20:00:00 UTC+5:30","7 February 2026 at 00:30:00 UTC+5:30","camille kovalev,pavel kovalev,kovalev","./explore?q=camille%20kovalev&geo=FR"
"liechtenstein","2k+","7 February 2026 at 02:00:00 UTC+5:30","7 February 2026 at 03:30:00 UTC+5:30","liechtenstein","./explore?q=liechtenstein&geo=FR"
"urssaf uber","5k+","2 February 2026 at 20:30:00 UTC+5:30","3 February 2026 at 07:30:00 UTC+5:30","urssaf uber","./explore?q=urssaf%20uber&geo=FR"
"tahirys dos santos","2k+","4 February 2026 at 18:30:00 UTC+5:30","5 February 2026 at 18:00:00 UTC+5:30","tahirys dos santos","./explore?q=tahirys%20dos%20santos&geo=FR"
"ambre star academy","10k+","1 February 2026 at 02:10:00 UTC+5:30","1 February 2026 at 22:20:00 UTC+5:30","ambre star academy","./explore?q=ambre%20star%20academy&geo=FR"
"anthony bourbon","5k+","5 February 2026 at 02:10:00 UTC+5:30","5 February 2026 at 06:30:00 UTC+5:30","anthony bourbon,anthony bourbon couple,femme anthony bourbon,compagne anthony bourbon","./explore?q=anthony%20bourbon&geo=FR"
"bucks – pacers","200+","7 February 2026 at 09:00:00 UTC+5:30","7 February 2026 at 14:00:00 UTC+5:30","bucks – pacers","./explore?q=bucks%20%E2%80%93%20pacers&geo=FR"
"trevor noah","5k+","2 February 2026 at 13:30:00 UTC+5:30","4 February 2026 at 02:40:00 UTC+5:30","trevor noah,rituals","./explore?q=trevor%20noah&geo=FR"
"fenerbahçe – erzurumspor","2k+","5 February 2026 at 22:20:00 UTC+5:30","6 February 2026 at 02:40:00 UTC+5:30","fenerbahçe – erzurumspor,fenerbahçe - erzurumspor","./explore?q=fenerbah%C3%A7e%20%E2%80%93%20erzurumspor&geo=FR"
"budget 2026 immobilier","2k+","5 February 2026 at 00:30:00 UTC+5:30","5 February 2026 at 11:40:00 UTC+5:30","budget 2026 immobilier","./explore?q=budget%202026%20immobilier&geo=FR"
"iphone 16 pro max","1k+","6 February 2026 at 22:10:00 UTC+5:30","7 February 2026 at 01:00:00 UTC+5:30","iphone 16 pro max","./explore?q=iphone%2016%20pro%20max&geo=FR"
"juventus","5k+","6 February 2026 at 02:00:00 UTC+5:30","6 February 2026 at 04:50:00 UTC+5:30","juventus,atalanta juventus,juventus atalanta,coppa italia","./explore?q=juventus&geo=FR"
"overwatch","2k+","5 February 2026 at 00:40:00 UTC+5:30","6 February 2026 at 05:20:00 UTC+5:30","overwatch","./explore?q=overwatch&geo=FR"
"voyager 1","5k+","2 February 2026 at 13:00:00 UTC+5:30","3 February 2026 at 02:50:00 UTC+5:30","voyager 1","./explore?q=voyager%201&geo=FR"
"benjamin lavernhe","2k+","5 February 2026 at 22:40:00 UTC+5:30","6 February 2026 at 04:10:00 UTC+5:30","benjamin lavernhe","./explore?q=benjamin%20lavernhe&geo=FR"
"emmanuel eboué","2k+","5 February 2026 at 17:30:00 UTC+5:30","6 February 2026 at 06:00:00 UTC+5:30","emmanuel eboué","./explore?q=emmanuel%20ebou%C3%A9&geo=FR"
"lindsey vonn","1k+","7 February 2026 at 02:40:00 UTC+5:30","7 February 2026 at 05:30:00 UTC+5:30","lindsey vonn","./explore?q=lindsey%20vonn&geo=FR"
"sofia goggia","500+","7 February 2026 at 03:50:00 UTC+5:30","7 February 2026 at 15:40:00 UTC+5:30","sofia goggia","./explore?q=sofia%20goggia&geo=FR"
"monster hunter","2k+","5 February 2026 at 21:10:00 UTC+5:30","6 February 2026 at 03:10:00 UTC+5:30","monster hunter","./explore?q=monster%20hunter&geo=FR"
"panne chatgpt","2k+","4 February 2026 at 02:10:00 UTC+5:30","4 February 2026 at 13:40:00 UTC+5:30","panne chatgpt","./explore?q=panne%20chatgpt&geo=FR"
"gerard depardieu","5k+","5 February 2026 at 01:50:00 UTC+5:30","5 February 2026 at 06:20:00 UTC+5:30","gerard depardieu,depardieu,elisabeth guignot,gérard depardieu,élisabeth depardieu","./explore?q=gerard%20depardieu&geo=FR"
"sarah ferguson","2k+","2 February 2026 at 19:00:00 UTC+5:30","4 February 2026 at 05:10:00 UTC+5:30","sarah ferguson","./explore?q=sarah%20ferguson&geo=FR"
"helicoptere paris","1k+","7 February 2026 at 00:00:00 UTC+5:30","7 February 2026 at 02:10:00 UTC+5:30","helicoptere paris","./explore?q=helicoptere%20paris&geo=FR"
"retraites agirc arrco revalorisation","10k+","3 February 2026 at 22:50:00 UTC+5:30","4 February 2026 at 06:30:00 UTC+5:30","retraites agirc arrco revalorisation,agirc-arrco,agirc arrco","./explore?q=retraites%20agirc%20arrco%20revalorisation&geo=FR"
"saif al islam","2k+","4 February 2026 at 01:10:00 UTC+5:30","4 February 2026 at 18:50:00 UTC+5:30","saif al islam","./explore?q=saif%20al%20islam&geo=FR"
"antibes","2k+","4 February 2026 at 03:00:00 UTC+5:30","5 February 2026 at 03:00:00 UTC+5:30","antibes","./explore?q=antibes&geo=FR"
"hong kong","1k+","7 February 2026 at 01:50:00 UTC+5:30","7 February 2026 at 03:30:00 UTC+5:30","hong kong","./explore?q=hong%20kong&geo=FR"
"les apprentis champions au ski","1k+","6 February 2026 at 22:10:00 UTC+5:30","7 February 2026 at 01:40:00 UTC+5:30","les apprentis champions au ski","./explore?q=les%20apprentis%20champions%20au%20ski&geo=FR"
"marsupilami film 2026","20k+","7 February 2026 at 00:10:00 UTC+5:30","7 February 2026 at 02:30:00 UTC+5:30","marsupilami film 2026,philippe lacheau,marsupilami,la bande a fifi,marsupilami film,le marsupilami,film marsupilami,la bande à fifi","./explore?q=marsupilami%20film%202026&geo=FR"
"ntamack","5k+","6 February 2026 at 01:20:00 UTC+5:30","6 February 2026 at 04:40:00 UTC+5:30","ntamack,romain ntamack,ntamack blessure,tournoi des 6 nations","./explore?q=ntamack&geo=FR"
"agence tmc","2k+","6 February 2026 at 05:40:00 UTC+5:30","6 February 2026 at 13:20:00 UTC+5:30","agence tmc,l'agence,l agence","./explore?q=agence%20tmc&geo=FR"
"guillaume labbé","10k+","4 February 2026 at 16:00:00 UTC+5:30","5 February 2026 at 04:30:00 UTC+5:30","guillaume labbé,capucine malarre,anaon combien d épisodes,ou a ete tourne anaon,guillaume labbe,anaon avis","./explore?q=guillaume%20labb%C3%A9&geo=FR"
"sporting – cd nacional","10k+","1 February 2026 at 22:40:00 UTC+5:30","2 February 2026 at 12:40:00 UTC+5:30","sporting – cd nacional,sporting - nacional","./explore?q=sporting%20%E2%80%93%20cd%20nacional&geo=FR"
"kosovo","2k+","7 February 2026 at 02:00:00 UTC+5:30","7 February 2026 at 03:20:00 UTC+5:30","kosovo","./explore?q=kosovo&geo=FR"
"bilal hassani","10k+","1 February 2026 at 02:00:00 UTC+5:30","2 February 2026 at 02:40:00 UTC+5:30","bilal hassani","./explore?q=bilal%20hassani&geo=FR"
"philippines","200+","7 February 2026 at 18:40:00 UTC+5:30","7 February 2026 at 19:20:00 UTC+5:30","philippines","./explore?q=philippines&geo=FR"
"france tv direct","10k+","6 February 2026 at 00:30:00 UTC+5:30","6 February 2026 at 04:20:00 UTC+5:30","france tv direct,france tv,chaine sport france tv","./explore?q=france%20tv%20direct&geo=FR"
"al-ettifaq – damac","1k+","6 February 2026 at 20:00:00 UTC+5:30","6 February 2026 at 23:30:00 UTC+5:30","al-ettifaq – damac","./explore?q=al-ettifaq%20%E2%80%93%20damac&geo=FR"
"bretagne","200+","7 February 2026 at 17:00:00 UTC+5:30","7 February 2026 at 18:10:00 UTC+5:30","bretagne","./explore?q=bretagne&geo=FR"
"moise kouame","10k+","4 February 2026 at 19:10:00 UTC+5:30","5 February 2026 at 00:30:00 UTC+5:30","moise kouame,aleksandar kovacevic,moïse kouamé,kouame moise,kouame,elias ymer","./explore?q=moise%20kouame&geo=FR"
"yeoh","2k+","6 February 2026 at 11:20:00 UTC+5:30","6 February 2026 at 15:40:00 UTC+5:30","yeoh,michelle yeoh","./explore?q=yeoh&geo=FR"
"grammys","5k+","2 February 2026 at 02:40:00 UTC+5:30","3 February 2026 at 05:10:00 UTC+5:30","grammys,chappell roan grammy","./explore?q=grammys&geo=FR"
"grammy awards","5k+","2 February 2026 at 03:10:00 UTC+5:30","3 February 2026 at 04:10:00 UTC+5:30","grammy awards","./explore?q=grammy%20awards&geo=FR"
"udinese – roma","5k+","3 February 2026 at 00:30:00 UTC+5:30","3 February 2026 at 13:50:00 UTC+5:30","udinese – roma,roma","./explore?q=udinese%20%E2%80%93%20roma&geo=FR"
"jo hiver 2022","1k+","7 February 2026 at 01:00:00 UTC+5:30","7 February 2026 at 03:40:00 UTC+5:30","jo hiver 2022,jo d'hiver 2022","./explore?q=jo%20hiver%202022&geo=FR"
"rayo vallecano","200+","7 February 2026 at 19:10:00 UTC+5:30","7 February 2026 at 20:00:00 UTC+5:30","rayo vallecano","./explore?q=rayo%20vallecano&geo=FR"
"france2","2k+","6 February 2026 at 00:30:00 UTC+5:30","6 February 2026 at 04:00:00 UTC+5:30","france2,volodymyr zelensky,zelensky","./explore?q=france2&geo=FR"
"chèque énergie","5k+","5 February 2026 at 23:20:00 UTC+5:30","6 February 2026 at 03:00:00 UTC+5:30","chèque énergie,cheque energie 2026","./explore?q=ch%C3%A8que%20%C3%A9nergie&geo=FR"
"thomas sotto","5k+","2 February 2026 at 11:20:00 UTC+5:30","4 February 2026 at 12:50:00 UTC+5:30","thomas sotto,thomas sotto accident","./explore?q=thomas%20sotto&geo=FR"
"al-ahli saudi – al hazm","2k+","5 February 2026 at 22:20:00 UTC+5:30","6 February 2026 at 02:50:00 UTC+5:30","al-ahli saudi – al hazm,al ahli","./explore?q=al-ahli%20saudi%20%E2%80%93%20al%20hazm&geo=FR"
"patrick bruel","5k+","3 February 2026 at 00:40:00 UTC+5:30","4 February 2026 at 02:30:00 UTC+5:30","patrick bruel,marion marechal le pen","./explore?q=patrick%20bruel&geo=FR"
"montenegro","1k+","7 February 2026 at 02:10:00 UTC+5:30","7 February 2026 at 03:30:00 UTC+5:30","montenegro","./explore?q=montenegro&geo=FR"
"hexagone mma","500+","7 February 2026 at 00:40:00 UTC+5:30","7 February 2026 at 05:00:00 UTC+5:30","hexagone mma","./explore?q=hexagone%20mma&geo=FR"
"top 16 européen de tennis de table","500+","7 February 2026 at 17:50:00 UTC+5:30","7 February 2026 at 18:50:00 UTC+5:30","top 16 européen de tennis de table,félix lebrun","./explore?q=top%2016%20europ%C3%A9en%20de%20tennis%20de%20table&geo=FR"
"india vs south africa","2k+","4 February 2026 at 18:50:00 UTC+5:30","5 February 2026 at 03:10:00 UTC+5:30","india vs south africa,ind vs sa","./explore?q=india%20vs%20south%20africa&geo=FR"
"gemini","20k+","4 February 2026 at 01:50:00 UTC+5:30","4 February 2026 at 04:10:00 UTC+5:30","gemini","./explore?q=gemini&geo=FR"
"fallout saison 3","2k+","5 February 2026 at 00:40:00 UTC+5:30","5 February 2026 at 08:40:00 UTC+5:30","fallout saison 3,fallout saison 2","./explore?q=fallout%20saison%203&geo=FR"
"guinée bissau","1k+","7 February 2026 at 01:50:00 UTC+5:30","7 February 2026 at 03:10:00 UTC+5:30","guinée bissau","./explore?q=guin%C3%A9e%20bissau&geo=FR"
"cyprien sarrazin","200+","7 February 2026 at 17:00:00 UTC+5:30","7 February 2026 at 18:10:00 UTC+5:30","cyprien sarrazin","./explore?q=cyprien%20sarrazin&geo=FR"
"jo 2028","500+","7 February 2026 at 01:00:00 UTC+5:30","7 February 2026 at 03:50:00 UTC+5:30","jo 2028","./explore?q=jo%202028&geo=FR"
"meteo caen","200+","7 February 2026 at 14:00:00 UTC+5:30","7 February 2026 at 15:30:00 UTC+5:30","meteo caen","./explore?q=meteo%20caen&geo=FR"
"stanislas dehaene","200+","7 February 2026 at 13:10:00 UTC+5:30","7 February 2026 at 14:20:00 UTC+5:30","stanislas dehaene","./explore?q=stanislas%20dehaene&geo=FR"
"alexeï navalny","2k+","4 February 2026 at 11:30:00 UTC+5:30","5 February 2026 at 02:30:00 UTC+5:30","alexeï navalny","./explore?q=alexe%C3%AF%20navalny&geo=FR"
"hurlevent","5k+","5 February 2026 at 00:50:00 UTC+5:30","5 February 2026 at 18:40:00 UTC+5:30","hurlevent,les hauts de hurlevent","./explore?q=hurlevent&geo=FR"
"chinese taipei","1k+","7 February 2026 at 02:30:00 UTC+5:30","7 February 2026 at 03:40:00 UTC+5:30","chinese taipei","./explore?q=chinese%20taipei&geo=FR"
"lookman","1k+","6 February 2026 at 02:20:00 UTC+5:30","6 February 2026 at 13:50:00 UTC+5:30","lookman","./explore?q=lookman&geo=FR"
"affaire alessandri","2k+","7 February 2026 at 00:00:00 UTC+5:30","7 February 2026 at 01:10:00 UTC+5:30","affaire alessandri,edwige alessandri,alessandri","./explore?q=affaire%20alessandri&geo=FR"
"carabao cup","2k+","4 February 2026 at 01:30:00 UTC+5:30","5 February 2026 at 13:00:00 UTC+5:30","carabao cup,efl cup","./explore?q=carabao%20cup&geo=FR"
"ken kern","500+","7 February 2026 at 03:10:00 UTC+5:30","7 February 2026 at 07:10:00 UTC+5:30","ken kern","./explore?q=ken%20kern&geo=FR"
"novak djokovic","20k+","1 February 2026 at 14:30:00 UTC+5:30","1 February 2026 at 18:20:00 UTC+5:30","novak djokovic","./explore?q=novak%20djokovic&geo=FR"
"pierfrancesco favino","1k+","7 February 2026 at 01:00:00 UTC+5:30","7 February 2026 at 02:20:00 UTC+5:30","pierfrancesco favino,favino","./explore?q=pierfrancesco%20favino&geo=FR"
"lucy letby","1k+","7 February 2026 at 01:20:00 UTC+5:30","7 February 2026 at 04:10:00 UTC+5:30","lucy letby","./explore?q=lucy%20letby&geo=FR"
"denzel washington","500+","7 February 2026 at 02:30:00 UTC+5:30","7 February 2026 at 07:30:00 UTC+5:30","denzel washington","./explore?q=denzel%20washington&geo=FR"
"gallia","1k+","6 February 2026 at 13:00:00 UTC+5:30","6 February 2026 at 17:30:00 UTC+5:30","gallia,rappel lait infantile gallia,rappel gallia","./explore?q=gallia&geo=FR"
"canberra","200+","7 February 2026 at 16:40:00 UTC+5:30","7 February 2026 at 17:40:00 UTC+5:30","canberra","./explore?q=canberra&geo=FR"
"giorgio armani","1k+","7 February 2026 at 00:50:00 UTC+5:30","7 February 2026 at 02:00:00 UTC+5:30","giorgio armani,armani","./explore?q=giorgio%20armani&geo=FR"
"kyrgyzstan","1k+","7 February 2026 at 02:00:00 UTC+5:30","7 February 2026 at 03:10:00 UTC+5:30","kyrgyzstan","./explore?q=kyrgyzstan&geo=FR"
"azerbaïdjan","1k+","7 February 2026 at 01:20:00 UTC+5:30","7 February 2026 at 02:30:00 UTC+5:30","azerbaïdjan,caucase","./explore?q=azerba%C3%AFdjan&geo=FR"
"al-nassr vs al-ittihad","500+","6 February 2026 at 22:50:00 UTC+5:30","7 February 2026 at 02:10:00 UTC+5:30","al-nassr vs al-ittihad","./explore?q=al-nassr%20vs%20al-ittihad&geo=FR"
"laetitia milot","10k+","1 February 2026 at 20:40:00 UTC+5:30","2 February 2026 at 01:10:00 UTC+5:30","laetitia milot,laetitia milot yannis,laetitia milot et badri,laëtitia milot","./explore?q=laetitia%20milot&geo=FR"
"benin","1k+","7 February 2026 at 01:20:00 UTC+5:30","7 February 2026 at 02:40:00 UTC+5:30","benin","./explore?q=benin&geo=FR"
"volkanovski","5k+","1 February 2026 at 05:30:00 UTC+5:30","1 February 2026 at 20:10:00 UTC+5:30","volkanovski,alexander volkanovski,mma,ufc 325 streaming,ufc streaming,paramount","./explore?q=volkanovski&geo=FR"
"red star","500+","7 February 2026 at 01:00:00 UTC+5:30","7 February 2026 at 03:30:00 UTC+5:30","red star","./explore?q=red%20star&geo=FR"
"taipei","1k+","7 February 2026 at 02:30:00 UTC+5:30","7 February 2026 at 03:40:00 UTC+5:30","taipei","./explore?q=taipei&geo=FR"
"david poisson","5k+","3 February 2026 at 03:10:00 UTC+5:30","3 February 2026 at 14:00:00 UTC+5:30","david poisson","./explore?q=david%20poisson&geo=FR"
"épargne","2k+","4 February 2026 at 15:10:00 UTC+5:30","4 February 2026 at 20:50:00 UTC+5:30","épargne","./explore?q=%C3%A9pargne&geo=FR"
"cechia","1k+","7 February 2026 at 01:30:00 UTC+5:30","7 February 2026 at 02:40:00 UTC+5:30","cechia","./explore?q=cechia&geo=FR"
"sporting","1k+","6 February 2026 at 03:10:00 UTC+5:30","6 February 2026 at 12:10:00 UTC+5:30","sporting","./explore?q=sporting&geo=FR"
"hinaupoko devèze","1k+","6 February 2026 at 11:30:00 UTC+5:30","7 February 2026 at 02:00:00 UTC+5:30","hinaupoko devèze","./explore?q=hinaupoko%20dev%C3%A8ze&geo=FR"
"société générale","2k+","6 February 2026 at 17:20:00 UTC+5:30","6 February 2026 at 19:40:00 UTC+5:30","société générale","./explore?q=soci%C3%A9t%C3%A9%20g%C3%A9n%C3%A9rale&geo=FR"
"décès cap vert","5k+","3 February 2026 at 13:30:00 UTC+5:30","3 February 2026 at 22:00:00 UTC+5:30","décès cap vert","./explore?q=d%C3%A9c%C3%A8s%20cap%20vert&geo=FR"
"trade nba","1k+","5 February 2026 at 03:50:00 UTC+5:30","6 February 2026 at 12:30:00 UTC+5:30","trade nba,nba trade","./explore?q=trade%20nba&geo=FR"
"nouchi rugby","2k+","6 February 2026 at 01:40:00 UTC+5:30","6 February 2026 at 04:50:00 UTC+5:30","nouchi rugby,nouchi","./explore?q=nouchi%20rugby&geo=FR"
"dortmund – heidenheim","5k+","1 February 2026 at 21:10:00 UTC+5:30","2 February 2026 at 05:10:00 UTC+5:30","dortmund – heidenheim,dortmund","./explore?q=dortmund%20%E2%80%93%20heidenheim&geo=FR"
"rockets – hornets","1k+","6 February 2026 at 08:20:00 UTC+5:30","6 February 2026 at 13:40:00 UTC+5:30","rockets – hornets","./explore?q=rockets%20%E2%80%93%20hornets&geo=FR"
"fortune elon musk","5k+","3 February 2026 at 20:40:00 UTC+5:30","4 February 2026 at 04:40:00 UTC+5:30","fortune elon musk","./explore?q=fortune%20elon%20musk&geo=FR"
"coupe du monde rugby","2k+","6 February 2026 at 01:30:00 UTC+5:30","6 February 2026 at 04:40:00 UTC+5:30","coupe du monde rugby,coupe du monde rugby 2027,coupe du monde de rugby","./explore?q=coupe%20du%20monde%20rugby&geo=FR"
"pistons – wizards","500+","6 February 2026 at 07:10:00 UTC+5:30","6 February 2026 at 13:50:00 UTC+5:30","pistons – wizards","./explore?q=pistons%20%E2%80%93%20wizards&geo=FR"
"aston villa – brentford","5k+","1 February 2026 at 18:40:00 UTC+5:30","2 February 2026 at 05:10:00 UTC+5:30","aston villa – brentford,aston villa,aston villa vs brentford","./explore?q=aston%20villa%20%E2%80%93%20brentford&geo=FR"
"taux crédit immobilier","2k+","5 February 2026 at 17:40:00 UTC+5:30","5 February 2026 at 20:30:00 UTC+5:30","taux crédit immobilier,taux immobiliers","./explore?q=taux%20cr%C3%A9dit%20immobilier&geo=FR"
"le coq sportif","500+","7 February 2026 at 02:00:00 UTC+5:30","7 February 2026 at 05:10:00 UTC+5:30","le coq sportif","./explore?q=le%20coq%20sportif&geo=FR"
"cremonese – inter","5k+","1 February 2026 at 21:40:00 UTC+5:30","2 February 2026 at 04:50:00 UTC+5:30","cremonese – inter,cremonese - inter","./explore?q=cremonese%20%E2%80%93%20inter&geo=FR"
"albacete vs barcelona","5k+","4 February 2026 at 00:40:00 UTC+5:30","4 February 2026 at 05:40:00 UTC+5:30","albacete vs barcelona,albacete - barcelona,albacete,fc barcelona,barcelona,barca vs,albacete balompié – fc barcelone","./explore?q=albacete%20vs%20barcelona&geo=FR"
"kim kardashian","1k+","7 February 2026 at 02:20:00 UTC+5:30","7 February 2026 at 03:50:00 UTC+5:30","kim kardashian","./explore?q=kim%20kardashian&geo=FR"
"juegos olímpicos de invierno 2026","1k+","4 February 2026 at 13:10:00 UTC+5:30","6 February 2026 at 06:10:00 UTC+5:30","juegos olímpicos de invierno 2026","./explore?q=juegos%20ol%C3%ADmpicos%20de%20invierno%202026&geo=FR"
"etan patz","1k+","7 February 2026 at 00:50:00 UTC+5:30","7 February 2026 at 02:00:00 UTC+5:30","etan patz","./explore?q=etan%20patz&geo=FR"
"zimbabwe","500+","7 February 2026 at 01:20:00 UTC+5:30","7 February 2026 at 04:30:00 UTC+5:30","zimbabwe","./explore?q=zimbabwe&geo=FR"
"gaetan perrin","5k+","2 February 2026 at 20:20:00 UTC+5:30","3 February 2026 at 13:50:00 UTC+5:30","gaetan perrin,gaetan perrin auxerre,noah edjouma,mercato losc,edjouma,losc lille","./explore?q=gaetan%20perrin&geo=FR"
"galatasaray – kayserispor","5k+","1 February 2026 at 21:40:00 UTC+5:30","2 February 2026 at 05:00:00 UTC+5:30","galatasaray – kayserispor,galatasaray - kayserispor","./explore?q=galatasaray%20%E2%80%93%20kayserispor&geo=FR"
"san marin","1k+","7 February 2026 at 02:20:00 UTC+5:30","7 February 2026 at 03:30:00 UTC+5:30","san marin","./explore?q=san%20marin&geo=FR"
"erythrée","1k+","7 February 2026 at 01:40:00 UTC+5:30","7 February 2026 at 02:50:00 UTC+5:30","erythrée,érythrée","./explore?q=erythr%C3%A9e&geo=FR"
"sophie marceau","20k+","3 February 2026 at 01:10:00 UTC+5:30","3 February 2026 at 02:40:00 UTC+5:30","sophie marceau,fille sophie marceau,fille de sophie marceau,sophie marceau enfants,marceau,lisa azuelos,enfant sophie marceau","./explore?q=sophie%20marceau&geo=FR"
"vincent clerc","2k+","6 February 2026 at 02:40:00 UTC+5:30","6 February 2026 at 04:40:00 UTC+5:30","vincent clerc","./explore?q=vincent%20clerc&geo=FR"
"gwendoline hamon","500+","7 February 2026 at 02:10:00 UTC+5:30","7 February 2026 at 04:10:00 UTC+5:30","gwendoline hamon","./explore?q=gwendoline%20hamon&geo=FR"
"saint marin","1k+","7 February 2026 at 02:20:00 UTC+5:30","7 February 2026 at 03:30:00 UTC+5:30","saint marin,jo albertville","./explore?q=saint%20marin&geo=FR"
"perrine laffont","500+","7 February 2026 at 00:20:00 UTC+5:30","7 February 2026 at 03:50:00 UTC+5:30","perrine laffont","./explore?q=perrine%20laffont&geo=FR"
"fuite de données assemblée nationale","2k+","4 February 2026 at 15:40:00 UTC+5:30","4 February 2026 at 19:40:00 UTC+5:30","fuite de données assemblée nationale,braun pivet","./explore?q=fuite%20de%20donn%C3%A9es%20assembl%C3%A9e%20nationale&geo=FR"
"horoscope 6 fevrier 2026","2k+","6 February 2026 at 13:50:00 UTC+5:30","6 February 2026 at 15:50:00 UTC+5:30","horoscope 6 fevrier 2026,horoscope 6 février 2026,horoscopes christine haas","./explore?q=horoscope%206%20fevrier%202026&geo=FR"
"trenitalia","200+","7 February 2026 at 12:10:00 UTC+5:30","7 February 2026 at 13:50:00 UTC+5:30","trenitalia","./explore?q=trenitalia&geo=FR"
"anthony davis","2k+","5 February 2026 at 00:40:00 UTC+5:30","5 February 2026 at 13:40:00 UTC+5:30","anthony davis,cooper flagg,aj johnson,nba trade,trade nba","./explore?q=anthony%20davis&geo=FR"
"raptors – bulls","1k+","6 February 2026 at 08:40:00 UTC+5:30","6 February 2026 at 14:40:00 UTC+5:30","raptors – bulls","./explore?q=raptors%20%E2%80%93%20bulls&geo=FR"
"madonna","5k+","3 February 2026 at 01:40:00 UTC+5:30","3 February 2026 at 06:20:00 UTC+5:30","madonna","./explore?q=madonna&geo=FR"
"porto rico","1k+","7 February 2026 at 02:20:00 UTC+5:30","7 February 2026 at 03:30:00 UTC+5:30","porto rico","./explore?q=porto%20rico&geo=FR"
"depoortere rugby","2k+","6 February 2026 at 02:00:00 UTC+5:30","6 February 2026 at 04:40:00 UTC+5:30","depoortere rugby,moefana,nicolas depoortere","./explore?q=depoortere%20rugby&geo=FR"
"kocaelispor – fenerbahçe","5k+","2 February 2026 at 21:40:00 UTC+5:30","3 February 2026 at 04:30:00 UTC+5:30","kocaelispor – fenerbahçe,kocaelispor - fenerbahçe","./explore?q=kocaelispor%20%E2%80%93%20fenerbah%C3%A7e&geo=FR"
"josiane balasko","10k+","4 February 2026 at 03:00:00 UTC+5:30","4 February 2026 at 04:50:00 UTC+5:30","josiane balasko,balasko,balasko josiane","./explore?q=josiane%20balasko&geo=FR"
"paris – fenerbahçe","1k+","6 February 2026 at 01:20:00 UTC+5:30","6 February 2026 at 05:00:00 UTC+5:30","paris – fenerbahçe,paris basketball","./explore?q=paris%20%E2%80%93%20fenerbah%C3%A7e&geo=FR"
"nets – lakers","2k+","4 February 2026 at 06:10:00 UTC+5:30","4 February 2026 at 14:30:00 UTC+5:30","nets – lakers","./explore?q=nets%20%E2%80%93%20lakers&geo=FR"
"estonie","1k+","7 February 2026 at 01:40:00 UTC+5:30","7 February 2026 at 03:10:00 UTC+5:30","estonie","./explore?q=estonie&geo=FR"
"lolita pille","2k+","5 February 2026 at 01:40:00 UTC+5:30","5 February 2026 at 04:40:00 UTC+5:30","lolita pille","./explore?q=lolita%20pille&geo=FR"
"marina carrère d'encausse","10k+","4 February 2026 at 01:40:00 UTC+5:30","4 February 2026 at 04:40:00 UTC+5:30","marina carrère d'encausse,macha méril,marina carrere,pierre arditi,marina carrere d encausse,macha meril,marina d'encausse,marina d encausse,macha meryl","./explore?q=marina%20carr%C3%A8re%20d%27encausse&geo=FR"
"président de la république italienne","500+","7 February 2026 at 00:50:00 UTC+5:30","7 February 2026 at 04:30:00 UTC+5:30","président de la république italienne","./explore?q=pr%C3%A9sident%20de%20la%20r%C3%A9publique%20italienne&geo=FR"
"knicks – nuggets","1k+","5 February 2026 at 06:30:00 UTC+5:30","5 February 2026 at 15:30:00 UTC+5:30","knicks – nuggets","./explore?q=knicks%20%E2%80%93%20nuggets&geo=FR"
"hugues aufray","2k+","4 February 2026 at 16:30:00 UTC+5:30","4 February 2026 at 20:00:00 UTC+5:30","hugues aufray","./explore?q=hugues%20aufray&geo=FR"
"10km champs elysees","5k+","1 February 2026 at 13:30:00 UTC+5:30","1 February 2026 at 22:00:00 UTC+5:30","10km champs elysees,10 km champs elysees,resultat 10km champs elysees 2026,10km champs elysees resultats,10km champs-elysées 2026,10 km des champs elysees","./explore?q=10km%20champs%20elysees&geo=FR"
"match lorient nantes","10k+","1 February 2026 at 04:40:00 UTC+5:30","1 February 2026 at 18:40:00 UTC+5:30","match lorient nantes,lorient foot,fc lorient,nantes lorient,lorient nantes foot,lorient,bamba dieng,football club de nantes,nantes,match lorient","./explore?q=match%20lorient%20nantes&geo=FR"
"france 3","2k+","6 February 2026 at 00:00:00 UTC+5:30","6 February 2026 at 02:50:00 UTC+5:30","france 3","./explore?q=france%203&geo=FR"
"moltbook ia","2k+","2 February 2026 at 09:00:00 UTC+5:30","4 February 2026 at 02:20:00 UTC+5:30","moltbook ia","./explore?q=moltbook%20ia&geo=FR"
"christine ockrent","2k+","6 February 2026 at 00:00:00 UTC+5:30","6 February 2026 at 01:20:00 UTC+5:30","christine ockrent,ockrent christine","./explore?q=christine%20ockrent&geo=FR"
"observatoire immigration","2k+","6 February 2026 at 00:20:00 UTC+5:30","6 February 2026 at 02:00:00 UTC+5:30","observatoire immigration,observatoire immigration fr,observatoire-immigration","./explore?q=observatoire%20immigration&geo=FR"
"knicks – lakers","2k+","2 February 2026 at 05:10:00 UTC+5:30","2 February 2026 at 16:20:00 UTC+5:30","knicks – lakers","./explore?q=knicks%20%E2%80%93%20lakers&geo=FR"
"gims velodrome","1k+","5 February 2026 at 13:50:00 UTC+5:30","5 February 2026 at 19:10:00 UTC+5:30","gims velodrome","./explore?q=gims%20velodrome&geo=FR"
"southampton – watford","200+","7 February 2026 at 18:10:00 UTC+5:30","7 February 2026 at 18:40:00 UTC+5:30","southampton – watford","./explore?q=southampton%20%E2%80%93%20watford&geo=FR"
"jelonch","2k+","6 February 2026 at 02:00:00 UTC+5:30","6 February 2026 at 04:40:00 UTC+5:30","jelonch,anthony jelonch","./explore?q=jelonch&geo=FR"
"qui veut etre mon associé","2k+","5 February 2026 at 02:00:00 UTC+5:30","5 February 2026 at 06:20:00 UTC+5:30","qui veut etre mon associé,anthony qui veut etre mon associé,qui veut etre mon associé 2026","./explore?q=qui%20veut%20etre%20mon%20associ%C3%A9&geo=FR"
"christophe barratier","10k+","1 February 2026 at 20:20:00 UTC+5:30","2 February 2026 at 00:50:00 UTC+5:30","christophe barratier,barratier christophe","./explore?q=christophe%20barratier&geo=FR"
"singapour","1k+","7 February 2026 at 02:20:00 UTC+5:30","7 February 2026 at 03:30:00 UTC+5:30","singapour","./explore?q=singapour&geo=FR"
"matières premières critiques","2k+","3 February 2026 at 10:50:00 UTC+5:30","3 February 2026 at 16:30:00 UTC+5:30","matières premières critiques","./explore?q=mati%C3%A8res%20premi%C3%A8res%20critiques&geo=FR"
"la voisine danoise avis","1k+","6 February 2026 at 01:10:00 UTC+5:30","6 February 2026 at 05:10:00 UTC+5:30","la voisine danoise avis,la voisine danoise arte","./explore?q=la%20voisine%20danoise%20avis&geo=FR"
"gabriella papadakis","500+","6 February 2026 at 23:10:00 UTC+5:30","7 February 2026 at 05:30:00 UTC+5:30","gabriella papadakis","./explore?q=gabriella%20papadakis&geo=FR"
"patrick sébastien","5k+","3 February 2026 at 01:30:00 UTC+5:30","4 February 2026 at 02:50:00 UTC+5:30","patrick sébastien,delphine ernotte,patrick sebastien,ernotte","./explore?q=patrick%20s%C3%A9bastien&geo=FR"
"brut emmanuel macron","1k+","6 February 2026 at 20:10:00 UTC+5:30","6 February 2026 at 22:00:00 UTC+5:30","brut emmanuel macron","./explore?q=brut%20emmanuel%20macron&geo=FR"
"prague","1k+","7 February 2026 at 01:30:00 UTC+5:30","7 February 2026 at 02:40:00 UTC+5:30","prague","./explore?q=prague&geo=FR"
"caroline grandjean","500+","6 February 2026 at 17:20:00 UTC+5:30","7 February 2026 at 01:30:00 UTC+5:30","caroline grandjean","./explore?q=caroline%20grandjean&geo=FR"
"kazakhstan","500+","7 February 2026 at 02:00:00 UTC+5:30","7 February 2026 at 03:10:00 UTC+5:30","kazakhstan","./explore?q=kazakhstan&geo=FR"
"verifier liste electorale","5k+","2 February 2026 at 17:30:00 UTC+5:30","3 February 2026 at 18:00:00 UTC+5:30","verifier liste electorale,s'inscrire sur les listes électorales,liste electorale inscription,liste electorale 2026,inscription liste electorale,vérifier inscription liste électorale,inscription liste electorale 2026","./explore?q=verifier%20liste%20electorale&geo=FR"
"grand slam paris 2026","100+","7 February 2026 at 17:10:00 UTC+5:30","7 February 2026 at 18:10:00 UTC+5:30","grand slam paris 2026","./explore?q=grand%20slam%20paris%202026&geo=FR"
"al-hilal – al-ahli saudi","5k+","2 February 2026 at 22:40:00 UTC+5:30","3 February 2026 at 04:30:00 UTC+5:30","al-hilal – al-ahli saudi","./explore?q=al-hilal%20%E2%80%93%20al-ahli%20saudi&geo=FR"
"uini atonio","5k+","6 February 2026 at 01:40:00 UTC+5:30","6 February 2026 at 02:30:00 UTC+5:30","uini atonio,atonio,atonio uini,atonio rugby","./explore?q=uini%20atonio&geo=FR"
"latvia","500+","7 February 2026 at 02:00:00 UTC+5:30","7 February 2026 at 03:10:00 UTC+5:30","latvia","./explore?q=latvia&geo=FR"
"mannarino","500+","6 February 2026 at 20:30:00 UTC+5:30","6 February 2026 at 23:00:00 UTC+5:30","mannarino","./explore?q=mannarino&geo=FR"
"james harden","2k+","4 February 2026 at 07:00:00 UTC+5:30","5 February 2026 at 11:50:00 UTC+5:30","james harden,darius garland","./explore?q=james%20harden&geo=FR"
"margot robbie","5k+","5 February 2026 at 00:50:00 UTC+5:30","5 February 2026 at 02:20:00 UTC+5:30","margot robbie","./explore?q=margot%20robbie&geo=FR"
"kirghizistan","500+","7 February 2026 at 02:00:00 UTC+5:30","7 February 2026 at 03:10:00 UTC+5:30","kirghizistan","./explore?q=kirghizistan&geo=FR"
"union saint-gilloise – club brugge","5k+","1 February 2026 at 22:10:00 UTC+5:30","2 February 2026 at 03:50:00 UTC+5:30","union saint-gilloise – club brugge","./explore?q=union%20saint-gilloise%20%E2%80%93%20club%20brugge&geo=FR"
"tess ledeux","1k+","6 February 2026 at 04:50:00 UTC+5:30","6 February 2026 at 07:20:00 UTC+5:30","tess ledeux","./explore?q=tess%20ledeux&geo=FR"
"chypre","1k+","7 February 2026 at 01:30:00 UTC+5:30","7 February 2026 at 02:40:00 UTC+5:30","chypre","./explore?q=chypre&geo=FR"
"arbitre france irlande","2k+","6 February 2026 at 01:50:00 UTC+5:30","6 February 2026 at 04:20:00 UTC+5:30","arbitre france irlande,france irlande rugby arbitre,karl dickson,résultats rugby","./explore?q=arbitre%20france%20irlande&geo=FR"
"romain allemand","1k+","6 February 2026 at 01:40:00 UTC+5:30","6 February 2026 at 05:50:00 UTC+5:30","romain allemand","./explore?q=romain%20allemand&geo=FR"
"alain duhamel","1k+","7 February 2026 at 00:00:00 UTC+5:30","7 February 2026 at 01:00:00 UTC+5:30","alain duhamel,duhamel","./explore?q=alain%20duhamel&geo=FR"
"betis – valence","5k+","1 February 2026 at 19:50:00 UTC+5:30","2 February 2026 at 01:50:00 UTC+5:30","betis – valence","./explore?q=betis%20%E2%80%93%20valence&geo=FR"
"hawks – jazz","500+","6 February 2026 at 09:00:00 UTC+5:30","6 February 2026 at 13:50:00 UTC+5:30","hawks – jazz","./explore?q=hawks%20%E2%80%93%20jazz&geo=FR"
"australian open","10k+","1 February 2026 at 15:40:00 UTC+5:30","1 February 2026 at 18:10:00 UTC+5:30","australian open,australian open 2026,melbourne tennis,age alcaraz,ao,age djokovic,ao open,melbourne,alcaraz age,djokovic age","./explore?q=australian%20open&geo=FR"
"cooper flagg","500+","6 February 2026 at 09:40:00 UTC+5:30","6 February 2026 at 13:50:00 UTC+5:30","cooper flagg","./explore?q=cooper%20flagg&geo=FR"
"berlusconi","500+","7 February 2026 at 00:50:00 UTC+5:30","7 February 2026 at 04:10:00 UTC+5:30","berlusconi","./explore?q=berlusconi&geo=FR"
"valentino rossi","500+","7 February 2026 at 00:50:00 UTC+5:30","7 February 2026 at 02:10:00 UTC+5:30","valentino rossi","./explore?q=valentino%20rossi&geo=FR"
"mohamed al fayed","10k+","2 February 2026 at 00:30:00 UTC+5:30","2 February 2026 at 11:10:00 UTC+5:30","mohamed al fayed,mohamed al-fayed","./explore?q=mohamed%20al%20fayed&geo=FR"
"cecile de france","2k+","5 February 2026 at 01:50:00 UTC+5:30","5 February 2026 at 04:50:00 UTC+5:30","cecile de france,cécile de france,carine tardieu","./explore?q=cecile%20de%20france&geo=FR"
"ugo humbert","2k+","4 February 2026 at 23:30:00 UTC+5:30","5 February 2026 at 03:10:00 UTC+5:30","ugo humbert,montpellier,adrian mannarino,humbert","./explore?q=ugo%20humbert&geo=FR"
"real madrid vs rayo vallecano","5k+","1 February 2026 at 17:50:00 UTC+5:30","1 February 2026 at 23:10:00 UTC+5:30","real madrid vs rayo vallecano,real madrid - rayo vallecano,rayo vallecano de madrid,real madrid rayo vallecano","./explore?q=real%20madrid%20vs%20rayo%20vallecano&geo=FR"
"moldavie","500+","7 February 2026 at 02:10:00 UTC+5:30","7 February 2026 at 03:20:00 UTC+5:30","moldavie","./explore?q=moldavie&geo=FR"
"usbco","500+","7 February 2026 at 01:00:00 UTC+5:30","7 February 2026 at 03:20:00 UTC+5:30","usbco","./explore?q=usbco&geo=FR"
"raffaella carrà","500+","7 February 2026 at 00:40:00 UTC+5:30","7 February 2026 at 01:50:00 UTC+5:30","raffaella carrà","./explore?q=raffaella%20carr%C3%A0&geo=FR"
"suzanne lindon","2k+","4 February 2026 at 00:50:00 UTC+5:30","4 February 2026 at 05:40:00 UTC+5:30","suzanne lindon,cedric klapisch,klapisch","./explore?q=suzanne%20lindon&geo=FR"
"regis laspales","2k+","6 February 2026 at 00:40:00 UTC+5:30","6 February 2026 at 02:30:00 UTC+5:30","regis laspales,régis laspalès","./explore?q=regis%20laspales&geo=FR"
"tf1","5k+","6 February 2026 at 01:20:00 UTC+5:30","6 February 2026 at 02:50:00 UTC+5:30","tf1,l equipe","./explore?q=tf1&geo=FR"
"hymne olympique","500+","7 February 2026 at 03:40:00 UTC+5:30","7 February 2026 at 04:50:00 UTC+5:30","hymne olympique","./explore?q=hymne%20olympique&geo=FR"
"white lotus","500+","7 February 2026 at 02:50:00 UTC+5:30","7 February 2026 at 04:00:00 UTC+5:30","white lotus,the white lotus","./explore?q=white%20lotus&geo=FR"
"kadhafi","2k+","4 February 2026 at 02:00:00 UTC+5:30","5 February 2026 at 05:50:00 UTC+5:30","kadhafi,seif el islam,francetv,saif al islam kadhafi","./explore?q=kadhafi&geo=FR"
"keanu reeves","500+","7 February 2026 at 02:10:00 UTC+5:30","7 February 2026 at 04:40:00 UTC+5:30","keanu reeves","./explore?q=keanu%20reeves&geo=FR"
"bayern munich – monaco","1k+","6 February 2026 at 01:00:00 UTC+5:30","6 February 2026 at 04:00:00 UTC+5:30","bayern munich – monaco","./explore?q=bayern%20munich%20%E2%80%93%20monaco&geo=FR"
"cheque energie","5k+","3 February 2026 at 13:50:00 UTC+5:30","3 February 2026 at 19:40:00 UTC+5:30","cheque energie,ce qui change au 1er février 2026,taux livret a","./explore?q=cheque%20energie&geo=FR"
"noham kamara","2k+","2 February 2026 at 15:40:00 UTC+5:30","3 February 2026 at 12:40:00 UTC+5:30","noham kamara,psg foot","./explore?q=noham%20kamara&geo=FR"
"fabrice luchini","5k+","2 February 2026 at 00:20:00 UTC+5:30","2 February 2026 at 05:10:00 UTC+5:30","fabrice luchini,luchini fabrice","./explore?q=fabrice%20luchini&geo=FR"
"elections municipales paris sondages","2k+","3 February 2026 at 23:40:00 UTC+5:30","4 February 2026 at 05:00:00 UTC+5:30","elections municipales paris sondages,election municipale,gregoire","./explore?q=elections%20municipales%20paris%20sondages&geo=FR"
"taiwan","500+","7 February 2026 at 02:00:00 UTC+5:30","7 February 2026 at 03:40:00 UTC+5:30","taiwan","./explore?q=taiwan&geo=FR"
"ffr","1k+","6 February 2026 at 01:30:00 UTC+5:30","6 February 2026 at 05:00:00 UTC+5:30","ffr","./explore?q=ffr&geo=FR"
"tallon griekspoor","500+","7 February 2026 at 01:50:00 UTC+5:30","7 February 2026 at 03:50:00 UTC+5:30","tallon griekspoor,griekspoor","./explore?q=tallon%20griekspoor&geo=FR"
"rappel conso","500+","6 February 2026 at 10:40:00 UTC+5:30","6 February 2026 at 13:50:00 UTC+5:30","rappel conso","./explore?q=rappel%20conso&geo=FR"
"cile","500+","7 February 2026 at 01:30:00 UTC+5:30","7 February 2026 at 02:40:00 UTC+5:30","cile","./explore?q=cile&geo=FR"
"terry gilliam","5k+","3 February 2026 at 00:50:00 UTC+5:30","3 February 2026 at 06:10:00 UTC+5:30","terry gilliam,bruce willis","./explore?q=terry%20gilliam&geo=FR"
"bolivie","500+","7 February 2026 at 01:20:00 UTC+5:30","7 February 2026 at 02:30:00 UTC+5:30","bolivie","./explore?q=bolivie&geo=FR"
"martin damm","500+","6 February 2026 at 22:30:00 UTC+5:30","7 February 2026 at 00:30:00 UTC+5:30","martin damm,luca nardi","./explore?q=martin%20damm&geo=FR"
"eva joly","5k+","2 February 2026 at 01:30:00 UTC+5:30","2 February 2026 at 06:40:00 UTC+5:30","eva joly,affaire elf","./explore?q=eva%20joly&geo=FR"
"charlie heaton","2k+","1 February 2026 at 01:10:00 UTC+5:30","2 February 2026 at 13:20:00 UTC+5:30","charlie heaton","./explore?q=charlie%20heaton&geo=FR"
"s","200+","7 February 2026 at 07:40:00 UTC+5:30","7 February 2026 at 10:20:00 UTC+5:30","s","./explore?q=s&geo=FR"
"scarlett johansson","10k+","1 February 2026 at 18:00:00 UTC+5:30","2 February 2026 at 05:20:00 UTC+5:30","scarlett johansson,luc besson,programme télé de ce soir,programme télé ce soir","./explore?q=scarlett%20johansson&geo=FR"
"nicolas canteloup","2k+","6 February 2026 at 00:50:00 UTC+5:30","6 February 2026 at 02:30:00 UTC+5:30","nicolas canteloup,canteloup","./explore?q=nicolas%20canteloup&geo=FR"
"clippers – cavaliers","1k+","5 February 2026 at 10:30:00 UTC+5:30","5 February 2026 at 14:10:00 UTC+5:30","clippers – cavaliers","./explore?q=clippers%20%E2%80%93%20cavaliers&geo=FR"
"aviator film","5k+","2 February 2026 at 00:00:00 UTC+5:30","2 February 2026 at 05:20:00 UTC+5:30","aviator film,leonardo dicaprio,martin scorsese,di caprio,dicaprio","./explore?q=aviator%20film&geo=FR"
"ngolo kante","2k+","4 February 2026 at 03:40:00 UTC+5:30","5 February 2026 at 05:50:00 UTC+5:30","ngolo kante,kante","./explore?q=ngolo%20kante&geo=FR"
"josiane balasko","10k+","1 February 2026 at 02:30:00 UTC+5:30","1 February 2026 at 19:10:00 UTC+5:30","josiane balasko,balasko,balasko josiane","./explore?q=josiane%20balasko&geo=FR"
"зимние олимпийские игры – 2026","1k+","4 February 2026 at 18:30:00 UTC+5:30","6 February 2026 at 05:40:00 UTC+5:30","зимние олимпийские игры – 2026","./explore?q=%D0%B7%D0%B8%D0%BC%D0%BD%D0%B8%D0%B5%20%D0%BE%D0%BB%D0%B8%D0%BC%D0%BF%D0%B8%D0%B9%D1%81%D0%BA%D0%B8%D0%B5%20%D0%B8%D0%B3%D1%80%D1%8B%20%E2%80%93%202026&geo=FR"
"mila kunis","2k+","4 February 2026 at 01:20:00 UTC+5:30","4 February 2026 at 05:30:00 UTC+5:30","mila kunis","./explore?q=mila%20kunis&geo=FR"
"regis montagne","1k+","6 February 2026 at 02:50:00 UTC+5:30","6 February 2026 at 04:40:00 UTC+5:30","regis montagne","./explore?q=regis%20montagne&geo=FR"
"warriors – 76ers","2k+","4 February 2026 at 09:10:00 UTC+5:30","4 February 2026 at 14:50:00 UTC+5:30","warriors – 76ers","./explore?q=warriors%20%E2%80%93%2076ers&geo=FR"
"horizon jeux","1k+","6 February 2026 at 13:10:00 UTC+5:30","6 February 2026 at 18:00:00 UTC+5:30","horizon jeux,horizon hunters,jeu horizon ps5","./explore?q=horizon%20jeux&geo=FR"
"tomba alberto","200+","7 February 2026 at 03:50:00 UTC+5:30","7 February 2026 at 05:10:00 UTC+5:30","tomba alberto","./explore?q=tomba%20alberto&geo=FR"
"trinidad","500+","7 February 2026 at 02:30:00 UTC+5:30","7 February 2026 at 03:40:00 UTC+5:30","trinidad","./explore?q=trinidad&geo=FR"
"marilou berry","5k+","4 February 2026 at 03:00:00 UTC+5:30","4 February 2026 at 04:50:00 UTC+5:30","marilou berry","./explore?q=marilou%20berry&geo=FR"
"snoop dogg","2k+","1 February 2026 at 22:00:00 UTC+5:30","3 February 2026 at 05:30:00 UTC+5:30","snoop dogg","./explore?q=snoop%20dogg&geo=FR"
"eurosport","5k+","1 February 2026 at 13:20:00 UTC+5:30","1 February 2026 at 18:10:00 UTC+5:30","eurosport","./explore?q=eurosport&geo=FR"
"arnaud ducret","2k+","4 February 2026 at 02:30:00 UTC+5:30","4 February 2026 at 15:00:00 UTC+5:30","arnaud ducret","./explore?q=arnaud%20ducret&geo=FR"
"superbowl","2k+","2 February 2026 at 01:00:00 UTC+5:30","3 February 2026 at 07:00:00 UTC+5:30","superbowl","./explore?q=superbowl&geo=FR"
"coeurs noirs saison 3","2k+","3 February 2026 at 02:30:00 UTC+5:30","3 February 2026 at 12:40:00 UTC+5:30","coeurs noirs saison 3,cœurs noirs saison 3,coeurs noirs saison 2","./explore?q=coeurs%20noirs%20saison%203&geo=FR"
"achraf hakimi","2k+","2 February 2026 at 02:50:00 UTC+5:30","2 February 2026 at 13:10:00 UTC+5:30","achraf hakimi,orange velodrome","./explore?q=achraf%20hakimi&geo=FR"
"madagascar","500+","7 February 2026 at 02:10:00 UTC+5:30","7 February 2026 at 03:20:00 UTC+5:30","madagascar","./explore?q=madagascar&geo=FR"
"elon musk","2k+","3 February 2026 at 17:40:00 UTC+5:30","4 February 2026 at 04:50:00 UTC+5:30","elon musk","./explore?q=elon%20musk&geo=FR"
"diego garcia","500+","6 February 2026 at 01:20:00 UTC+5:30","6 February 2026 at 05:50:00 UTC+5:30","diego garcia","./explore?q=diego%20garcia&geo=FR"
"andorre","1k+","7 February 2026 at 01:10:00 UTC+5:30","7 February 2026 at 02:20:00 UTC+5:30","andorre,eboulement ax les thermes","./explore?q=andorre&geo=FR"
"marie estelle dupont","1k+","5 February 2026 at 01:40:00 UTC+5:30","5 February 2026 at 22:00:00 UTC+5:30","marie estelle dupont","./explore?q=marie%20estelle%20dupont&geo=FR"
"one direction","500+","7 February 2026 at 00:40:00 UTC+5:30","7 February 2026 at 01:50:00 UTC+5:30","one direction","./explore?q=one%20direction&geo=FR"
"compte cpf","200+","7 February 2026 at 06:00:00 UTC+5:30","7 February 2026 at 07:30:00 UTC+5:30","compte cpf","./explore?q=compte%20cpf&geo=FR"
"jumping de bordeaux","500+","7 February 2026 at 00:10:00 UTC+5:30","7 February 2026 at 02:10:00 UTC+5:30","jumping de bordeaux","./explore?q=jumping%20de%20bordeaux&geo=FR"
"timothé sivignon","100+","7 February 2026 at 19:50:00 UTC+5:30","7 February 2026 at 20:10:00 UTC+5:30","timothé sivignon","./explore?q=timoth%C3%A9%20sivignon&geo=FR"
"ncis origins","1k+","5 February 2026 at 01:00:00 UTC+5:30","5 February 2026 at 04:40:00 UTC+5:30","ncis origins","./explore?q=ncis%20origins&geo=FR"
"marc simoncini","2k+","5 February 2026 at 02:00:00 UTC+5:30","5 February 2026 at 04:50:00 UTC+5:30","marc simoncini","./explore?q=marc%20simoncini&geo=FR"
"ashes of creation","2k+","1 February 2026 at 11:50:00 UTC+5:30","2 February 2026 at 06:00:00 UTC+5:30","ashes of creation","./explore?q=ashes%20of%20creation&geo=FR"
"opus 4.6","500+","6 February 2026 at 00:00:00 UTC+5:30","6 February 2026 at 05:20:00 UTC+5:30","opus 4.6","./explore?q=opus%204.6&geo=FR"
"le grand concours","500+","7 February 2026 at 02:00:00 UTC+5:30","7 February 2026 at 03:30:00 UTC+5:30","le grand concours","./explore?q=le%20grand%20concours&geo=FR"
"classement descente homme","100+","7 February 2026 at 17:40:00 UTC+5:30","7 February 2026 at 18:10:00 UTC+5:30","classement descente homme","./explore?q=classement%20descente%20homme&geo=FR"
"compagnoni","200+","7 February 2026 at 04:00:00 UTC+5:30","7 February 2026 at 05:10:00 UTC+5:30","compagnoni","./explore?q=compagnoni&geo=FR"
"elodie fontan","10k+","1 February 2026 at 22:50:00 UTC+5:30","2 February 2026 at 01:30:00 UTC+5:30","elodie fontan,élodie fontan,philippe lacheau couple","./explore?q=elodie%20fontan&geo=FR"
"hollow knight switch 2","500+","6 February 2026 at 09:50:00 UTC+5:30","6 February 2026 at 13:20:00 UTC+5:30","hollow knight switch 2","./explore?q=hollow%20knight%20switch%202&geo=FR"
"amazon fire tv","2k+","3 February 2026 at 15:40:00 UTC+5:30","3 February 2026 at 21:10:00 UTC+5:30","amazon fire tv","./explore?q=amazon%20fire%20tv&geo=FR"
"elche vs barcelona","5k+","1 February 2026 at 00:40:00 UTC+5:30","1 February 2026 at 06:40:00 UTC+5:30","elche vs barcelona,elche c. f. - barcelona,elche,barcelona,barca elche,elche - barcelona,fc barcelona,barça","./explore?q=elche%20vs%20barcelona&geo=FR"
"fc porto","2k+","3 February 2026 at 02:30:00 UTC+5:30","3 February 2026 at 12:30:00 UTC+5:30","fc porto,porto","./explore?q=fc%20porto&geo=FR"
"macédoine du nord","500+","7 February 2026 at 02:10:00 UTC+5:30","7 February 2026 at 03:20:00 UTC+5:30","macédoine du nord","./explore?q=mac%C3%A9doine%20du%20nord&geo=FR"
"republique tcheque","500+","7 February 2026 at 01:30:00 UTC+5:30","7 February 2026 at 02:40:00 UTC+5:30","republique tcheque","./explore?q=republique%20tcheque&geo=FR"
"dépistage cancer poumon","2k+","4 February 2026 at 16:40:00 UTC+5:30","4 February 2026 at 23:30:00 UTC+5:30","dépistage cancer poumon,depistage cancer du poumon","./explore?q=d%C3%A9pistage%20cancer%20poumon&geo=FR"
"lisa azuelos","5k+","3 February 2026 at 01:10:00 UTC+5:30","3 February 2026 at 03:40:00 UTC+5:30","lisa azuelos","./explore?q=lisa%20azuelos&geo=FR"
"flamengo – internacional","1k+","5 February 2026 at 03:20:00 UTC+5:30","5 February 2026 at 12:40:00 UTC+5:30","flamengo – internacional,flamengo","./explore?q=flamengo%20%E2%80%93%20internacional&geo=FR"
"haiti","500+","7 February 2026 at 01:50:00 UTC+5:30","7 February 2026 at 03:00:00 UTC+5:30","haiti","./explore?q=haiti&geo=FR"
"dragon quest vii reimagined","1k+","3 February 2026 at 02:20:00 UTC+5:30","3 February 2026 at 15:20:00 UTC+5:30","dragon quest vii reimagined","./explore?q=dragon%20quest%20vii%20reimagined&geo=FR"
"caroline de monaco","10k+","2 February 2026 at 01:10:00 UTC+5:30","2 February 2026 at 02:50:00 UTC+5:30","caroline de monaco,nicolas mathieu,gad elmaleh,dimitri rassam,la felure livre charlotte casiraghi avis,la felure livre charlotte casiraghi,charlotte casiraghi et ses fils,casiraghi,charlotte casiraghi enfants,la felure,charlotte casiraghi nicolas mathieu,charlotte casiraghi gad elmaleh,charlotte casiraghi livre,casiraghi charlotte,casiraghi charlotte la felure,alexandra de hanovre","./explore?q=caroline%20de%20monaco&geo=FR"
"manchester united","5k+","1 February 2026 at 20:10:00 UTC+5:30","2 February 2026 at 00:00:00 UTC+5:30","manchester united","./explore?q=manchester%20united&geo=FR"
"philippines","500+","7 February 2026 at 01:40:00 UTC+5:30","7 February 2026 at 02:50:00 UTC+5:30","philippines","./explore?q=philippines&geo=FR"
"fcsb - botoşani","1k+","5 February 2026 at 23:50:00 UTC+5:30","6 February 2026 at 02:10:00 UTC+5:30","fcsb - botoşani,fcsb – botoşani","./explore?q=fcsb%20-%20boto%C5%9Fani&geo=FR"
"bosnie","500+","7 February 2026 at 01:20:00 UTC+5:30","7 February 2026 at 02:30:00 UTC+5:30","bosnie,bosnie herzégovine","./explore?q=bosnie&geo=FR"
"gianmarco garofoli","1k+","6 February 2026 at 01:00:00 UTC+5:30","6 February 2026 at 03:10:00 UTC+5:30","gianmarco garofoli","./explore?q=gianmarco%20garofoli&geo=FR"
"sporting portugal","500+","6 February 2026 at 03:20:00 UTC+5:30","6 February 2026 at 06:40:00 UTC+5:30","sporting portugal","./explore?q=sporting%20portugal&geo=FR"
"nottm forest – crystal palace","2k+","1 February 2026 at 18:40:00 UTC+5:30","2 February 2026 at 02:50:00 UTC+5:30","nottm forest – crystal palace","./explore?q=nottm%20forest%20%E2%80%93%20crystal%20palace&geo=FR"
"prime d'activité","1k+","6 February 2026 at 00:40:00 UTC+5:30","6 February 2026 at 02:20:00 UTC+5:30","prime d'activité","./explore?q=prime%20d%27activit%C3%A9&geo=FR"
"equateur","500+","7 February 2026 at 01:40:00 UTC+5:30","7 February 2026 at 02:50:00 UTC+5:30","equateur","./explore?q=equateur&geo=FR"
"diego lopes","2k+","1 February 2026 at 02:20:00 UTC+5:30","1 February 2026 at 18:10:00 UTC+5:30","diego lopes","./explore?q=diego%20lopes&geo=FR"
"jeux ps plus fevrier","2k+","4 February 2026 at 00:00:00 UTC+5:30","4 February 2026 at 05:20:00 UTC+5:30","jeux ps plus fevrier,abonnement playstation plus,jeux ps plus,jeux gratuits ps plus fevrier 2026","./explore?q=jeux%20ps%20plus%20fevrier&geo=FR"
"tout beau tout neuf","500+","7 February 2026 at 00:10:00 UTC+5:30","7 February 2026 at 01:40:00 UTC+5:30","tout beau tout neuf,tout beau tout neuf aujourd'hui","./explore?q=tout%20beau%20tout%20neuf&geo=FR"
"alysa liu","500+","6 February 2026 at 19:20:00 UTC+5:30","6 February 2026 at 23:10:00 UTC+5:30","alysa liu","./explore?q=alysa%20liu&geo=FR"
"cauchemar en cuisine chambery","1k+","6 February 2026 at 02:30:00 UTC+5:30","6 February 2026 at 04:40:00 UTC+5:30","cauchemar en cuisine chambery,cauchemar en cuisine,restaurant chambéry cauchemar en cuisine,christine cauchemar en cuisine,philippe etchebest","./explore?q=cauchemar%20en%20cuisine%20chambery&geo=FR"
"anderlecht","500+","6 February 2026 at 01:10:00 UTC+5:30","6 February 2026 at 04:10:00 UTC+5:30","anderlecht","./explore?q=anderlecht&geo=FR"
"racing","500+","6 February 2026 at 02:10:00 UTC+5:30","6 February 2026 at 04:50:00 UTC+5:30","racing","./explore?q=racing&geo=FR"
"asse boulogne","10k+","1 February 2026 at 00:20:00 UTC+5:30","1 February 2026 at 14:00:00 UTC+5:30","asse boulogne,saint etienne foot,philippe montanier,match asse,asse,saint etienne,usbco,asse match,classement asse – usbco","./explore?q=asse%20boulogne&geo=FR"
"opera garnier","200+","7 February 2026 at 04:10:00 UTC+5:30","7 February 2026 at 05:40:00 UTC+5:30","opera garnier","./explore?q=opera%20garnier&geo=FR"
"kocaelispor – besiktas","1k+","5 February 2026 at 20:00:00 UTC+5:30","5 February 2026 at 23:20:00 UTC+5:30","kocaelispor – besiktas,kocaelispor - beşiktaş","./explore?q=kocaelispor%20%E2%80%93%20besiktas&geo=FR"
"cipro","500+","7 February 2026 at 01:30:00 UTC+5:30","7 February 2026 at 02:40:00 UTC+5:30","cipro","./explore?q=cipro&geo=FR"
"jacob elordi","2k+","5 February 2026 at 00:50:00 UTC+5:30","5 February 2026 at 02:10:00 UTC+5:30","jacob elordi,elordi,elordi jacob","./explore?q=jacob%20elordi&geo=FR"
"rockets – celtics","500+","5 February 2026 at 08:30:00 UTC+5:30","5 February 2026 at 13:50:00 UTC+5:30","rockets – celtics","./explore?q=rockets%20%E2%80%93%20celtics&geo=FR"
"closer","500+","7 February 2026 at 02:10:00 UTC+5:30","7 February 2026 at 05:10:00 UTC+5:30","closer","./explore?q=closer&geo=FR"
"agathe lecaron","2k+","5 February 2026 at 01:10:00 UTC+5:30","5 February 2026 at 02:30:00 UTC+5:30","agathe lecaron","./explore?q=agathe%20lecaron&geo=FR"
"finlande","500+","7 February 2026 at 01:40:00 UTC+5:30","7 February 2026 at 02:50:00 UTC+5:30","finlande","./explore?q=finlande&geo=FR"
"celta vigo","200+","7 February 2026 at 02:50:00 UTC+5:30","7 February 2026 at 04:10:00 UTC+5:30","celta vigo","./explore?q=celta%20vigo&geo=FR"
"ma prime renov 2026","1k+","6 February 2026 at 11:10:00 UTC+5:30","6 February 2026 at 18:50:00 UTC+5:30","ma prime renov 2026,vincent jeanbrun","./explore?q=ma%20prime%20renov%202026&geo=FR"
"stanislas wawrinka","2k+","5 February 2026 at 23:40:00 UTC+5:30","6 February 2026 at 01:10:00 UTC+5:30","stanislas wawrinka","./explore?q=stanislas%20wawrinka&geo=FR"
"ethan mbappé","1k+","5 February 2026 at 01:10:00 UTC+5:30","5 February 2026 at 05:50:00 UTC+5:30","ethan mbappé","./explore?q=ethan%20mbapp%C3%A9&geo=FR"
"youth league","1k+","3 February 2026 at 20:40:00 UTC+5:30","4 February 2026 at 04:00:00 UTC+5:30","youth league","./explore?q=youth%20league&geo=FR"
"gérard jugnot","2k+","5 February 2026 at 00:40:00 UTC+5:30","5 February 2026 at 02:30:00 UTC+5:30","gérard jugnot,jugnot,gerard jugnot","./explore?q=g%C3%A9rard%20jugnot&geo=FR"
"julie rechagneux","500+","6 February 2026 at 18:20:00 UTC+5:30","6 February 2026 at 20:20:00 UTC+5:30","julie rechagneux","./explore?q=julie%20rechagneux&geo=FR"
"tania de montaigne","500+","6 February 2026 at 14:00:00 UTC+5:30","6 February 2026 at 15:30:00 UTC+5:30","tania de montaigne","./explore?q=tania%20de%20montaigne&geo=FR"
"lituanie","200+","7 February 2026 at 02:00:00 UTC+5:30","7 February 2026 at 03:10:00 UTC+5:30","lituanie","./explore?q=lituanie&geo=FR"
"qui veut gagner des millions","2k+","4 February 2026 at 01:50:00 UTC+5:30","4 February 2026 at 14:40:00 UTC+5:30","qui veut gagner des millions,france 3","./explore?q=qui%20veut%20gagner%20des%20millions&geo=FR"
"armenie","500+","7 February 2026 at 01:10:00 UTC+5:30","7 February 2026 at 02:30:00 UTC+5:30","armenie","./explore?q=armenie&geo=FR"
"akhomach","2k+","1 February 2026 at 21:10:00 UTC+5:30","2 February 2026 at 06:40:00 UTC+5:30","akhomach,rmc sport direct","./explore?q=akhomach&geo=FR"
"afghanistan vs west indies","2k+","4 February 2026 at 15:10:00 UTC+5:30","4 February 2026 at 19:50:00 UTC+5:30","afghanistan vs west indies,afg vs wi,afghanistan national cricket team vs west indies cricket team match scorecard","./explore?q=afghanistan%20vs%20west%20indies&geo=FR"
"fast and furious","2k+","2 February 2026 at 02:20:00 UTC+5:30","2 February 2026 at 08:20:00 UTC+5:30","fast and furious,fast and furious 11","./explore?q=fast%20and%20furious&geo=FR"
"chamonix","200+","7 February 2026 at 02:50:00 UTC+5:30","7 February 2026 at 04:00:00 UTC+5:30","chamonix","./explore?q=chamonix&geo=FR"
"islande","500+","7 February 2026 at 02:00:00 UTC+5:30","7 February 2026 at 03:10:00 UTC+5:30","islande","./explore?q=islande&geo=FR"
"santos – são paulo","1k+","5 February 2026 at 05:00:00 UTC+5:30","5 February 2026 at 13:10:00 UTC+5:30","santos – são paulo,são paulo – santos","./explore?q=santos%20%E2%80%93%20s%C3%A3o%20paulo&geo=FR"
"bill clinton","2k+","2 February 2026 at 22:50:00 UTC+5:30","3 February 2026 at 13:20:00 UTC+5:30","bill clinton,clinton","./explore?q=bill%20clinton&geo=FR"
"holstein kiel – stuttgart","1k+","5 February 2026 at 00:40:00 UTC+5:30","5 February 2026 at 11:10:00 UTC+5:30","holstein kiel – stuttgart","./explore?q=holstein%20kiel%20%E2%80%93%20stuttgart&geo=FR"
"truffade","500+","7 February 2026 at 01:00:00 UTC+5:30","7 February 2026 at 02:10:00 UTC+5:30","truffade","./explore?q=truffade&geo=FR"
"orange tv","2k+","6 February 2026 at 01:20:00 UTC+5:30","6 February 2026 at 03:00:00 UTC+5:30","orange tv,tv orange","./explore?q=orange%20tv&geo=FR"
"golshifteh farahani","2k+","2 February 2026 at 12:20:00 UTC+5:30","3 February 2026 at 02:50:00 UTC+5:30","golshifteh farahani,farahani,farahani golshifteh","./explore?q=golshifteh%20farahani&geo=FR"
"emmanuel macron ecole","500+","6 February 2026 at 22:10:00 UTC+5:30","6 February 2026 at 23:30:00 UTC+5:30","emmanuel macron ecole","./explore?q=emmanuel%20macron%20ecole&geo=FR"
"kilimandjaro","200+","7 February 2026 at 02:00:00 UTC+5:30","7 February 2026 at 03:10:00 UTC+5:30","kilimandjaro","./explore?q=kilimandjaro&geo=FR"
"classement national","2k+","7 February 2026 at 02:00:00 UTC+5:30","7 February 2026 at 03:10:00 UTC+5:30","classement national,classement des villes ou il fait bon vivre,alsace,villes et villages où il fait bon vivre,classement ville ou il fait bon vivre,biarritz,top 500 des villes où il fait bon vivre,classement des villes ou il fait bon vivre 2026","./explore?q=classement%20national&geo=FR"
"croatie","500+","7 February 2026 at 01:40:00 UTC+5:30","7 February 2026 at 02:50:00 UTC+5:30","croatie","./explore?q=croatie&geo=FR"
"liban","200+","7 February 2026 at 02:00:00 UTC+5:30","7 February 2026 at 03:10:00 UTC+5:30","liban","./explore?q=liban&geo=FR"
"albanie","500+","7 February 2026 at 01:10:00 UTC+5:30","7 February 2026 at 02:20:00 UTC+5:30","albanie","./explore?q=albanie&geo=FR"
"peter mandelson","1k+","6 February 2026 at 23:50:00 UTC+5:30","7 February 2026 at 11:50:00 UTC+5:30","peter mandelson","./explore?q=peter%20mandelson&geo=FR"
"kelly massol","1k+","5 February 2026 at 02:20:00 UTC+5:30","5 February 2026 at 05:00:00 UTC+5:30","kelly massol","./explore?q=kelly%20massol&geo=FR"
"jamaique","200+","7 February 2026 at 01:50:00 UTC+5:30","7 February 2026 at 03:00:00 UTC+5:30","jamaique","./explore?q=jamaique&geo=FR"
"franck dubosc","2k+","4 February 2026 at 01:50:00 UTC+5:30","4 February 2026 at 04:10:00 UTC+5:30","franck dubosc,dubosc","./explore?q=franck%20dubosc&geo=FR"
"ethereum","500+","6 February 2026 at 02:30:00 UTC+5:30","6 February 2026 at 13:10:00 UTC+5:30","ethereum","./explore?q=ethereum&geo=FR"
"guinea bissau","200+","7 February 2026 at 01:50:00 UTC+5:30","7 February 2026 at 03:00:00 UTC+5:30","guinea bissau","./explore?q=guinea%20bissau&geo=FR"
"delphine wespiser","2k+","6 February 2026 at 00:10:00 UTC+5:30","6 February 2026 at 01:20:00 UTC+5:30","delphine wespiser,diego et nelly ile de la tentation","./explore?q=delphine%20wespiser&geo=FR"
"ferran torres","500+","6 February 2026 at 05:00:00 UTC+5:30","6 February 2026 at 13:20:00 UTC+5:30","ferran torres","./explore?q=ferran%20torres&geo=FR"
"slovenie","200+","7 February 2026 at 02:20:00 UTC+5:30","7 February 2026 at 03:30:00 UTC+5:30","slovenie","./explore?q=slovenie&geo=FR"
"morgan freeman","2k+","1 February 2026 at 18:00:00 UTC+5:30","2 February 2026 at 04:30:00 UTC+5:30","morgan freeman","./explore?q=morgan%20freeman&geo=FR"
"celtics – bucks","2k+","2 February 2026 at 01:30:00 UTC+5:30","2 February 2026 at 13:00:00 UTC+5:30","celtics – bucks","./explore?q=celtics%20%E2%80%93%20bucks&geo=FR"
"grizzlies – timberwolves","2k+","3 February 2026 at 07:40:00 UTC+5:30","3 February 2026 at 13:50:00 UTC+5:30","grizzlies – timberwolves","./explore?q=grizzlies%20%E2%80%93%20timberwolves&geo=FR"
"alessandra sublet","10k+","2 February 2026 at 01:20:00 UTC+5:30","2 February 2026 at 02:30:00 UTC+5:30","alessandra sublet,alexandra sublet,qui est christophe andré,sublet alessandra","./explore?q=alessandra%20sublet&geo=FR"
"vol air france bangkok paris","2k+","2 February 2026 at 15:20:00 UTC+5:30","2 February 2026 at 19:30:00 UTC+5:30","vol air france bangkok paris","./explore?q=vol%20air%20france%20bangkok%20paris&geo=FR"
"jamel debbouze","2k+","4 February 2026 at 18:00:00 UTC+5:30","4 February 2026 at 19:10:00 UTC+5:30","jamel debbouze,debbouze","./explore?q=jamel%20debbouze&geo=FR"
"free tv","2k+","4 February 2026 at 17:50:00 UTC+5:30","5 February 2026 at 00:50:00 UTC+5:30","free tv","./explore?q=free%20tv&geo=FR"
"alexandre jardin","2k+","4 February 2026 at 00:40:00 UTC+5:30","4 February 2026 at 02:40:00 UTC+5:30","alexandre jardin","./explore?q=alexandre%20jardin&geo=FR"
"chelsea","2k+","4 February 2026 at 02:10:00 UTC+5:30","4 February 2026 at 04:40:00 UTC+5:30","chelsea","./explore?q=chelsea&geo=FR"
"championnat du monde cyclo cross 2026","2k+","1 February 2026 at 16:40:00 UTC+5:30","1 February 2026 at 23:40:00 UTC+5:30","championnat du monde cyclo cross 2026,cyclo cross championnat du monde","./explore?q=championnat%20du%20monde%20cyclo%20cross%202026&geo=FR"
"permis de conduire","200+","7 February 2026 at 05:00:00 UTC+5:30","7 February 2026 at 14:30:00 UTC+5:30","permis de conduire","./explore?q=permis%20de%20conduire&geo=FR"
"m","200+","7 February 2026 at 10:00:00 UTC+5:30","7 February 2026 at 11:30:00 UTC+5:30","m","./explore?q=m&geo=FR"
"cyclone fytia la reunion","2k+","2 February 2026 at 11:10:00 UTC+5:30","2 February 2026 at 16:20:00 UTC+5:30","cyclone fytia la reunion,tempête tropicale fytia","./explore?q=cyclone%20fytia%20la%20reunion&geo=FR"
"tarek boudali","2k+","1 February 2026 at 22:50:00 UTC+5:30","2 February 2026 at 03:50:00 UTC+5:30","tarek boudali","./explore?q=tarek%20boudali&geo=FR"
"raptors – timberwolves","500+","5 February 2026 at 08:40:00 UTC+5:30","5 February 2026 at 13:40:00 UTC+5:30","raptors – timberwolves","./explore?q=raptors%20%E2%80%93%20timberwolves&geo=FR"
"grande bretagne","200+","7 February 2026 at 01:50:00 UTC+5:30","7 February 2026 at 03:00:00 UTC+5:30","grande bretagne","./explore?q=grande%20bretagne&geo=FR"
"emilie gomis","200+","6 February 2026 at 18:10:00 UTC+5:30","7 February 2026 at 00:00:00 UTC+5:30","emilie gomis","./explore?q=emilie%20gomis&geo=FR"
"autriche","200+","7 February 2026 at 01:20:00 UTC+5:30","7 February 2026 at 02:30:00 UTC+5:30","autriche","./explore?q=autriche&geo=FR"
"notepad++","1k+","3 February 2026 at 13:00:00 UTC+5:30","3 February 2026 at 20:50:00 UTC+5:30","notepad++","./explore?q=notepad%2B%2B&geo=FR"
"thomas porcher","1k+","5 February 2026 at 23:40:00 UTC+5:30","6 February 2026 at 01:00:00 UTC+5:30","thomas porcher,dominique seux","./explore?q=thomas%20porcher&geo=FR"
"horoscope catherine viguié","2k+","1 February 2026 at 18:10:00 UTC+5:30","1 February 2026 at 23:10:00 UTC+5:30","horoscope catherine viguié,horoscope février,fevrier","./explore?q=horoscope%20catherine%20vigui%C3%A9&geo=FR"
"lyon","2k+","5 February 2026 at 02:40:00 UTC+5:30","5 February 2026 at 04:20:00 UTC+5:30","lyon","./explore?q=lyon&geo=FR"
"getafe – celta vigo","2k+","1 February 2026 at 22:10:00 UTC+5:30","2 February 2026 at 03:40:00 UTC+5:30","getafe – celta vigo","./explore?q=getafe%20%E2%80%93%20celta%20vigo&geo=FR"
"julio enciso","1k+","6 February 2026 at 02:50:00 UTC+5:30","6 February 2026 at 05:10:00 UTC+5:30","julio enciso,enciso","./explore?q=julio%20enciso&geo=FR"
"anderlecht – antwerp","500+","6 February 2026 at 00:30:00 UTC+5:30","6 February 2026 at 03:40:00 UTC+5:30","anderlecht – antwerp","./explore?q=anderlecht%20%E2%80%93%20antwerp&geo=FR"
"chatgpt down","2k+","4 February 2026 at 02:00:00 UTC+5:30","4 February 2026 at 04:20:00 UTC+5:30","chatgpt down,chatgpt status,downdetector,chat gpt down,is chatgpt down","./explore?q=chatgpt%20down&geo=FR"
"benabar","5k+","1 February 2026 at 18:40:00 UTC+5:30","1 February 2026 at 21:00:00 UTC+5:30","benabar","./explore?q=benabar&geo=FR"
"bulgarie","200+","7 February 2026 at 01:20:00 UTC+5:30","7 February 2026 at 02:30:00 UTC+5:30","bulgarie","./explore?q=bulgarie&geo=FR"
"beyonce","200+","7 February 2026 at 00:40:00 UTC+5:30","7 February 2026 at 01:50:00 UTC+5:30","beyonce","./explore?q=beyonce&geo=FR"
"pascal obispo","2k+","6 February 2026 at 14:10:00 UTC+5:30","6 February 2026 at 15:00:00 UTC+5:30","pascal obispo","./explore?q=pascal%20obispo&geo=FR"
"bucks – pelicans","500+","5 February 2026 at 09:20:00 UTC+5:30","5 February 2026 at 14:00:00 UTC+5:30","bucks – pelicans","./explore?q=bucks%20%E2%80%93%20pelicans&geo=FR"
"noam chomsky","1k+","4 February 2026 at 13:00:00 UTC+5:30","4 February 2026 at 17:30:00 UTC+5:30","noam chomsky","./explore?q=noam%20chomsky&geo=FR"
"mathieu van der poel","2k+","1 February 2026 at 19:40:00 UTC+5:30","2 February 2026 at 13:00:00 UTC+5:30","mathieu van der poel","./explore?q=mathieu%20van%20der%20poel&geo=FR"
"afrique du sud","500+","7 February 2026 at 02:20:00 UTC+5:30","7 February 2026 at 03:30:00 UTC+5:30","afrique du sud,afrique","./explore?q=afrique%20du%20sud&geo=FR"
"hornets – pelicans","1k+","3 February 2026 at 01:30:00 UTC+5:30","3 February 2026 at 12:40:00 UTC+5:30","hornets – pelicans","./explore?q=hornets%20%E2%80%93%20pelicans&geo=FR"
"delphine claudel","100+","7 February 2026 at 18:30:00 UTC+5:30","7 February 2026 at 18:50:00 UTC+5:30","delphine claudel","./explore?q=delphine%20claudel&geo=FR"
"abattement fiscal retraités","2k+","4 February 2026 at 11:50:00 UTC+5:30","4 February 2026 at 14:30:00 UTC+5:30","abattement fiscal retraités","./explore?q=abattement%20fiscal%20retrait%C3%A9s&geo=FR"
"villeurbanne","500+","7 February 2026 at 00:30:00 UTC+5:30","7 February 2026 at 01:40:00 UTC+5:30","villeurbanne","./explore?q=villeurbanne&geo=FR"
"berenice bejo","500+","6 February 2026 at 02:00:00 UTC+5:30","6 February 2026 at 04:20:00 UTC+5:30","berenice bejo","./explore?q=berenice%20bejo&geo=FR"
"eric vuillard","1k+","5 February 2026 at 01:40:00 UTC+5:30","5 February 2026 at 03:40:00 UTC+5:30","eric vuillard","./explore?q=eric%20vuillard&geo=FR"
"emma","2k+","4 February 2026 at 01:50:00 UTC+5:30","4 February 2026 at 04:50:00 UTC+5:30","emma,emma raducanu","./explore?q=emma&geo=FR"
"sony playstation","2k+","1 February 2026 at 18:00:00 UTC+5:30","1 February 2026 at 23:30:00 UTC+5:30","sony playstation","./explore?q=sony%20playstation&geo=FR"
"binance","500+","6 February 2026 at 02:40:00 UTC+5:30","6 February 2026 at 07:20:00 UTC+5:30","binance","./explore?q=binance&geo=FR"
"imane khelif","500+","5 February 2026 at 12:40:00 UTC+5:30","5 February 2026 at 18:40:00 UTC+5:30","imane khelif","./explore?q=imane%20khelif&geo=FR"
"ferghane azihari","2k+","5 February 2026 at 00:10:00 UTC+5:30","5 February 2026 at 01:40:00 UTC+5:30","ferghane azihari","./explore?q=ferghane%20azihari&geo=FR"
"porto rico","2k+","1 February 2026 at 12:50:00 UTC+5:30","1 February 2026 at 16:20:00 UTC+5:30","porto rico","./explore?q=porto%20rico&geo=FR"
"avs – braga","2k+","2 February 2026 at 23:40:00 UTC+5:30","3 February 2026 at 05:00:00 UTC+5:30","avs – braga","./explore?q=avs%20%E2%80%93%20braga&geo=FR"
"pistons – nuggets","1k+","4 February 2026 at 08:20:00 UTC+5:30","4 February 2026 at 15:30:00 UTC+5:30","pistons – nuggets","./explore?q=pistons%20%E2%80%93%20nuggets&geo=FR"
"classement atp","2k+","1 February 2026 at 14:50:00 UTC+5:30","1 February 2026 at 20:30:00 UTC+5:30","classement atp,eurosport tennis","./explore?q=classement%20atp&geo=FR"
"clippers – 76ers","1k+","3 February 2026 at 10:10:00 UTC+5:30","3 February 2026 at 15:20:00 UTC+5:30","clippers – 76ers","./explore?q=clippers%20%E2%80%93%2076ers&geo=FR"
"claude","5k+","4 February 2026 at 02:00:00 UTC+5:30","4 February 2026 at 04:00:00 UTC+5:30","claude,claude ai,ai","./explore?q=claude&geo=FR"
"vincent crouzet","1k+","6 February 2026 at 00:50:00 UTC+5:30","6 February 2026 at 02:10:00 UTC+5:30","vincent crouzet,dgse","./explore?q=vincent%20crouzet&geo=FR"
"louis tomlinson","200+","7 February 2026 at 00:40:00 UTC+5:30","7 February 2026 at 01:50:00 UTC+5:30","louis tomlinson","./explore?q=louis%20tomlinson&geo=FR"
"olivier galzi","2k+","1 February 2026 at 00:00:00 UTC+5:30","1 February 2026 at 11:00:00 UTC+5:30","olivier galzi","./explore?q=olivier%20galzi&geo=FR"
"bruno guillon","500+","6 February 2026 at 16:20:00 UTC+5:30","6 February 2026 at 17:30:00 UTC+5:30","bruno guillon","./explore?q=bruno%20guillon&geo=FR"
"man united","2k+","1 February 2026 at 20:00:00 UTC+5:30","2 February 2026 at 01:10:00 UTC+5:30","man united,man utd,manchester united football club","./explore?q=man%20united&geo=FR"
"islande","500+","6 February 2026 at 02:10:00 UTC+5:30","6 February 2026 at 04:30:00 UTC+5:30","islande","./explore?q=islande&geo=FR"
"aymeric lompret","1k+","5 February 2026 at 01:10:00 UTC+5:30","5 February 2026 at 06:00:00 UTC+5:30","aymeric lompret,radio nova","./explore?q=aymeric%20lompret&geo=FR"
"chandler","1k+","2 February 2026 at 16:40:00 UTC+5:30","3 February 2026 at 03:00:00 UTC+5:30","chandler","./explore?q=chandler&geo=FR"
"rmc sport","2k+","1 February 2026 at 04:40:00 UTC+5:30","1 February 2026 at 10:40:00 UTC+5:30","rmc sport,rmc","./explore?q=rmc%20sport&geo=FR"
"russie jo 2026","200+","7 February 2026 at 02:20:00 UTC+5:30","7 February 2026 at 03:40:00 UTC+5:30","russie jo 2026","./explore?q=russie%20jo%202026&geo=FR"
"rafael fiziev","2k+","1 February 2026 at 04:00:00 UTC+5:30","1 February 2026 at 11:30:00 UTC+5:30","rafael fiziev,maurício ruffy,fiziev,mauricio ruffy","./explore?q=rafael%20fiziev&geo=FR"
"charles dantzig","1k+","5 February 2026 at 02:00:00 UTC+5:30","5 February 2026 at 03:50:00 UTC+5:30","charles dantzig","./explore?q=charles%20dantzig&geo=FR"
"porto fc","2k+","3 February 2026 at 02:40:00 UTC+5:30","3 February 2026 at 12:50:00 UTC+5:30","porto fc,liga nos,casa pia,porto foot","./explore?q=porto%20fc&geo=FR"
"charlize theron jo","200+","7 February 2026 at 03:50:00 UTC+5:30","7 February 2026 at 04:40:00 UTC+5:30","charlize theron jo,nelson mandela","./explore?q=charlize%20theron%20jo&geo=FR"
"uruguay","200+","7 February 2026 at 02:30:00 UTC+5:30","7 February 2026 at 03:40:00 UTC+5:30","uruguay","./explore?q=uruguay&geo=FR"
"liam payne","200+","7 February 2026 at 00:40:00 UTC+5:30","7 February 2026 at 01:50:00 UTC+5:30","liam payne","./explore?q=liam%20payne&geo=FR"
"laure murat","1k+","5 February 2026 at 02:00:00 UTC+5:30","5 February 2026 at 03:50:00 UTC+5:30","laure murat","./explore?q=laure%20murat&geo=FR"
"bouna sarr","1k+","2 February 2026 at 22:50:00 UTC+5:30","3 February 2026 at 12:30:00 UTC+5:30","bouna sarr","./explore?q=bouna%20sarr&geo=FR"
"bison futé","100+","7 February 2026 at 13:10:00 UTC+5:30","7 February 2026 at 14:00:00 UTC+5:30","bison futé","./explore?q=bison%20fut%C3%A9&geo=FR"
"amir murillo","2k+","2 February 2026 at 01:20:00 UTC+5:30","2 February 2026 at 05:40:00 UTC+5:30","amir murillo,kondogbia","./explore?q=amir%20murillo&geo=FR"
"emmanuel macron","2k+","6 February 2026 at 13:20:00 UTC+5:30","6 February 2026 at 13:50:00 UTC+5:30","emmanuel macron","./explore?q=emmanuel%20macron&geo=FR"
"cameron diaz","2k+","4 February 2026 at 02:00:00 UTC+5:30","4 February 2026 at 04:30:00 UTC+5:30","cameron diaz","./explore?q=cameron%20diaz&geo=FR"
"kalvin gourgues","500+","6 February 2026 at 02:50:00 UTC+5:30","6 February 2026 at 04:30:00 UTC+5:30","kalvin gourgues","./explore?q=kalvin%20gourgues&geo=FR"
"ibrahima konaté","5k+","1 February 2026 at 01:40:00 UTC+5:30","1 February 2026 at 07:10:00 UTC+5:30","ibrahima konaté,konate,hugo ekitike,konate liverpool,hugo ekitiké","./explore?q=ibrahima%20konat%C3%A9&geo=FR"
"ouzbékistan","500+","7 February 2026 at 02:30:00 UTC+5:30","7 February 2026 at 03:40:00 UTC+5:30","ouzbékistan","./explore?q=ouzb%C3%A9kistan&geo=FR"
"van der poel","2k+","1 February 2026 at 19:50:00 UTC+5:30","2 February 2026 at 01:50:00 UTC+5:30","van der poel,cyclo cross","./explore?q=van%20der%20poel&geo=FR"
"euro dreams","200+","6 February 2026 at 07:40:00 UTC+5:30","6 February 2026 at 10:50:00 UTC+5:30","euro dreams","./explore?q=euro%20dreams&geo=FR"
"monténégro","200+","7 February 2026 at 02:10:00 UTC+5:30","7 February 2026 at 03:20:00 UTC+5:30","monténégro","./explore?q=mont%C3%A9n%C3%A9gro&geo=FR"
"žalgiris – monaco","1k+","3 February 2026 at 23:20:00 UTC+5:30","4 February 2026 at 02:40:00 UTC+5:30","žalgiris – monaco","./explore?q=%C5%BEalgiris%20%E2%80%93%20monaco&geo=FR"
"syrn","2k+","1 February 2026 at 03:10:00 UTC+5:30","1 February 2026 at 16:20:00 UTC+5:30","syrn","./explore?q=syrn&geo=FR"
"johnny hallyday","1k+","5 February 2026 at 02:10:00 UTC+5:30","5 February 2026 at 04:30:00 UTC+5:30","johnny hallyday,dany boon","./explore?q=johnny%20hallyday&geo=FR"
"luxembourg","200+","7 February 2026 at 02:10:00 UTC+5:30","7 February 2026 at 03:10:00 UTC+5:30","luxembourg","./explore?q=luxembourg&geo=FR"
"retromobile 2026","5k+","1 February 2026 at 14:40:00 UTC+5:30","1 February 2026 at 17:40:00 UTC+5:30","retromobile 2026,salon retromobile 2026,salon retromobile,retromobile","./explore?q=retromobile%202026&geo=FR"
"uzbekistan","200+","7 February 2026 at 02:30:00 UTC+5:30","7 February 2026 at 03:40:00 UTC+5:30","uzbekistan","./explore?q=uzbekistan&geo=FR"
"karyna shuliak","1k+","4 February 2026 at 02:30:00 UTC+5:30","5 February 2026 at 05:40:00 UTC+5:30","karyna shuliak","./explore?q=karyna%20shuliak&geo=FR"
"puerto rico","200+","7 February 2026 at 02:20:00 UTC+5:30","7 February 2026 at 03:30:00 UTC+5:30","puerto rico","./explore?q=puerto%20rico&geo=FR"
"artus","1k+","5 February 2026 at 00:40:00 UTC+5:30","5 February 2026 at 02:30:00 UTC+5:30","artus","./explore?q=artus&geo=FR"
"stambouli","200+","7 February 2026 at 02:50:00 UTC+5:30","7 February 2026 at 03:50:00 UTC+5:30","stambouli,benjamin stambouli","./explore?q=stambouli&geo=FR"
"meteo antibes","1k+","4 February 2026 at 01:00:00 UTC+5:30","4 February 2026 at 13:40:00 UTC+5:30","meteo antibes","./explore?q=meteo%20antibes&geo=FR"
"us open","2k+","1 February 2026 at 14:10:00 UTC+5:30","1 February 2026 at 20:40:00 UTC+5:30","us open","./explore?q=us%20open&geo=FR"
"patrick boucheron","1k+","5 February 2026 at 02:10:00 UTC+5:30","5 February 2026 at 04:20:00 UTC+5:30","patrick boucheron","./explore?q=patrick%20boucheron&geo=FR"
"alice lhabouz","1k+","5 February 2026 at 02:20:00 UTC+5:30","5 February 2026 at 04:10:00 UTC+5:30","alice lhabouz","./explore?q=alice%20lhabouz&geo=FR"
"gta 6","2k+","5 February 2026 at 03:10:00 UTC+5:30","5 February 2026 at 18:20:00 UTC+5:30","gta 6,grand theft auto vi,gta,gta vi","./explore?q=gta%206&geo=FR"
"allemagne","200+","7 February 2026 at 01:50:00 UTC+5:30","7 February 2026 at 02:50:00 UTC+5:30","allemagne,clio","./explore?q=allemagne&geo=FR"
"snoop dogg","1k+","6 February 2026 at 00:40:00 UTC+5:30","6 February 2026 at 02:00:00 UTC+5:30","snoop dogg","./explore?q=snoop%20dogg&geo=FR"
"australie","200+","7 February 2026 at 01:20:00 UTC+5:30","7 February 2026 at 02:20:00 UTC+5:30","australie","./explore?q=australie&geo=FR"
"inter - torino","1k+","5 February 2026 at 01:20:00 UTC+5:30","5 February 2026 at 04:10:00 UTC+5:30","inter - torino,inter torino","./explore?q=inter%20-%20torino&geo=FR"
"franck allisio","500+","6 February 2026 at 12:50:00 UTC+5:30","6 February 2026 at 14:10:00 UTC+5:30","franck allisio","./explore?q=franck%20allisio&geo=FR"
"alphabet","500+","7 February 2026 at 02:10:00 UTC+5:30","7 February 2026 at 03:10:00 UTC+5:30","alphabet","./explore?q=alphabet&geo=FR"
"andalousie","1k+","5 February 2026 at 17:50:00 UTC+5:30","6 February 2026 at 01:40:00 UTC+5:30","andalousie","./explore?q=andalousie&geo=FR"
"canada","200+","7 February 2026 at 01:30:00 UTC+5:30","7 February 2026 at 02:30:00 UTC+5:30","canada","./explore?q=canada&geo=FR"
"oksana baiul","200+","7 February 2026 at 02:30:00 UTC+5:30","7 February 2026 at 03:40:00 UTC+5:30","oksana baiul","./explore?q=oksana%20baiul&geo=FR"
"celine dion","200+","7 February 2026 at 00:50:00 UTC+5:30","7 February 2026 at 01:50:00 UTC+5:30","celine dion","./explore?q=celine%20dion&geo=FR"
"actu toulouse","500+","6 February 2026 at 16:50:00 UTC+5:30","6 February 2026 at 18:10:00 UTC+5:30","actu toulouse","./explore?q=actu%20toulouse&geo=FR"
"bayonne","200+","6 February 2026 at 18:00:00 UTC+5:30","6 February 2026 at 19:10:00 UTC+5:30","bayonne","./explore?q=bayonne&geo=FR"
"auray","500+","5 February 2026 at 23:10:00 UTC+5:30","6 February 2026 at 00:50:00 UTC+5:30","auray","./explore?q=auray&geo=FR"
"psv eindhoven – heerenveen","500+","5 February 2026 at 01:50:00 UTC+5:30","5 February 2026 at 04:50:00 UTC+5:30","psv eindhoven – heerenveen","./explore?q=psv%20eindhoven%20%E2%80%93%20heerenveen&geo=FR"
"poilane","100+","7 February 2026 at 13:30:00 UTC+5:30","7 February 2026 at 14:10:00 UTC+5:30","poilane","./explore?q=poilane&geo=FR"
"1923","2k+","3 February 2026 at 02:00:00 UTC+5:30","3 February 2026 at 05:30:00 UTC+5:30","1923","./explore?q=1923&geo=FR"
"pacers – rockets","1k+","3 February 2026 at 06:30:00 UTC+5:30","3 February 2026 at 14:00:00 UTC+5:30","pacers – rockets","./explore?q=pacers%20%E2%80%93%20rockets&geo=FR"
"dunkerque","1k+","5 February 2026 at 01:30:00 UTC+5:30","5 February 2026 at 04:10:00 UTC+5:30","dunkerque","./explore?q=dunkerque&geo=FR"
"atalanta vs juventus","500+","6 February 2026 at 02:10:00 UTC+5:30","6 February 2026 at 05:20:00 UTC+5:30","atalanta vs juventus","./explore?q=atalanta%20vs%20juventus&geo=FR"
"ozempic","200+","7 February 2026 at 00:20:00 UTC+5:30","7 February 2026 at 01:30:00 UTC+5:30","ozempic","./explore?q=ozempic&geo=FR"
"ghali","200+","7 February 2026 at 03:40:00 UTC+5:30","7 February 2026 at 04:40:00 UTC+5:30","ghali","./explore?q=ghali&geo=FR"
"nicolas vaujour","200+","7 February 2026 at 01:20:00 UTC+5:30","7 February 2026 at 02:20:00 UTC+5:30","nicolas vaujour","./explore?q=nicolas%20vaujour&geo=FR"
"clementine celarie","5k+","3 February 2026 at 13:50:00 UTC+5:30","3 February 2026 at 15:00:00 UTC+5:30","clementine celarie,clémentine célarié","./explore?q=clementine%20celarie&geo=FR"
"czechia","200+","7 February 2026 at 01:30:00 UTC+5:30","7 February 2026 at 02:40:00 UTC+5:30","czechia","./explore?q=czechia&geo=FR"
"tanguy","2k+","3 February 2026 at 01:40:00 UTC+5:30","3 February 2026 at 04:40:00 UTC+5:30","tanguy,roland lescure","./explore?q=tanguy&geo=FR"
"luchini","2k+","2 February 2026 at 01:40:00 UTC+5:30","2 February 2026 at 04:20:00 UTC+5:30","luchini,mara taquin,guillaume nicloux","./explore?q=luchini&geo=FR"
"vincent desagnat","200+","7 February 2026 at 03:00:00 UTC+5:30","7 February 2026 at 04:00:00 UTC+5:30","vincent desagnat","./explore?q=vincent%20desagnat&geo=FR"
"alyssa milano","1k+","5 February 2026 at 02:50:00 UTC+5:30","5 February 2026 at 04:30:00 UTC+5:30","alyssa milano","./explore?q=alyssa%20milano&geo=FR"
"casiraghi","5k+","2 February 2026 at 01:10:00 UTC+5:30","2 February 2026 at 02:40:00 UTC+5:30","casiraghi,casiraghi charlotte,qui est charlotte casiraghi,stephanie de monaco","./explore?q=casiraghi&geo=FR"
"claude lelouch","1k+","4 February 2026 at 16:00:00 UTC+5:30","5 February 2026 at 11:00:00 UTC+5:30","claude lelouch","./explore?q=claude%20lelouch&geo=FR"
"aldegheri","500+","6 February 2026 at 02:00:00 UTC+5:30","6 February 2026 at 03:40:00 UTC+5:30","aldegheri,dorian aldegheri","./explore?q=aldegheri&geo=FR"
"lucas chevalier","2k+","2 February 2026 at 14:50:00 UTC+5:30","2 February 2026 at 18:40:00 UTC+5:30","lucas chevalier,c,matveï safonov","./explore?q=lucas%20chevalier&geo=FR"
"6 nation","500+","6 February 2026 at 02:30:00 UTC+5:30","6 February 2026 at 04:40:00 UTC+5:30","6 nation","./explore?q=6%20nation&geo=FR"
"gagnant star academy","2k+","1 February 2026 at 04:20:00 UTC+5:30","1 February 2026 at 15:50:00 UTC+5:30","gagnant star academy","./explore?q=gagnant%20star%20academy&geo=FR"
"félix auger-aliassime","500+","5 February 2026 at 23:50:00 UTC+5:30","6 February 2026 at 02:00:00 UTC+5:30","félix auger-aliassime","./explore?q=f%C3%A9lix%20auger-aliassime&geo=FR"
"jeff bezos","500+","6 February 2026 at 00:00:00 UTC+5:30","6 February 2026 at 01:30:00 UTC+5:30","jeff bezos,amazon stock","./explore?q=jeff%20bezos&geo=FR"
"celtic glasgow","500+","5 February 2026 at 02:20:00 UTC+5:30","5 February 2026 at 05:10:00 UTC+5:30","celtic glasgow","./explore?q=celtic%20glasgow&geo=FR"
"inde","200+","7 February 2026 at 02:00:00 UTC+5:30","7 February 2026 at 03:00:00 UTC+5:30","inde","./explore?q=inde&geo=FR"
"man united vs fulham","2k+","1 February 2026 at 18:50:00 UTC+5:30","1 February 2026 at 23:00:00 UTC+5:30","man united vs fulham,man u,fulham","./explore?q=man%20united%20vs%20fulham&geo=FR"
"xrp","500+","6 February 2026 at 02:00:00 UTC+5:30","6 February 2026 at 06:20:00 UTC+5:30","xrp","./explore?q=xrp&geo=FR"
"real madrid – rayo vallecano de madrid","2k+","1 February 2026 at 18:40:00 UTC+5:30","1 February 2026 at 23:40:00 UTC+5:30","real madrid – rayo vallecano de madrid","./explore?q=real%20madrid%20%E2%80%93%20rayo%20vallecano%20de%20madrid&geo=FR"
"serbie","200+","7 February 2026 at 02:20:00 UTC+5:30","7 February 2026 at 03:30:00 UTC+5:30","serbie","./explore?q=serbie&geo=FR"
"al ittihad – al-najma sports club","2k+","1 February 2026 at 22:30:00 UTC+5:30","2 February 2026 at 02:10:00 UTC+5:30","al ittihad – al-najma sports club","./explore?q=al%20ittihad%20%E2%80%93%20al-najma%20sports%20club&geo=FR"
"etel","1k+","5 February 2026 at 01:50:00 UTC+5:30","5 February 2026 at 04:10:00 UTC+5:30","etel","./explore?q=etel&geo=FR"
"royal rumble","2k+","1 February 2026 at 00:20:00 UTC+5:30","1 February 2026 at 06:20:00 UTC+5:30","royal rumble,wwe,wwe royal rumble 2026","./explore?q=royal%20rumble&geo=FR"
"anthropic","1k+","3 February 2026 at 21:50:00 UTC+5:30","5 February 2026 at 04:50:00 UTC+5:30","anthropic,claude","./explore?q=anthropic&geo=FR"
"argentine","200+","7 February 2026 at 01:10:00 UTC+5:30","7 February 2026 at 02:20:00 UTC+5:30","argentine","./explore?q=argentine&geo=FR"
"liverpool","5k+","1 February 2026 at 02:40:00 UTC+5:30","1 February 2026 at 04:40:00 UTC+5:30","liverpool,liverpool fc","./explore?q=liverpool&geo=FR"
"trail blazers – suns","1k+","4 February 2026 at 11:30:00 UTC+5:30","4 February 2026 at 14:50:00 UTC+5:30","trail blazers – suns","./explore?q=trail%20blazers%20%E2%80%93%20suns&geo=FR"
"saint pierre et miquelon","1k+","5 February 2026 at 03:40:00 UTC+5:30","5 February 2026 at 05:40:00 UTC+5:30","saint pierre et miquelon","./explore?q=saint%20pierre%20et%20miquelon&geo=FR"
"blake lively","1k+","5 February 2026 at 02:10:00 UTC+5:30","5 February 2026 at 04:40:00 UTC+5:30","blake lively","./explore?q=blake%20lively&geo=FR"
"wegovy","200+","7 February 2026 at 00:20:00 UTC+5:30","7 February 2026 at 01:30:00 UTC+5:30","wegovy","./explore?q=wegovy&geo=FR"
"hongrie","200+","7 February 2026 at 02:30:00 UTC+5:30","7 February 2026 at 03:40:00 UTC+5:30","hongrie","./explore?q=hongrie&geo=FR"
"côme – atalanta","2k+","1 February 2026 at 18:40:00 UTC+5:30","1 February 2026 at 22:40:00 UTC+5:30","côme – atalanta","./explore?q=c%C3%B4me%20%E2%80%93%20atalanta&geo=FR"
"colombie","200+","7 February 2026 at 01:30:00 UTC+5:30","7 February 2026 at 02:40:00 UTC+5:30","colombie","./explore?q=colombie&geo=FR"
"antholz","200+","7 February 2026 at 01:20:00 UTC+5:30","7 February 2026 at 02:20:00 UTC+5:30","antholz","./explore?q=antholz&geo=FR"
"fenerbahçe","2k+","2 February 2026 at 23:00:00 UTC+5:30","3 February 2026 at 01:30:00 UTC+5:30","fenerbahçe","./explore?q=fenerbah%C3%A7e&geo=FR"
"dominique seux","200+","6 February 2026 at 23:00:00 UTC+5:30","7 February 2026 at 00:10:00 UTC+5:30","dominique seux","./explore?q=dominique%20seux&geo=FR"
"coventry","200+","7 February 2026 at 03:20:00 UTC+5:30","7 February 2026 at 04:20:00 UTC+5:30","coventry","./explore?q=coventry&geo=FR"
"cours de l'or","2k+","3 February 2026 at 10:50:00 UTC+5:30","3 February 2026 at 13:20:00 UTC+5:30","cours de l'or,chute or argent,or,prix de l'or,cours or,cours de l or","./explore?q=cours%20de%20l%27or&geo=FR"
"kings – grizzlies","500+","5 February 2026 at 11:20:00 UTC+5:30","5 February 2026 at 13:50:00 UTC+5:30","kings – grizzlies","./explore?q=kings%20%E2%80%93%20grizzlies&geo=FR"
"psv eindhoven – feyenoord","2k+","1 February 2026 at 18:10:00 UTC+5:30","1 February 2026 at 22:00:00 UTC+5:30","psv eindhoven – feyenoord","./explore?q=psv%20eindhoven%20%E2%80%93%20feyenoord&geo=FR"
"nuggets – thunder","1k+","2 February 2026 at 10:00:00 UTC+5:30","2 February 2026 at 14:30:00 UTC+5:30","nuggets – thunder","./explore?q=nuggets%20%E2%80%93%20thunder&geo=FR"
"horoscope christine haas","2k+","4 February 2026 at 14:00:00 UTC+5:30","4 February 2026 at 17:00:00 UTC+5:30","horoscope christine haas,horoscope février,christine haas horoscope","./explore?q=horoscope%20christine%20haas&geo=FR"
"harz","1k+","5 February 2026 at 01:40:00 UTC+5:30","5 February 2026 at 03:50:00 UTC+5:30","harz","./explore?q=harz&geo=FR"
"jaylin williams","500+","5 February 2026 at 10:30:00 UTC+5:30","5 February 2026 at 13:50:00 UTC+5:30","jaylin williams","./explore?q=jaylin%20williams&geo=FR"
"brad pitt","2k+","1 February 2026 at 01:40:00 UTC+5:30","1 February 2026 at 05:10:00 UTC+5:30","brad pitt","./explore?q=brad%20pitt&geo=FR"
"benjamin duhamel","200+","6 February 2026 at 18:10:00 UTC+5:30","6 February 2026 at 19:20:00 UTC+5:30","benjamin duhamel","./explore?q=benjamin%20duhamel&geo=FR"
"paulo castellari eramet","1k+","2 February 2026 at 14:50:00 UTC+5:30","2 February 2026 at 20:10:00 UTC+5:30","paulo castellari eramet","./explore?q=paulo%20castellari%20eramet&geo=FR"
"gérard larcher","1k+","1 February 2026 at 19:10:00 UTC+5:30","2 February 2026 at 13:20:00 UTC+5:30","gérard larcher","./explore?q=g%C3%A9rard%20larcher&geo=FR"
"lbb","500+","6 February 2026 at 02:10:00 UTC+5:30","6 February 2026 at 04:30:00 UTC+5:30","lbb","./explore?q=lbb&geo=FR"
"paris – boulazac","2k+","1 February 2026 at 20:50:00 UTC+5:30","2 February 2026 at 00:40:00 UTC+5:30","paris – boulazac","./explore?q=paris%20%E2%80%93%20boulazac&geo=FR"
"gardanne","2k+","4 February 2026 at 01:00:00 UTC+5:30","4 February 2026 at 02:20:00 UTC+5:30","gardanne","./explore?q=gardanne&geo=FR"
"désiré doué","2k+","2 February 2026 at 01:40:00 UTC+5:30","2 February 2026 at 04:20:00 UTC+5:30","désiré doué,ligue 1 plus","./explore?q=d%C3%A9sir%C3%A9%20dou%C3%A9&geo=FR"
"amendes caf sénégal maroc can 2025","1k+","3 February 2026 at 17:40:00 UTC+5:30","3 February 2026 at 21:40:00 UTC+5:30","amendes caf sénégal maroc can 2025","./explore?q=amendes%20caf%20s%C3%A9n%C3%A9gal%20maroc%20can%202025&geo=FR"
"collier friend","1k+","5 February 2026 at 00:50:00 UTC+5:30","6 February 2026 at 00:20:00 UTC+5:30","collier friend,friend collier ia,friend","./explore?q=collier%20friend&geo=FR"
"mikaela shiffrin","200+","7 February 2026 at 01:20:00 UTC+5:30","7 February 2026 at 02:20:00 UTC+5:30","mikaela shiffrin","./explore?q=mikaela%20shiffrin&geo=FR"
"telstar – go ahead eagles","500+","5 February 2026 at 23:50:00 UTC+5:30","6 February 2026 at 01:30:00 UTC+5:30","telstar – go ahead eagles","./explore?q=telstar%20%E2%80%93%20go%20ahead%20eagles&geo=FR"
"evian","500+","5 February 2026 at 02:50:00 UTC+5:30","5 February 2026 at 04:50:00 UTC+5:30","evian","./explore?q=evian&geo=FR"
"nouvelle zelande","200+","7 February 2026 at 02:20:00 UTC+5:30","7 February 2026 at 03:20:00 UTC+5:30","nouvelle zelande","./explore?q=nouvelle%20zelande&geo=FR"
"roberto alagna","200+","7 February 2026 at 03:50:00 UTC+5:30","7 February 2026 at 04:50:00 UTC+5:30","roberto alagna","./explore?q=roberto%20alagna&geo=FR"
"la disparue de yellowstone","500+","5 February 2026 at 19:10:00 UTC+5:30","5 February 2026 at 21:00:00 UTC+5:30","la disparue de yellowstone","./explore?q=la%20disparue%20de%20yellowstone&geo=FR"
"brenda lodigiani","200+","7 February 2026 at 03:10:00 UTC+5:30","7 February 2026 at 04:00:00 UTC+5:30","brenda lodigiani","./explore?q=brenda%20lodigiani&geo=FR"
"fournier beaudry","200+","6 February 2026 at 23:10:00 UTC+5:30","7 February 2026 at 00:20:00 UTC+5:30","fournier beaudry","./explore?q=fournier%20beaudry&geo=FR"
"japon","200+","7 February 2026 at 02:00:00 UTC+5:30","7 February 2026 at 03:00:00 UTC+5:30","japon","./explore?q=japon&geo=FR"
"chambery","500+","6 February 2026 at 02:10:00 UTC+5:30","6 February 2026 at 03:50:00 UTC+5:30","chambery","./explore?q=chambery&geo=FR"
"aqababe","1k+","4 February 2026 at 01:10:00 UTC+5:30","4 February 2026 at 12:20:00 UTC+5:30","aqababe","./explore?q=aqababe&geo=FR"
"sarah knafo","5k+","2 February 2026 at 01:40:00 UTC+5:30","2 February 2026 at 03:10:00 UTC+5:30","sarah knafo,knafo","./explore?q=sarah%20knafo&geo=FR"
"rockets – mavericks","1k+","1 February 2026 at 09:20:00 UTC+5:30","1 February 2026 at 16:40:00 UTC+5:30","rockets – mavericks","./explore?q=rockets%20%E2%80%93%20mavericks&geo=FR"
"michel drucker","2k+","1 February 2026 at 18:10:00 UTC+5:30","1 February 2026 at 21:00:00 UTC+5:30","michel drucker,vivement dimanche 1 fevrier 2026,vivement dimanche","./explore?q=michel%20drucker&geo=FR"
"michael jackson","1k+","3 February 2026 at 04:30:00 UTC+5:30","4 February 2026 at 02:50:00 UTC+5:30","michael jackson","./explore?q=michael%20jackson&geo=FR"
"raphaël glucksmann","2k+","1 February 2026 at 02:00:00 UTC+5:30","1 February 2026 at 15:20:00 UTC+5:30","raphaël glucksmann,andré glucksmann,glucksmann","./explore?q=rapha%C3%ABl%20glucksmann&geo=FR"
"lol","2k+","3 February 2026 at 01:10:00 UTC+5:30","3 February 2026 at 02:50:00 UTC+5:30","lol","./explore?q=lol&geo=FR"
"elise goldfarb","200+","6 February 2026 at 19:10:00 UTC+5:30","6 February 2026 at 20:20:00 UTC+5:30","elise goldfarb","./explore?q=elise%20goldfarb&geo=FR"
"bayern munich – paris","1k+","4 February 2026 at 01:00:00 UTC+5:30","4 February 2026 at 04:20:00 UTC+5:30","bayern munich – paris","./explore?q=bayern%20munich%20%E2%80%93%20paris&geo=FR"
"kenya","200+","7 February 2026 at 02:10:00 UTC+5:30","7 February 2026 at 03:10:00 UTC+5:30","kenya","./explore?q=kenya&geo=FR"
"fratelli d'italia","200+","7 February 2026 at 01:00:00 UTC+5:30","7 February 2026 at 02:00:00 UTC+5:30","fratelli d'italia","./explore?q=fratelli%20d%27italia&geo=FR"
"justin bieber","1k+","3 February 2026 at 01:20:00 UTC+5:30","3 February 2026 at 06:30:00 UTC+5:30","justin bieber","./explore?q=justin%20bieber&geo=FR"
"cam thomas","500+","6 February 2026 at 02:00:00 UTC+5:30","6 February 2026 at 03:50:00 UTC+5:30","cam thomas","./explore?q=cam%20thomas&geo=FR"
"mercato om","1k+","3 February 2026 at 00:30:00 UTC+5:30","3 February 2026 at 12:40:00 UTC+5:30","mercato om","./explore?q=mercato%20om&geo=FR"
"justin timberlake","1k+","4 February 2026 at 02:00:00 UTC+5:30","4 February 2026 at 04:40:00 UTC+5:30","justin timberlake","./explore?q=justin%20timberlake&geo=FR"
"toulouse","500+","6 February 2026 at 17:10:00 UTC+5:30","6 February 2026 at 18:00:00 UTC+5:30","toulouse","./explore?q=toulouse&geo=FR"
"saudi pro league","1k+","3 February 2026 at 00:50:00 UTC+5:30","3 February 2026 at 12:10:00 UTC+5:30","saudi pro league","./explore?q=saudi%20pro%20league&geo=FR"
"suicide squad","1k+","4 February 2026 at 01:40:00 UTC+5:30","4 February 2026 at 04:20:00 UTC+5:30","suicide squad","./explore?q=suicide%20squad&geo=FR"
"nice brest foot","2k+","1 February 2026 at 22:00:00 UTC+5:30","2 February 2026 at 01:20:00 UTC+5:30","nice brest foot,ligue1+,toulouse foot,match nice,brest nice,brest","./explore?q=nice%20brest%20foot&geo=FR"
"thierry lhermitte","1k+","6 February 2026 at 11:40:00 UTC+5:30","6 February 2026 at 13:10:00 UTC+5:30","thierry lhermitte","./explore?q=thierry%20lhermitte&geo=FR"
"eyes wide shut","1k+","3 February 2026 at 02:10:00 UTC+5:30","3 February 2026 at 06:50:00 UTC+5:30","eyes wide shut,bill gates","./explore?q=eyes%20wide%20shut&geo=FR"
"karine le marchand","5k+","3 February 2026 at 02:30:00 UTC+5:30","3 February 2026 at 03:40:00 UTC+5:30","karine le marchand,karine lemarchand,daniel l'amour est dans le pré 2026,daniel l'amour est dans le pré","./explore?q=karine%20le%20marchand&geo=FR"
"sébastien chenu","500+","5 February 2026 at 13:00:00 UTC+5:30","5 February 2026 at 14:20:00 UTC+5:30","sébastien chenu","./explore?q=s%C3%A9bastien%20chenu&geo=FR"
"sara forestier","500+","6 February 2026 at 12:20:00 UTC+5:30","6 February 2026 at 13:20:00 UTC+5:30","sara forestier","./explore?q=sara%20forestier&geo=FR"
"aj styles","2k+","1 February 2026 at 02:00:00 UTC+5:30","1 February 2026 at 06:20:00 UTC+5:30","aj styles,gunther","./explore?q=aj%20styles&geo=FR"
"cherki","2k+","1 February 2026 at 22:20:00 UTC+5:30","2 February 2026 at 04:50:00 UTC+5:30","cherki,rayan cherki,tottenham - manchester city,classement premier league,tottenham – manchester city composition","./explore?q=cherki&geo=FR"
"thunder – magic","500+","4 February 2026 at 09:40:00 UTC+5:30","4 February 2026 at 13:40:00 UTC+5:30","thunder – magic","./explore?q=thunder%20%E2%80%93%20magic&geo=FR"
"jeffrey de lange","1k+","4 February 2026 at 01:50:00 UTC+5:30","4 February 2026 at 04:40:00 UTC+5:30","jeffrey de lange,emerson","./explore?q=jeffrey%20de%20lange&geo=FR"
"pierre de villiers","2k+","2 February 2026 at 00:40:00 UTC+5:30","2 February 2026 at 02:30:00 UTC+5:30","pierre de villiers,général pierre de villiers","./explore?q=pierre%20de%20villiers&geo=FR"
"excelsior – ajax","2k+","1 February 2026 at 16:10:00 UTC+5:30","1 February 2026 at 19:40:00 UTC+5:30","excelsior – ajax","./explore?q=excelsior%20%E2%80%93%20ajax&geo=FR"
"racing club de strasbourg alsace","2k+","2 February 2026 at 01:30:00 UTC+5:30","2 February 2026 at 11:40:00 UTC+5:30","racing club de strasbourg alsace,emegha","./explore?q=racing%20club%20de%20strasbourg%20alsace&geo=FR"
"edouard philippe","2k+","1 February 2026 at 00:50:00 UTC+5:30","1 February 2026 at 02:40:00 UTC+5:30","edouard philippe,édouard philippe","./explore?q=edouard%20philippe&geo=FR"
"assurance vie","1k+","3 February 2026 at 06:40:00 UTC+5:30","3 February 2026 at 11:00:00 UTC+5:30","assurance vie,assurance","./explore?q=assurance%20vie&geo=FR"
"grammy 2026","2k+","2 February 2026 at 05:00:00 UTC+5:30","2 February 2026 at 15:00:00 UTC+5:30","grammy 2026,grammy winners 2026,cher,luther vandross","./explore?q=grammy%202026&geo=FR"
"equipe de france","200+","6 February 2026 at 01:50:00 UTC+5:30","6 February 2026 at 04:00:00 UTC+5:30","equipe de france","./explore?q=equipe%20de%20france&geo=FR"
"fcl","500+","5 February 2026 at 01:30:00 UTC+5:30","5 February 2026 at 04:10:00 UTC+5:30","fcl","./explore?q=fcl&geo=FR"
"roumanie","200+","7 February 2026 at 02:30:00 UTC+5:30","7 February 2026 at 03:30:00 UTC+5:30","roumanie","./explore?q=roumanie&geo=FR"
"khalil ayari psg","1k+","3 February 2026 at 01:00:00 UTC+5:30","3 February 2026 at 03:30:00 UTC+5:30","khalil ayari psg","./explore?q=khalil%20ayari%20psg&geo=FR"
"jean-marc deperrois","1k+","4 February 2026 at 02:30:00 UTC+5:30","4 February 2026 at 05:10:00 UTC+5:30","jean-marc deperrois","./explore?q=jean-marc%20deperrois&geo=FR"
"thibault garcia","1k+","5 February 2026 at 01:20:00 UTC+5:30","5 February 2026 at 02:30:00 UTC+5:30","thibault garcia","./explore?q=thibault%20garcia&geo=FR"
"mavericks – celtics","500+","4 February 2026 at 10:20:00 UTC+5:30","4 February 2026 at 14:00:00 UTC+5:30","mavericks – celtics","./explore?q=mavericks%20%E2%80%93%20celtics&geo=FR"
"balance commerciale france","1k+","4 February 2026 at 20:10:00 UTC+5:30","4 February 2026 at 22:00:00 UTC+5:30","balance commerciale france","./explore?q=balance%20commerciale%20france&geo=FR"
"charles alloncle","1k+","2 February 2026 at 15:50:00 UTC+5:30","3 February 2026 at 04:20:00 UTC+5:30","charles alloncle","./explore?q=charles%20alloncle&geo=FR"
"berat kandili","1k+","2 February 2026 at 12:00:00 UTC+5:30","2 February 2026 at 17:50:00 UTC+5:30","berat kandili,berat kandili 2026","./explore?q=berat%20kandili&geo=FR"
"bbc sport","200+","6 February 2026 at 03:00:00 UTC+5:30","6 February 2026 at 04:50:00 UTC+5:30","bbc sport","./explore?q=bbc%20sport&geo=FR"
"marcel gauchet","2k+","3 February 2026 at 12:50:00 UTC+5:30","3 February 2026 at 14:30:00 UTC+5:30","marcel gauchet","./explore?q=marcel%20gauchet&geo=FR"
"resident evil requiem","1k+","2 February 2026 at 19:40:00 UTC+5:30","3 February 2026 at 13:20:00 UTC+5:30","resident evil requiem","./explore?q=resident%20evil%20requiem&geo=FR"
"flamengo – corinthians","2k+","1 February 2026 at 23:50:00 UTC+5:30","2 February 2026 at 03:40:00 UTC+5:30","flamengo – corinthians,flamengo x corinthians,flamengo","./explore?q=flamengo%20%E2%80%93%20corinthians&geo=FR"
"penaud rugby","500+","4 February 2026 at 15:00:00 UTC+5:30","4 February 2026 at 17:10:00 UTC+5:30","penaud rugby","./explore?q=penaud%20rugby&geo=FR"
"championnat d'europe de biathlon","2k+","1 February 2026 at 15:20:00 UTC+5:30","1 February 2026 at 20:30:00 UTC+5:30","championnat d'europe de biathlon,gilonne guigonnat,sjusjoen,celia henaff,championnat europe biathlon 2026,sophie chauveau,sjusjøen","./explore?q=championnat%20d%27europe%20de%20biathlon&geo=FR"
"الألعاب الأولمبية الشتوية 2026","200+","6 February 2026 at 05:20:00 UTC+5:30","6 February 2026 at 10:40:00 UTC+5:30","الألعاب الأولمبية الشتوية 2026","./explore?q=%D8%A7%D9%84%D8%A3%D9%84%D8%B9%D8%A7%D8%A8%20%D8%A7%D9%84%D8%A3%D9%88%D9%84%D9%85%D8%A8%D9%8A%D8%A9%20%D8%A7%D9%84%D8%B4%D8%AA%D9%88%D9%8A%D8%A9%202026&geo=FR"
"constance labbé","500+","5 February 2026 at 02:00:00 UTC+5:30","5 February 2026 at 04:10:00 UTC+5:30","constance labbé","./explore?q=constance%20labb%C3%A9&geo=FR"
"unfamiliar","200+","7 February 2026 at 01:40:00 UTC+5:30","7 February 2026 at 02:40:00 UTC+5:30","unfamiliar","./explore?q=unfamiliar&geo=FR"
"magic – nets","200+","6 February 2026 at 11:10:00 UTC+5:30","6 February 2026 at 13:20:00 UTC+5:30","magic – nets","./explore?q=magic%20%E2%80%93%20nets&geo=FR"
"as roma","1k+","3 February 2026 at 01:40:00 UTC+5:30","3 February 2026 at 04:50:00 UTC+5:30","as roma","./explore?q=as%20roma&geo=FR"
"livigno jo 2026","200+","7 February 2026 at 02:00:00 UTC+5:30","7 February 2026 at 02:50:00 UTC+5:30","livigno jo 2026","./explore?q=livigno%20jo%202026&geo=FR"
"ryan reynolds","500+","5 February 2026 at 02:10:00 UTC+5:30","5 February 2026 at 04:40:00 UTC+5:30","ryan reynolds","./explore?q=ryan%20reynolds&geo=FR"
"zabiri","1k+","3 February 2026 at 01:40:00 UTC+5:30","3 February 2026 at 06:20:00 UTC+5:30","zabiri,yassir zabiri","./explore?q=zabiri&geo=FR"
"chef michel sarran","1k+","4 February 2026 at 12:30:00 UTC+5:30","5 February 2026 at 04:10:00 UTC+5:30","chef michel sarran,michel sarran","./explore?q=chef%20michel%20sarran&geo=FR"
"bruel","2k+","3 February 2026 at 00:40:00 UTC+5:30","3 February 2026 at 02:30:00 UTC+5:30","bruel,bruel patrick","./explore?q=bruel&geo=FR"
"taylor swift","500+","6 February 2026 at 19:10:00 UTC+5:30","6 February 2026 at 19:50:00 UTC+5:30","taylor swift","./explore?q=taylor%20swift&geo=FR"
"woody allen","500+","5 February 2026 at 01:30:00 UTC+5:30","5 February 2026 at 07:10:00 UTC+5:30","woody allen","./explore?q=woody%20allen&geo=FR"
"iguane floride","2k+","2 February 2026 at 23:20:00 UTC+5:30","3 February 2026 at 01:10:00 UTC+5:30","iguane floride,froid etats unis,météo aujourd'hui,floride","./explore?q=iguane%20floride&geo=FR"
"kid rock","200+","5 February 2026 at 11:20:00 UTC+5:30","6 February 2026 at 02:40:00 UTC+5:30","kid rock","./explore?q=kid%20rock&geo=FR"
"feu chatterton","2k+","1 February 2026 at 04:10:00 UTC+5:30","1 February 2026 at 06:20:00 UTC+5:30","feu chatterton,feu chaterton","./explore?q=feu%20chatterton&geo=FR"
"huawei","200+","6 February 2026 at 23:10:00 UTC+5:30","7 February 2026 at 00:10:00 UTC+5:30","huawei","./explore?q=huawei&geo=FR"
"tallison teixeira","2k+","1 February 2026 at 05:40:00 UTC+5:30","1 February 2026 at 10:50:00 UTC+5:30","tallison teixeira,tai tuivasa,tuivasa","./explore?q=tallison%20teixeira&geo=FR"
"eric larcheveque","500+","5 February 2026 at 03:20:00 UTC+5:30","5 February 2026 at 07:00:00 UTC+5:30","eric larcheveque","./explore?q=eric%20larcheveque&geo=FR"
"miles kane","500+","5 February 2026 at 03:40:00 UTC+5:30","5 February 2026 at 05:00:00 UTC+5:30","miles kane","./explore?q=miles%20kane&geo=FR"
"naima moutchou","2k+","1 February 2026 at 16:40:00 UTC+5:30","1 February 2026 at 18:40:00 UTC+5:30","naima moutchou","./explore?q=naima%20moutchou&geo=FR"
"djamel","1k+","4 February 2026 at 18:00:00 UTC+5:30","4 February 2026 at 19:10:00 UTC+5:30","djamel","./explore?q=djamel&geo=FR"
"thunderbolts","2k+","1 February 2026 at 01:00:00 UTC+5:30","1 February 2026 at 06:00:00 UTC+5:30","thunderbolts","./explore?q=thunderbolts&geo=FR"
"clémentine autain","200+","6 February 2026 at 12:10:00 UTC+5:30","6 February 2026 at 13:20:00 UTC+5:30","clémentine autain","./explore?q=cl%C3%A9mentine%20autain&geo=FR"
"el karouani","1k+","2 February 2026 at 03:20:00 UTC+5:30","2 February 2026 at 11:50:00 UTC+5:30","el karouani,adam aznou","./explore?q=el%20karouani&geo=FR"
"torino – lecce","1k+","1 February 2026 at 16:20:00 UTC+5:30","1 February 2026 at 20:00:00 UTC+5:30","torino – lecce","./explore?q=torino%20%E2%80%93%20lecce&geo=FR"
"jean luc reichmann","2k+","1 February 2026 at 03:30:00 UTC+5:30","1 February 2026 at 17:40:00 UTC+5:30","jean luc reichmann,rolland courbis,jean-luc reichmann,reichmann,roland courbis","./explore?q=jean%20luc%20reichmann&geo=FR"
"julien le cardinal","1k+","2 February 2026 at 02:20:00 UTC+5:30","3 February 2026 at 01:40:00 UTC+5:30","julien le cardinal,mercato asse","./explore?q=julien%20le%20cardinal&geo=FR"
"france2","1k+","4 February 2026 at 01:20:00 UTC+5:30","4 February 2026 at 03:40:00 UTC+5:30","france2","./explore?q=france2&geo=FR"
"senones","1k+","5 February 2026 at 00:20:00 UTC+5:30","5 February 2026 at 01:30:00 UTC+5:30","senones","./explore?q=senones&geo=FR"
"classement nba","500+","5 February 2026 at 11:10:00 UTC+5:30","5 February 2026 at 13:40:00 UTC+5:30","classement nba","./explore?q=classement%20nba&geo=FR"
"shakur stevenson","2k+","1 February 2026 at 10:10:00 UTC+5:30","1 February 2026 at 17:10:00 UTC+5:30","shakur stevenson,dazn,teofimo lopez vs shakur stevenson","./explore?q=shakur%20stevenson&geo=FR"
"no water","500+","5 February 2026 at 02:10:00 UTC+5:30","5 February 2026 at 03:30:00 UTC+5:30","no water","./explore?q=no%20water&geo=FR"
"martin weill","500+","4 February 2026 at 01:00:00 UTC+5:30","4 February 2026 at 03:50:00 UTC+5:30","martin weill","./explore?q=martin%20weill&geo=FR"
"sexton","500+","6 February 2026 at 02:00:00 UTC+5:30","6 February 2026 at 03:20:00 UTC+5:30","sexton","./explore?q=sexton&geo=FR"
"patagonie","1k+","3 February 2026 at 01:40:00 UTC+5:30","3 February 2026 at 04:50:00 UTC+5:30","patagonie,argentine","./explore?q=patagonie&geo=FR"
"bruce toussaint","1k+","4 February 2026 at 04:20:00 UTC+5:30","4 February 2026 at 05:50:00 UTC+5:30","bruce toussaint","./explore?q=bruce%20toussaint&geo=FR"
"gérard mulliez","1k+","3 February 2026 at 22:00:00 UTC+5:30","4 February 2026 at 00:40:00 UTC+5:30","gérard mulliez","./explore?q=g%C3%A9rard%20mulliez&geo=FR"
"robert maxwell","500+","4 February 2026 at 22:40:00 UTC+5:30","5 February 2026 at 06:00:00 UTC+5:30","robert maxwell","./explore?q=robert%20maxwell&geo=FR"
"tcl","1k+","2 February 2026 at 11:10:00 UTC+5:30","2 February 2026 at 15:00:00 UTC+5:30","tcl","./explore?q=tcl&geo=FR"
"liste electorale inscription","500+","6 February 2026 at 00:50:00 UTC+5:30","6 February 2026 at 02:00:00 UTC+5:30","liste electorale inscription","./explore?q=liste%20electorale%20inscription&geo=FR"
"aaron wiggins","500+","5 February 2026 at 10:50:00 UTC+5:30","5 February 2026 at 13:10:00 UTC+5:30","aaron wiggins,keldon johnson","./explore?q=aaron%20wiggins&geo=FR"
"ange capuozzo","200+","6 February 2026 at 02:20:00 UTC+5:30","6 February 2026 at 04:00:00 UTC+5:30","ange capuozzo","./explore?q=ange%20capuozzo&geo=FR"
"strasbourg fc","200+","6 February 2026 at 02:20:00 UTC+5:30","6 February 2026 at 04:00:00 UTC+5:30","strasbourg fc","./explore?q=strasbourg%20fc&geo=FR"
"vincent clerc rugby","2k+","2 February 2026 at 01:20:00 UTC+5:30","2 February 2026 at 03:30:00 UTC+5:30","vincent clerc rugby","./explore?q=vincent%20clerc%20rugby&geo=FR"
"ukraine","1k+","3 February 2026 at 19:10:00 UTC+5:30","3 February 2026 at 21:00:00 UTC+5:30","ukraine","./explore?q=ukraine&geo=FR"
"grok","2k+","4 February 2026 at 02:20:00 UTC+5:30","4 February 2026 at 03:40:00 UTC+5:30","grok","./explore?q=grok&geo=FR"
"trabzonspor – fethiyespor","500+","3 February 2026 at 23:00:00 UTC+5:30","4 February 2026 at 02:00:00 UTC+5:30","trabzonspor – fethiyespor","./explore?q=trabzonspor%20%E2%80%93%20fethiyespor&geo=FR"
"roland garros 2026","1k+","1 February 2026 at 14:50:00 UTC+5:30","1 February 2026 at 19:10:00 UTC+5:30","roland garros 2026","./explore?q=roland%20garros%202026&geo=FR"
"samuel labarthe","2k+","1 February 2026 at 01:40:00 UTC+5:30","1 February 2026 at 04:20:00 UTC+5:30","samuel labarthe","./explore?q=samuel%20labarthe&geo=FR"
"quincy jones","200+","6 February 2026 at 13:20:00 UTC+5:30","6 February 2026 at 14:20:00 UTC+5:30","quincy jones","./explore?q=quincy%20jones&geo=FR"
"windows 11 midi 2.0","500+","3 February 2026 at 15:00:00 UTC+5:30","3 February 2026 at 19:20:00 UTC+5:30","windows 11 midi 2.0","./explore?q=windows%2011%20midi%202.0&geo=FR"
"senny mayulu","1k+","2 February 2026 at 01:40:00 UTC+5:30","2 February 2026 at 04:20:00 UTC+5:30","senny mayulu","./explore?q=senny%20mayulu&geo=FR"
"c","500+","4 February 2026 at 07:10:00 UTC+5:30","4 February 2026 at 12:00:00 UTC+5:30","c","./explore?q=c&geo=FR"
"francois cros","500+","6 February 2026 at 02:00:00 UTC+5:30","6 February 2026 at 03:00:00 UTC+5:30","francois cros,françois cros","./explore?q=francois%20cros&geo=FR"
"racing","1k+","2 February 2026 at 01:30:00 UTC+5:30","2 February 2026 at 12:10:00 UTC+5:30","racing","./explore?q=racing&geo=FR"
"renaud camus","2k+","1 February 2026 at 23:30:00 UTC+5:30","2 February 2026 at 00:40:00 UTC+5:30","renaud camus","./explore?q=renaud%20camus&geo=FR"
"mathieu raynal","1k+","3 February 2026 at 12:40:00 UTC+5:30","3 February 2026 at 14:30:00 UTC+5:30","mathieu raynal","./explore?q=mathieu%20raynal&geo=FR"
"luke kennard","200+","5 February 2026 at 21:40:00 UTC+5:30","5 February 2026 at 23:00:00 UTC+5:30","luke kennard","./explore?q=luke%20kennard&geo=FR"
"matthieu lartot","200+","7 February 2026 at 00:20:00 UTC+5:30","7 February 2026 at 01:00:00 UTC+5:30","matthieu lartot","./explore?q=matthieu%20lartot&geo=FR"
"université harvard","1k+","3 February 2026 at 17:40:00 UTC+5:30","3 February 2026 at 19:30:00 UTC+5:30","université harvard","./explore?q=universit%C3%A9%20harvard&geo=FR"
"afonso moreira","500+","5 February 2026 at 02:50:00 UTC+5:30","5 February 2026 at 04:20:00 UTC+5:30","afonso moreira","./explore?q=afonso%20moreira&geo=FR"
"marilou berry","2k+","1 February 2026 at 18:00:00 UTC+5:30","1 February 2026 at 19:10:00 UTC+5:30","marilou berry","./explore?q=marilou%20berry&geo=FR"
"major cod","500+","2 February 2026 at 02:50:00 UTC+5:30","2 February 2026 at 12:40:00 UTC+5:30","major cod","./explore?q=major%20cod&geo=FR"
"leverkusen","1k+","4 February 2026 at 02:20:00 UTC+5:30","4 February 2026 at 04:40:00 UTC+5:30","leverkusen,bayer leverkusen","./explore?q=leverkusen&geo=FR"
"david poisson","1k+","1 February 2026 at 16:40:00 UTC+5:30","1 February 2026 at 19:10:00 UTC+5:30","david poisson","./explore?q=david%20poisson&geo=FR"
"openai","1k+","4 February 2026 at 02:10:00 UTC+5:30","4 February 2026 at 04:00:00 UTC+5:30","openai,open ai","./explore?q=openai&geo=FR"
"surya bonaly","200+","7 February 2026 at 02:40:00 UTC+5:30","7 February 2026 at 03:20:00 UTC+5:30","surya bonaly","./explore?q=surya%20bonaly&geo=FR"
"vitré","200+","6 February 2026 at 23:40:00 UTC+5:30","7 February 2026 at 00:20:00 UTC+5:30","vitré","./explore?q=vitr%C3%A9&geo=FR"
"jason momoa","1k+","1 February 2026 at 01:20:00 UTC+5:30","1 February 2026 at 05:00:00 UTC+5:30","jason momoa","./explore?q=jason%20momoa&geo=FR"
"house of the dragon","1k+","3 February 2026 at 13:50:00 UTC+5:30","4 February 2026 at 06:10:00 UTC+5:30","house of the dragon,tv programme","./explore?q=house%20of%20the%20dragon&geo=FR"
"dwayne johnson","500+","5 February 2026 at 17:10:00 UTC+5:30","5 February 2026 at 18:20:00 UTC+5:30","dwayne johnson,the rock","./explore?q=dwayne%20johnson&geo=FR"
"bucks – bulls","500+","4 February 2026 at 10:30:00 UTC+5:30","4 February 2026 at 13:30:00 UTC+5:30","bucks – bulls","./explore?q=bucks%20%E2%80%93%20bulls&geo=FR"
"cagliari – hellas vérone","1k+","1 February 2026 at 00:30:00 UTC+5:30","1 February 2026 at 04:50:00 UTC+5:30","cagliari – hellas vérone","./explore?q=cagliari%20%E2%80%93%20hellas%20v%C3%A9rone&geo=FR"
"england vs sri lanka","1k+","3 February 2026 at 19:20:00 UTC+5:30","3 February 2026 at 23:20:00 UTC+5:30","england vs sri lanka,sri lanka vs england","./explore?q=england%20vs%20sri%20lanka&geo=FR"
"christelle mazza","100+","7 February 2026 at 14:00:00 UTC+5:30","7 February 2026 at 14:20:00 UTC+5:30","christelle mazza","./explore?q=christelle%20mazza&geo=FR"
"rebecca passler","500+","2 February 2026 at 21:50:00 UTC+5:30","3 February 2026 at 04:50:00 UTC+5:30","rebecca passler","./explore?q=rebecca%20passler&geo=FR"
"drone iranien abattu","500+","4 February 2026 at 07:30:00 UTC+5:30","4 February 2026 at 10:40:00 UTC+5:30","drone iranien abattu","./explore?q=drone%20iranien%20abattu&geo=FR"
"heat – hawks","500+","4 February 2026 at 10:50:00 UTC+5:30","4 February 2026 at 13:40:00 UTC+5:30","heat – hawks","./explore?q=heat%20%E2%80%93%20hawks&geo=FR"
"christian bale","500+","3 February 2026 at 02:10:00 UTC+5:30","3 February 2026 at 05:20:00 UTC+5:30","christian bale","./explore?q=christian%20bale&geo=FR"
"johann chapoutot","200+","5 February 2026 at 12:50:00 UTC+5:30","5 February 2026 at 14:20:00 UTC+5:30","johann chapoutot","./explore?q=johann%20chapoutot&geo=FR"
"lait infantile popote rappel","1k+","2 February 2026 at 15:40:00 UTC+5:30","2 February 2026 at 21:10:00 UTC+5:30","lait infantile popote rappel,popote","./explore?q=lait%20infantile%20popote%20rappel&geo=FR"
"sri lanka","200+","6 February 2026 at 17:20:00 UTC+5:30","6 February 2026 at 18:20:00 UTC+5:30","sri lanka","./explore?q=sri%20lanka&geo=FR"
"désiré doué","1k+","3 February 2026 at 21:00:00 UTC+5:30","3 February 2026 at 22:30:00 UTC+5:30","désiré doué","./explore?q=d%C3%A9sir%C3%A9%20dou%C3%A9&geo=FR"
"quillan salkilld","1k+","1 February 2026 at 05:40:00 UTC+5:30","1 February 2026 at 10:50:00 UTC+5:30","quillan salkilld","./explore?q=quillan%20salkilld&geo=FR"
"simon adingra","1k+","2 February 2026 at 19:40:00 UTC+5:30","3 February 2026 at 03:30:00 UTC+5:30","simon adingra,adingra","./explore?q=simon%20adingra&geo=FR"
"finale handball euro 2026","2k+","1 February 2026 at 16:50:00 UTC+5:30","1 February 2026 at 21:10:00 UTC+5:30","finale handball euro 2026,handball,finale euro handball 2026,final handball,final handball 2026","./explore?q=finale%20handball%20euro%202026&geo=FR"
"gwyneth paltrow","200+","6 February 2026 at 01:20:00 UTC+5:30","6 February 2026 at 02:30:00 UTC+5:30","gwyneth paltrow","./explore?q=gwyneth%20paltrow&geo=FR"
"byd","2k+","1 February 2026 at 15:30:00 UTC+5:30","1 February 2026 at 17:00:00 UTC+5:30","byd","./explore?q=byd&geo=FR"
"elodie fontan","2k+","2 February 2026 at 16:40:00 UTC+5:30","2 February 2026 at 17:50:00 UTC+5:30","elodie fontan,élodie fontan","./explore?q=elodie%20fontan&geo=FR"
"meryl streep","100+","7 February 2026 at 04:00:00 UTC+5:30","7 February 2026 at 04:50:00 UTC+5:30","meryl streep","./explore?q=meryl%20streep&geo=FR"
"geneanet","500+","4 February 2026 at 11:20:00 UTC+5:30","4 February 2026 at 13:30:00 UTC+5:30","geneanet","./explore?q=geneanet&geo=FR"
"rockstar games","500+","4 February 2026 at 20:10:00 UTC+5:30","4 February 2026 at 21:50:00 UTC+5:30","rockstar games","./explore?q=rockstar%20games&geo=FR"
"wizards – knicks","200+","4 February 2026 at 10:30:00 UTC+5:30","4 February 2026 at 13:20:00 UTC+5:30","wizards – knicks","./explore?q=wizards%20%E2%80%93%20knicks&geo=FR"
"india u-19 vs england u-19","200+","6 February 2026 at 22:10:00 UTC+5:30","6 February 2026 at 22:50:00 UTC+5:30","india u-19 vs england u-19","./explore?q=india%20u-19%20vs%20england%20u-19&geo=FR"
"washington post","200+","6 February 2026 at 00:00:00 UTC+5:30","6 February 2026 at 01:10:00 UTC+5:30","washington post","./explore?q=washington%20post&geo=FR"
"molotov","200+","6 February 2026 at 01:30:00 UTC+5:30","6 February 2026 at 02:40:00 UTC+5:30","molotov","./explore?q=molotov&geo=FR"
"jordanie","200+","5 February 2026 at 23:40:00 UTC+5:30","6 February 2026 at 00:50:00 UTC+5:30","jordanie","./explore?q=jordanie&geo=FR"
"aegon targaryen","500+","3 February 2026 at 01:50:00 UTC+5:30","3 February 2026 at 05:20:00 UTC+5:30","aegon targaryen","./explore?q=aegon%20targaryen&geo=FR"
"lucid","1k+","1 February 2026 at 21:10:00 UTC+5:30","2 February 2026 at 00:00:00 UTC+5:30","lucid","./explore?q=lucid&geo=FR"
"amina edris","500+","5 February 2026 at 14:30:00 UTC+5:30","5 February 2026 at 15:40:00 UTC+5:30","amina edris","./explore?q=amina%20edris&geo=FR"
"tour eiffel","500+","4 February 2026 at 02:30:00 UTC+5:30","4 February 2026 at 04:50:00 UTC+5:30","tour eiffel","./explore?q=tour%20eiffel&geo=FR"
"claude sonnet 5","500+","4 February 2026 at 15:40:00 UTC+5:30","4 February 2026 at 17:20:00 UTC+5:30","claude sonnet 5","./explore?q=claude%20sonnet%205&geo=FR"
"bardella","500+","7 February 2026 at 00:20:00 UTC+5:30","7 February 2026 at 00:50:00 UTC+5:30","bardella","./explore?q=bardella&geo=FR"
"mateta","500+","2 February 2026 at 23:10:00 UTC+5:30","3 February 2026 at 12:40:00 UTC+5:30","mateta","./explore?q=mateta&geo=FR"
"vueling","500+","6 February 2026 at 02:30:00 UTC+5:30","6 February 2026 at 03:30:00 UTC+5:30","vueling","./explore?q=vueling&geo=FR"
"kaori sakamoto","100+","6 February 2026 at 22:10:00 UTC+5:30","6 February 2026 at 23:00:00 UTC+5:30","kaori sakamoto","./explore?q=kaori%20sakamoto&geo=FR"
"lec","1k+","3 February 2026 at 00:20:00 UTC+5:30","3 February 2026 at 01:40:00 UTC+5:30","lec","./explore?q=lec&geo=FR"
"sonia mabrouk","2k+","3 February 2026 at 01:40:00 UTC+5:30","3 February 2026 at 02:40:00 UTC+5:30","sonia mabrouk","./explore?q=sonia%20mabrouk&geo=FR"
"premiere ministre italie","200+","7 February 2026 at 03:20:00 UTC+5:30","7 February 2026 at 03:50:00 UTC+5:30","premiere ministre italie","./explore?q=premiere%20ministre%20italie&geo=FR"
"trump greenland","500+","4 February 2026 at 15:00:00 UTC+5:30","4 February 2026 at 16:30:00 UTC+5:30","trump greenland","./explore?q=trump%20greenland&geo=FR"
"delphine","200+","6 February 2026 at 00:00:00 UTC+5:30","6 February 2026 at 01:20:00 UTC+5:30","delphine","./explore?q=delphine&geo=FR"
"ramadan 2026 date","500+","2 February 2026 at 16:40:00 UTC+5:30","3 February 2026 at 17:50:00 UTC+5:30","ramadan 2026 date","./explore?q=ramadan%202026%20date&geo=FR"
"crozet","200+","6 February 2026 at 03:00:00 UTC+5:30","6 February 2026 at 04:10:00 UTC+5:30","crozet","./explore?q=crozet&geo=FR"
"christine bravo","1k+","3 February 2026 at 00:30:00 UTC+5:30","3 February 2026 at 01:40:00 UTC+5:30","christine bravo","./explore?q=christine%20bravo&geo=FR"
"rayo vallecano","1k+","1 February 2026 at 18:50:00 UTC+5:30","1 February 2026 at 21:40:00 UTC+5:30","rayo vallecano,real vs,laliga","./explore?q=rayo%20vallecano&geo=FR"
"polestar","1k+","1 February 2026 at 03:40:00 UTC+5:30","1 February 2026 at 18:00:00 UTC+5:30","polestar","./explore?q=polestar&geo=FR"
"pakistan vs australia","1k+","1 February 2026 at 16:30:00 UTC+5:30","1 February 2026 at 20:50:00 UTC+5:30","pakistan vs australia","./explore?q=pakistan%20vs%20australia&geo=FR"
"parma - juventus","500+","2 February 2026 at 01:20:00 UTC+5:30","2 February 2026 at 05:20:00 UTC+5:30","parma - juventus","./explore?q=parma%20-%20juventus&geo=FR"
"timothy weah","500+","4 February 2026 at 01:50:00 UTC+5:30","4 February 2026 at 04:40:00 UTC+5:30","timothy weah","./explore?q=timothy%20weah&geo=FR"
"qui veut etre mon associé 2026","500+","6 February 2026 at 02:00:00 UTC+5:30","6 February 2026 at 02:50:00 UTC+5:30","qui veut etre mon associé 2026","./explore?q=qui%20veut%20etre%20mon%20associ%C3%A9%202026&geo=FR"
"sacha boey","200+","5 February 2026 at 16:30:00 UTC+5:30","5 February 2026 at 17:50:00 UTC+5:30","sacha boey","./explore?q=sacha%20boey&geo=FR"
"agathe lecaron","1k+","3 February 2026 at 14:50:00 UTC+5:30","3 February 2026 at 16:20:00 UTC+5:30","agathe lecaron","./explore?q=agathe%20lecaron&geo=FR"
"yaremchuk","1k+","2 February 2026 at 22:50:00 UTC+5:30","3 February 2026 at 01:10:00 UTC+5:30","yaremchuk,roman yaremchuk","./explore?q=yaremchuk&geo=FR"
"jeanne richard","1k+","2 February 2026 at 20:40:00 UTC+5:30","2 February 2026 at 22:20:00 UTC+5:30","jeanne richard","./explore?q=jeanne%20richard&geo=FR"
"christophe maé","1k+","1 February 2026 at 01:50:00 UTC+5:30","1 February 2026 at 05:50:00 UTC+5:30","christophe maé","./explore?q=christophe%20ma%C3%A9&geo=FR"
"cancer pancréas souris","1k+","3 February 2026 at 01:00:00 UTC+5:30","3 February 2026 at 02:50:00 UTC+5:30","cancer pancréas souris","./explore?q=cancer%20pancr%C3%A9as%20souris&geo=FR"
"khaby lame","1k+","4 February 2026 at 03:30:00 UTC+5:30","4 February 2026 at 05:20:00 UTC+5:30","khaby lame","./explore?q=khaby%20lame&geo=FR"
"tahar rahim","1k+","2 February 2026 at 02:50:00 UTC+5:30","2 February 2026 at 06:00:00 UTC+5:30","tahar rahim","./explore?q=tahar%20rahim&geo=FR"
"uzes","1k+","2 February 2026 at 19:10:00 UTC+5:30","2 February 2026 at 20:30:00 UTC+5:30","uzes","./explore?q=uzes&geo=FR"
"mistral ai","500+","4 February 2026 at 02:10:00 UTC+5:30","4 February 2026 at 03:50:00 UTC+5:30","mistral ai","./explore?q=mistral%20ai&geo=FR"
"charles c stevenson jr","200+","6 February 2026 at 17:30:00 UTC+5:30","6 February 2026 at 18:10:00 UTC+5:30","charles c stevenson jr","./explore?q=charles%20c%20stevenson%20jr&geo=FR"
"ekitike","1k+","1 February 2026 at 02:10:00 UTC+5:30","1 February 2026 at 04:30:00 UTC+5:30","ekitike","./explore?q=ekitike&geo=FR"
"didier deschamps","200+","4 February 2026 at 17:20:00 UTC+5:30","4 February 2026 at 21:50:00 UTC+5:30","didier deschamps","./explore?q=didier%20deschamps&geo=FR"
"aigues mortes","500+","4 February 2026 at 00:20:00 UTC+5:30","4 February 2026 at 01:30:00 UTC+5:30","aigues mortes","./explore?q=aigues%20mortes&geo=FR"
"djibril cissé","500+","4 February 2026 at 02:10:00 UTC+5:30","4 February 2026 at 03:20:00 UTC+5:30","djibril cissé","./explore?q=djibril%20ciss%C3%A9&geo=FR"
"iphone 18","1k+","2 February 2026 at 01:30:00 UTC+5:30","2 February 2026 at 03:10:00 UTC+5:30","iphone 18,apple iphone 18","./explore?q=iphone%2018&geo=FR"
"katie holmes","500+","3 February 2026 at 02:50:00 UTC+5:30","3 February 2026 at 05:20:00 UTC+5:30","katie holmes","./explore?q=katie%20holmes&geo=FR"
"hbo max","1k+","1 February 2026 at 13:50:00 UTC+5:30","1 February 2026 at 16:30:00 UTC+5:30","hbo max","./explore?q=hbo%20max&geo=FR"
"fcr","200+","7 February 2026 at 02:00:00 UTC+5:30","7 February 2026 at 02:30:00 UTC+5:30","fcr","./explore?q=fcr&geo=FR"
"eric zemmour","1k+","2 February 2026 at 01:40:00 UTC+5:30","2 February 2026 at 03:20:00 UTC+5:30","eric zemmour,zemmour","./explore?q=eric%20zemmour&geo=FR"
"meteo bordeaux","1k+","3 February 2026 at 11:30:00 UTC+5:30","3 February 2026 at 13:10:00 UTC+5:30","meteo bordeaux","./explore?q=meteo%20bordeaux&geo=FR"
"permis de conduire","500+","5 February 2026 at 00:30:00 UTC+5:30","5 February 2026 at 01:40:00 UTC+5:30","permis de conduire","./explore?q=permis%20de%20conduire&geo=FR"
"dortmund foot","1k+","1 February 2026 at 22:50:00 UTC+5:30","2 February 2026 at 01:10:00 UTC+5:30","dortmund foot","./explore?q=dortmund%20foot&geo=FR"
"julie bourges","1k+","1 February 2026 at 00:00:00 UTC+5:30","1 February 2026 at 01:20:00 UTC+5:30","julie bourges,rts,crans-montana","./explore?q=julie%20bourges&geo=FR"
"film f1","1k+","1 February 2026 at 01:30:00 UTC+5:30","1 February 2026 at 04:40:00 UTC+5:30","film f1","./explore?q=film%20f1&geo=FR"
"ioma","200+","5 February 2026 at 04:10:00 UTC+5:30","5 February 2026 at 05:20:00 UTC+5:30","ioma","./explore?q=ioma&geo=FR"
"aberdeen celtic","500+","5 February 2026 at 03:20:00 UTC+5:30","5 February 2026 at 04:40:00 UTC+5:30","aberdeen celtic,aberdeen celtic glasgow","./explore?q=aberdeen%20celtic&geo=FR"
"miley cyrus","200+","7 February 2026 at 01:20:00 UTC+5:30","7 February 2026 at 01:50:00 UTC+5:30","miley cyrus","./explore?q=miley%20cyrus&geo=FR"
"michael phelps","500+","4 February 2026 at 02:20:00 UTC+5:30","4 February 2026 at 03:30:00 UTC+5:30","michael phelps","./explore?q=michael%20phelps&geo=FR"
"msb","200+","5 February 2026 at 02:10:00 UTC+5:30","5 February 2026 at 03:40:00 UTC+5:30","msb","./explore?q=msb&geo=FR"
"france 2 en direct","200+","6 February 2026 at 01:40:00 UTC+5:30","6 February 2026 at 02:50:00 UTC+5:30","france 2 en direct,france 2 live","./explore?q=france%202%20en%20direct&geo=FR"
"guy roux","1k+","4 February 2026 at 01:20:00 UTC+5:30","4 February 2026 at 02:30:00 UTC+5:30","guy roux","./explore?q=guy%20roux&geo=FR"
"pujadas","1k+","1 February 2026 at 03:40:00 UTC+5:30","1 February 2026 at 06:10:00 UTC+5:30","pujadas","./explore?q=pujadas&geo=FR"
"ousmane dieng","200+","5 February 2026 at 02:10:00 UTC+5:30","5 February 2026 at 03:40:00 UTC+5:30","ousmane dieng","./explore?q=ousmane%20dieng&geo=FR"
"élection","500+","3 February 2026 at 21:00:00 UTC+5:30","3 February 2026 at 22:30:00 UTC+5:30","élection,michel edouard leclerc","./explore?q=%C3%A9lection&geo=FR"
"alain barbe","200+","4 February 2026 at 15:20:00 UTC+5:30","4 February 2026 at 17:00:00 UTC+5:30","alain barbe","./explore?q=alain%20barbe&geo=FR"
"pogba","1k+","1 February 2026 at 02:00:00 UTC+5:30","1 February 2026 at 05:00:00 UTC+5:30","pogba","./explore?q=pogba&geo=FR"
"bourse","200+","5 February 2026 at 21:10:00 UTC+5:30","5 February 2026 at 22:00:00 UTC+5:30","bourse","./explore?q=bourse&geo=FR"
"suns – clippers","500+","2 February 2026 at 09:20:00 UTC+5:30","2 February 2026 at 13:20:00 UTC+5:30","suns – clippers","./explore?q=suns%20%E2%80%93%20clippers&geo=FR"
"ayo dosunmu","200+","5 February 2026 at 21:10:00 UTC+5:30","5 February 2026 at 22:20:00 UTC+5:30","ayo dosunmu","./explore?q=ayo%20dosunmu&geo=FR"
"ufc que choisir","200+","5 February 2026 at 00:50:00 UTC+5:30","5 February 2026 at 02:00:00 UTC+5:30","ufc que choisir","./explore?q=ufc%20que%20choisir&geo=FR"
"national bank of egypt sporting club – al ahly","500+","3 February 2026 at 23:50:00 UTC+5:30","4 February 2026 at 01:50:00 UTC+5:30","national bank of egypt sporting club – al ahly","./explore?q=national%20bank%20of%20egypt%20sporting%20club%20%E2%80%93%20al%20ahly&geo=FR"
"gil vicente – famalicão","500+","1 February 2026 at 20:50:00 UTC+5:30","2 February 2026 at 00:20:00 UTC+5:30","gil vicente – famalicão","./explore?q=gil%20vicente%20%E2%80%93%20famalic%C3%A3o&geo=FR"
"jared mccain","200+","5 February 2026 at 01:20:00 UTC+5:30","5 February 2026 at 02:40:00 UTC+5:30","jared mccain","./explore?q=jared%20mccain&geo=FR"
"nouvelle calédonie","200+","5 February 2026 at 01:10:00 UTC+5:30","5 February 2026 at 02:20:00 UTC+5:30","nouvelle calédonie","./explore?q=nouvelle%20cal%C3%A9donie&geo=FR"
"gironde","2k+","1 February 2026 at 17:30:00 UTC+5:30","2 February 2026 at 01:30:00 UTC+5:30","gironde,aquitaine,tornade,tornade en gironde aujourd hui","./explore?q=gironde&geo=FR"
"marché du soleil marseille","500+","3 February 2026 at 00:00:00 UTC+5:30","3 February 2026 at 02:00:00 UTC+5:30","marché du soleil marseille,marche du soleil","./explore?q=march%C3%A9%20du%20soleil%20marseille&geo=FR"
"desperate housewives","200+","5 February 2026 at 17:20:00 UTC+5:30","5 February 2026 at 18:20:00 UTC+5:30","desperate housewives","./explore?q=desperate%20housewives&geo=FR"
"demain nous appartient du 6 fevrier 2026","200+","6 February 2026 at 00:30:00 UTC+5:30","6 February 2026 at 01:30:00 UTC+5:30","demain nous appartient du 6 fevrier 2026","./explore?q=demain%20nous%20appartient%20du%206%20fevrier%202026&geo=FR"
"الريال ضد رايو فاليكانو","500+","1 February 2026 at 18:00:00 UTC+5:30","1 February 2026 at 21:20:00 UTC+5:30","الريال ضد رايو فاليكانو","./explore?q=%D8%A7%D9%84%D8%B1%D9%8A%D8%A7%D9%84%20%D8%B6%D8%AF%20%D8%B1%D8%A7%D9%8A%D9%88%20%D9%81%D8%A7%D9%84%D9%8A%D9%83%D8%A7%D9%86%D9%88&geo=FR"
"dz mafia","1k+","1 February 2026 at 18:40:00 UTC+5:30","1 February 2026 at 20:40:00 UTC+5:30","dz mafia","./explore?q=dz%20mafia&geo=FR"
"sebastien chenu","200+","5 February 2026 at 13:10:00 UTC+5:30","5 February 2026 at 14:20:00 UTC+5:30","sebastien chenu","./explore?q=sebastien%20chenu&geo=FR"
"stéphanie de monaco","1k+","2 February 2026 at 01:20:00 UTC+5:30","2 February 2026 at 02:40:00 UTC+5:30","stéphanie de monaco","./explore?q=st%C3%A9phanie%20de%20monaco&geo=FR"
"probleme chatgpt","500+","4 February 2026 at 02:20:00 UTC+5:30","4 February 2026 at 04:00:00 UTC+5:30","probleme chatgpt","./explore?q=probleme%20chatgpt&geo=FR"
"can feminine 2026","500+","2 February 2026 at 03:00:00 UTC+5:30","2 February 2026 at 06:00:00 UTC+5:30","can feminine 2026,can feminine","./explore?q=can%20feminine%202026&geo=FR"
"nouvelle ecosse","500+","3 February 2026 at 01:30:00 UTC+5:30","3 February 2026 at 03:30:00 UTC+5:30","nouvelle ecosse","./explore?q=nouvelle%20ecosse&geo=FR"
"rapid bucureşti - petrolul","100+","7 February 2026 at 00:30:00 UTC+5:30","7 February 2026 at 01:00:00 UTC+5:30","rapid bucureşti - petrolul","./explore?q=rapid%20bucure%C5%9Fti%20-%20petrolul&geo=FR"
"denzel washington","200+","5 February 2026 at 02:30:00 UTC+5:30","5 February 2026 at 05:00:00 UTC+5:30","denzel washington","./explore?q=denzel%20washington&geo=FR"
"juliette thomas brunet","200+","5 February 2026 at 04:10:00 UTC+5:30","5 February 2026 at 05:20:00 UTC+5:30","juliette thomas brunet","./explore?q=juliette%20thomas%20brunet&geo=FR"
"lisa buckwitz","200+","3 February 2026 at 21:50:00 UTC+5:30","4 February 2026 at 10:50:00 UTC+5:30","lisa buckwitz","./explore?q=lisa%20buckwitz&geo=FR"
"christophe de jaeger","500+","4 February 2026 at 00:50:00 UTC+5:30","4 February 2026 at 02:10:00 UTC+5:30","christophe de jaeger","./explore?q=christophe%20de%20jaeger&geo=FR"
"mission apollo","500+","4 February 2026 at 03:00:00 UTC+5:30","4 February 2026 at 04:10:00 UTC+5:30","mission apollo","./explore?q=mission%20apollo&geo=FR"
"feu vert","1k+","4 February 2026 at 17:40:00 UTC+5:30","4 February 2026 at 19:00:00 UTC+5:30","feu vert","./explore?q=feu%20vert&geo=FR"
"pacers – hawks","500+","1 February 2026 at 06:00:00 UTC+5:30","1 February 2026 at 14:30:00 UTC+5:30","pacers – hawks","./explore?q=pacers%20%E2%80%93%20hawks&geo=FR"
"australia vs netherlands","200+","5 February 2026 at 17:10:00 UTC+5:30","5 February 2026 at 18:10:00 UTC+5:30","australia vs netherlands","./explore?q=australia%20vs%20netherlands&geo=FR"
"real sociedad","1k+","2 February 2026 at 02:20:00 UTC+5:30","2 February 2026 at 04:40:00 UTC+5:30","real sociedad,athletic bilbao","./explore?q=real%20sociedad&geo=FR"
"credit mutuel","500+","5 February 2026 at 11:00:00 UTC+5:30","5 February 2026 at 12:10:00 UTC+5:30","credit mutuel","./explore?q=credit%20mutuel&geo=FR"
"camblanes et meynac","200+","6 February 2026 at 00:40:00 UTC+5:30","6 February 2026 at 01:50:00 UTC+5:30","camblanes et meynac","./explore?q=camblanes%20et%20meynac&geo=FR"
"starlink","500+","2 February 2026 at 10:40:00 UTC+5:30","2 February 2026 at 14:20:00 UTC+5:30","starlink","./explore?q=starlink&geo=FR"
"9now","500+","1 February 2026 at 14:30:00 UTC+5:30","1 February 2026 at 17:40:00 UTC+5:30","9now","./explore?q=9now&geo=FR"
"grand palais","1k+","1 February 2026 at 16:10:00 UTC+5:30","1 February 2026 at 21:00:00 UTC+5:30","grand palais","./explore?q=grand%20palais&geo=FR"
"rugby à 7","1k+","1 February 2026 at 17:30:00 UTC+5:30","2 February 2026 at 04:00:00 UTC+5:30","rugby à 7,france fidji rugby 7,rugby a 7","./explore?q=rugby%20%C3%A0%207&geo=FR"
"nouvelle ecosse","500+","2 February 2026 at 00:40:00 UTC+5:30","2 February 2026 at 03:50:00 UTC+5:30","nouvelle ecosse","./explore?q=nouvelle%20ecosse&geo=FR"
"benodet","500+","4 February 2026 at 01:10:00 UTC+5:30","4 February 2026 at 02:20:00 UTC+5:30","benodet","./explore?q=benodet&geo=FR"
"codex","500+","3 February 2026 at 14:00:00 UTC+5:30","3 February 2026 at 16:20:00 UTC+5:30","codex","./explore?q=codex&geo=FR"
"film emma","500+","4 February 2026 at 02:10:00 UTC+5:30","4 February 2026 at 03:50:00 UTC+5:30","film emma","./explore?q=film%20emma&geo=FR"
"coupe d'allemagne","200+","4 February 2026 at 03:00:00 UTC+5:30","4 February 2026 at 05:20:00 UTC+5:30","coupe d'allemagne","./explore?q=coupe%20d%27allemagne&geo=FR"
"angelina jolie","500+","3 February 2026 at 04:20:00 UTC+5:30","3 February 2026 at 06:20:00 UTC+5:30","angelina jolie","./explore?q=angelina%20jolie&geo=FR"
"patrick boucheron","1k+","1 February 2026 at 12:50:00 UTC+5:30","1 February 2026 at 14:30:00 UTC+5:30","patrick boucheron,peste noire boucheron","./explore?q=patrick%20boucheron&geo=FR"
"orange tv","1k+","4 February 2026 at 01:40:00 UTC+5:30","4 February 2026 at 02:50:00 UTC+5:30","orange tv,tv orange","./explore?q=orange%20tv&geo=FR"
"calot","500+","1 February 2026 at 12:20:00 UTC+5:30","1 February 2026 at 15:50:00 UTC+5:30","calot","./explore?q=calot&geo=FR"
"pogba","500+","6 February 2026 at 03:10:00 UTC+5:30","6 February 2026 at 03:40:00 UTC+5:30","pogba,paul pogba","./explore?q=pogba&geo=FR"
"les landes","1k+","1 February 2026 at 01:40:00 UTC+5:30","1 February 2026 at 04:00:00 UTC+5:30","les landes","./explore?q=les%20landes&geo=FR"
"jean widmer","200+","5 February 2026 at 01:20:00 UTC+5:30","5 February 2026 at 02:30:00 UTC+5:30","jean widmer","./explore?q=jean%20widmer&geo=FR"
"sardaigne","1k+","1 February 2026 at 01:30:00 UTC+5:30","1 February 2026 at 04:00:00 UTC+5:30","sardaigne","./explore?q=sardaigne&geo=FR"
"dave bautista","1k+","1 February 2026 at 01:40:00 UTC+5:30","1 February 2026 at 04:20:00 UTC+5:30","dave bautista","./explore?q=dave%20bautista&geo=FR"
"philippe de villiers","1k+","2 February 2026 at 00:40:00 UTC+5:30","2 February 2026 at 02:20:00 UTC+5:30","philippe de villiers","./explore?q=philippe%20de%20villiers&geo=FR"
"porzingis","200+","5 February 2026 at 12:10:00 UTC+5:30","5 February 2026 at 13:30:00 UTC+5:30","porzingis","./explore?q=porzingis&geo=FR"
"france 2 replay","500+","6 February 2026 at 02:00:00 UTC+5:30","6 February 2026 at 05:40:00 UTC+5:30","france 2 replay","./explore?q=france%202%20replay&geo=FR"
"roman reigns","1k+","1 February 2026 at 04:10:00 UTC+5:30","1 February 2026 at 06:50:00 UTC+5:30","roman reigns,rhea ripley","./explore?q=roman%20reigns&geo=FR"
"florence foresti","1k+","1 February 2026 at 02:20:00 UTC+5:30","1 February 2026 at 04:20:00 UTC+5:30","florence foresti","./explore?q=florence%20foresti&geo=FR"
"lola young","500+","3 February 2026 at 01:30:00 UTC+5:30","3 February 2026 at 04:40:00 UTC+5:30","lola young","./explore?q=lola%20young&geo=FR"
"aurore bergé","500+","3 February 2026 at 12:50:00 UTC+5:30","3 February 2026 at 14:10:00 UTC+5:30","aurore bergé","./explore?q=aurore%20berg%C3%A9&geo=FR"
"tom hanks","200+","5 February 2026 at 00:40:00 UTC+5:30","5 February 2026 at 01:50:00 UTC+5:30","tom hanks","./explore?q=tom%20hanks&geo=FR"
"lego ideas 21376","500+","3 February 2026 at 03:40:00 UTC+5:30","3 February 2026 at 05:20:00 UTC+5:30","lego ideas 21376","./explore?q=lego%20ideas%2021376&geo=FR"
"andré vallini","200+","6 February 2026 at 14:10:00 UTC+5:30","6 February 2026 at 14:50:00 UTC+5:30","andré vallini","./explore?q=andr%C3%A9%20vallini&geo=FR"
"jude bellingham","1k+","1 February 2026 at 18:50:00 UTC+5:30","1 February 2026 at 20:40:00 UTC+5:30","jude bellingham,bellingham","./explore?q=jude%20bellingham&geo=FR"
"jd vance","1k+","1 February 2026 at 22:20:00 UTC+5:30","1 February 2026 at 23:50:00 UTC+5:30","jd vance","./explore?q=jd%20vance&geo=FR"
"benjamin pavard","500+","4 February 2026 at 03:20:00 UTC+5:30","4 February 2026 at 04:30:00 UTC+5:30","benjamin pavard,pavard","./explore?q=benjamin%20pavard&geo=FR"
"stephanie le quellec","1k+","1 February 2026 at 19:30:00 UTC+5:30","1 February 2026 at 21:00:00 UTC+5:30","stephanie le quellec,stéphanie le quellec","./explore?q=stephanie%20le%20quellec&geo=FR"
"gareth bale","500+","2 February 2026 at 16:10:00 UTC+5:30","2 February 2026 at 18:40:00 UTC+5:30","gareth bale","./explore?q=gareth%20bale&geo=FR"
"universitatea craiova - oțelul","200+","5 February 2026 at 21:50:00 UTC+5:30","5 February 2026 at 22:50:00 UTC+5:30","universitatea craiova - oțelul","./explore?q=universitatea%20craiova%20-%20o%C8%9Belul&geo=FR"
"mathis eboue","200+","5 February 2026 at 19:10:00 UTC+5:30","6 February 2026 at 05:50:00 UTC+5:30","mathis eboue","./explore?q=mathis%20eboue&geo=FR"
"tout le monde veut prendre sa place","200+","5 February 2026 at 17:20:00 UTC+5:30","5 February 2026 at 18:30:00 UTC+5:30","tout le monde veut prendre sa place","./explore?q=tout%20le%20monde%20veut%20prendre%20sa%20place&geo=FR"
"louis sarkozy","1k+","1 February 2026 at 00:50:00 UTC+5:30","1 February 2026 at 02:00:00 UTC+5:30","louis sarkozy,menton","./explore?q=louis%20sarkozy&geo=FR"
"euro dreams","500+","3 February 2026 at 12:40:00 UTC+5:30","3 February 2026 at 14:20:00 UTC+5:30","euro dreams,eurodreams 2 fevrier 2026","./explore?q=euro%20dreams&geo=FR"
"auch","200+","4 February 2026 at 18:10:00 UTC+5:30","4 February 2026 at 19:20:00 UTC+5:30","auch","./explore?q=auch&geo=FR"
"apicil","200+","6 February 2026 at 02:50:00 UTC+5:30","6 February 2026 at 03:40:00 UTC+5:30","apicil","./explore?q=apicil&geo=FR"
"najat vallaud-belkacem","200+","4 February 2026 at 12:50:00 UTC+5:30","4 February 2026 at 14:00:00 UTC+5:30","najat vallaud-belkacem","./explore?q=najat%20vallaud-belkacem&geo=FR"
"stuttgart fc","200+","5 February 2026 at 02:50:00 UTC+5:30","5 February 2026 at 04:20:00 UTC+5:30","stuttgart fc","./explore?q=stuttgart%20fc&geo=FR"
"kick","1k+","1 February 2026 at 02:30:00 UTC+5:30","1 February 2026 at 05:10:00 UTC+5:30","kick","./explore?q=kick&geo=FR"
"bardella","500+","4 February 2026 at 00:30:00 UTC+5:30","4 February 2026 at 02:10:00 UTC+5:30","bardella","./explore?q=bardella&geo=FR"
"jimera de libar","200+","5 February 2026 at 00:40:00 UTC+5:30","5 February 2026 at 01:50:00 UTC+5:30","jimera de libar","./explore?q=jimera%20de%20libar&geo=FR"
"guerschon yabusele","200+","5 February 2026 at 17:30:00 UTC+5:30","5 February 2026 at 18:40:00 UTC+5:30","guerschon yabusele","./explore?q=guerschon%20yabusele&geo=FR"
"doué","500+","2 February 2026 at 01:40:00 UTC+5:30","2 February 2026 at 03:40:00 UTC+5:30","doué,doue","./explore?q=dou%C3%A9&geo=FR"
"ile d'aix","200+","5 February 2026 at 18:10:00 UTC+5:30","5 February 2026 at 19:10:00 UTC+5:30","ile d'aix","./explore?q=ile%20d%27aix&geo=FR"
"morton","500+","1 February 2026 at 19:10:00 UTC+5:30","1 February 2026 at 21:30:00 UTC+5:30","morton","./explore?q=morton&geo=FR"
"steve bannon","200+","4 February 2026 at 23:00:00 UTC+5:30","5 February 2026 at 06:00:00 UTC+5:30","steve bannon","./explore?q=steve%20bannon&geo=FR"
"sophie marceau age","200+","5 February 2026 at 14:00:00 UTC+5:30","5 February 2026 at 14:50:00 UTC+5:30","sophie marceau age","./explore?q=sophie%20marceau%20age&geo=FR"
"gamepass","500+","3 February 2026 at 22:00:00 UTC+5:30","3 February 2026 at 23:30:00 UTC+5:30","gamepass","./explore?q=gamepass&geo=FR"
"giannis antetokounmpo","200+","5 February 2026 at 12:30:00 UTC+5:30","5 February 2026 at 13:50:00 UTC+5:30","giannis antetokounmpo","./explore?q=giannis%20antetokounmpo&geo=FR"
"bernard cazeneuve","1k+","1 February 2026 at 23:50:00 UTC+5:30","2 February 2026 at 01:20:00 UTC+5:30","bernard cazeneuve,cazeneuve","./explore?q=bernard%20cazeneuve&geo=FR"
"standard – anderlecht","500+","1 February 2026 at 17:40:00 UTC+5:30","1 February 2026 at 20:30:00 UTC+5:30","standard – anderlecht","./explore?q=standard%20%E2%80%93%20anderlecht&geo=FR"
"compte cpf","2k+","1 February 2026 at 00:50:00 UTC+5:30","1 February 2026 at 02:00:00 UTC+5:30","compte cpf,cpf permis,cpf permis de conduire","./explore?q=compte%20cpf&geo=FR"
"diego bunuel","500+","3 February 2026 at 02:10:00 UTC+5:30","3 February 2026 at 03:40:00 UTC+5:30","diego bunuel","./explore?q=diego%20bunuel&geo=FR"
"sean penn","500+","3 February 2026 at 02:10:00 UTC+5:30","3 February 2026 at 03:20:00 UTC+5:30","sean penn","./explore?q=sean%20penn&geo=FR"
"rs","1k+","3 February 2026 at 20:20:00 UTC+5:30","3 February 2026 at 21:40:00 UTC+5:30","rs","./explore?q=rs&geo=FR"
"fcsb - csikszereda","500+","1 February 2026 at 23:10:00 UTC+5:30","2 February 2026 at 01:30:00 UTC+5:30","fcsb - csikszereda","./explore?q=fcsb%20-%20csikszereda&geo=FR"
"instagram","500+","5 February 2026 at 07:10:00 UTC+5:30","5 February 2026 at 08:20:00 UTC+5:30","instagram","./explore?q=instagram&geo=FR"
"eric zemmour","200+","5 February 2026 at 01:40:00 UTC+5:30","5 February 2026 at 02:40:00 UTC+5:30","eric zemmour","./explore?q=eric%20zemmour&geo=FR"
"speedway","200+","4 February 2026 at 15:50:00 UTC+5:30","4 February 2026 at 17:00:00 UTC+5:30","speedway","./explore?q=speedway&geo=FR"
"reese witherspoon","500+","2 February 2026 at 02:00:00 UTC+5:30","2 February 2026 at 04:30:00 UTC+5:30","reese witherspoon","./explore?q=reese%20witherspoon&geo=FR"
"jennifer aniston","200+","4 February 2026 at 04:20:00 UTC+5:30","4 February 2026 at 06:00:00 UTC+5:30","jennifer aniston","./explore?q=jennifer%20aniston&geo=FR"
"charlotte","500+","2 February 2026 at 01:10:00 UTC+5:30","2 February 2026 at 02:40:00 UTC+5:30","charlotte","./explore?q=charlotte&geo=FR"
"ac black flag remake","500+","2 February 2026 at 11:50:00 UTC+5:30","2 February 2026 at 13:40:00 UTC+5:30","ac black flag remake","./explore?q=ac%20black%20flag%20remake&geo=FR"
"peter thiel","500+","3 February 2026 at 23:50:00 UTC+5:30","4 February 2026 at 00:50:00 UTC+5:30","peter thiel","./explore?q=peter%20thiel&geo=FR"
"lowey","1k+","1 February 2026 at 04:50:00 UTC+5:30","1 February 2026 at 06:10:00 UTC+5:30","lowey,lowey dernière soirée,leo star academy","./explore?q=lowey&geo=FR"
"série harry potter hbo","500+","2 February 2026 at 13:40:00 UTC+5:30","2 February 2026 at 15:20:00 UTC+5:30","série harry potter hbo,hbo","./explore?q=s%C3%A9rie%20harry%20potter%20hbo&geo=FR"
"claudie haigneré","1k+","1 February 2026 at 18:00:00 UTC+5:30","1 February 2026 at 19:20:00 UTC+5:30","claudie haigneré","./explore?q=claudie%20haigner%C3%A9&geo=FR"
"arkema","500+","2 February 2026 at 00:20:00 UTC+5:30","2 February 2026 at 01:50:00 UTC+5:30","arkema","./explore?q=arkema&geo=FR"
"connemara","500+","4 February 2026 at 02:00:00 UTC+5:30","4 February 2026 at 03:00:00 UTC+5:30","connemara","./explore?q=connemara&geo=FR"
"ansu fati","500+","1 February 2026 at 02:20:00 UTC+5:30","1 February 2026 at 04:50:00 UTC+5:30","ansu fati","./explore?q=ansu%20fati&geo=FR"
"refus d'obtempérer","500+","2 February 2026 at 23:30:00 UTC+5:30","3 February 2026 at 01:50:00 UTC+5:30","refus d'obtempérer,refus d'obtempérer nantes","./explore?q=refus%20d%27obtemp%C3%A9rer&geo=FR"
"tatouage alcaraz","500+","1 February 2026 at 15:50:00 UTC+5:30","1 February 2026 at 18:30:00 UTC+5:30","tatouage alcaraz","./explore?q=tatouage%20alcaraz&geo=FR"
"dz","500+","1 February 2026 at 18:00:00 UTC+5:30","1 February 2026 at 20:30:00 UTC+5:30","dz","./explore?q=dz&geo=FR"
"denise richards","500+","1 February 2026 at 01:40:00 UTC+5:30","1 February 2026 at 04:20:00 UTC+5:30","denise richards","./explore?q=denise%20richards&geo=FR"
"nadal age","500+","1 February 2026 at 16:20:00 UTC+5:30","1 February 2026 at 18:40:00 UTC+5:30","nadal age","./explore?q=nadal%20age&geo=FR"
"angel gomes","500+","3 February 2026 at 03:10:00 UTC+5:30","3 February 2026 at 05:20:00 UTC+5:30","angel gomes","./explore?q=angel%20gomes&geo=FR"
"camille cerf","500+","4 February 2026 at 01:30:00 UTC+5:30","4 February 2026 at 02:30:00 UTC+5:30","camille cerf","./explore?q=camille%20cerf&geo=FR"
"lewis hamilton","1k+","1 February 2026 at 02:20:00 UTC+5:30","1 February 2026 at 04:50:00 UTC+5:30","lewis hamilton,f1","./explore?q=lewis%20hamilton&geo=FR"
"oba femi","500+","1 February 2026 at 03:20:00 UTC+5:30","1 February 2026 at 05:10:00 UTC+5:30","oba femi","./explore?q=oba%20femi&geo=FR"
"heat – bulls","200+","1 February 2026 at 09:10:00 UTC+5:30","1 February 2026 at 14:40:00 UTC+5:30","heat – bulls","./explore?q=heat%20%E2%80%93%20bulls&geo=FR"
"cate blanchett","500+","2 February 2026 at 02:00:00 UTC+5:30","2 February 2026 at 03:40:00 UTC+5:30","cate blanchett","./explore?q=cate%20blanchett&geo=FR"
"cher","200+","5 February 2026 at 03:00:00 UTC+5:30","5 February 2026 at 04:10:00 UTC+5:30","cher","./explore?q=cher&geo=FR"
"pak vs aus","500+","1 February 2026 at 16:30:00 UTC+5:30","1 February 2026 at 18:30:00 UTC+5:30","pak vs aus,pakistan national cricket team vs australian men’s cricket team match scorecard","./explore?q=pak%20vs%20aus&geo=FR"
"test","500+","4 February 2026 at 02:30:00 UTC+5:30","4 February 2026 at 03:40:00 UTC+5:30","test","./explore?q=test&geo=FR"
"yemen","500+","3 February 2026 at 01:10:00 UTC+5:30","3 February 2026 at 02:20:00 UTC+5:30","yemen","./explore?q=yemen&geo=FR"
"bryan johnson","200+","4 February 2026 at 02:20:00 UTC+5:30","4 February 2026 at 03:50:00 UTC+5:30","bryan johnson","./explore?q=bryan%20johnson&geo=FR"
"dans les yeux d'olivier","200+","5 February 2026 at 04:40:00 UTC+5:30","5 February 2026 at 06:00:00 UTC+5:30","dans les yeux d'olivier","./explore?q=dans%20les%20yeux%20d%27olivier&geo=FR"
"evian les bains","200+","5 February 2026 at 03:30:00 UTC+5:30","5 February 2026 at 04:40:00 UTC+5:30","evian les bains","./explore?q=evian%20les%20bains&geo=FR"
"le virus","200+","4 February 2026 at 03:10:00 UTC+5:30","4 February 2026 at 04:20:00 UTC+5:30","le virus","./explore?q=le%20virus&geo=FR"
"rémy heitz","200+","5 February 2026 at 13:20:00 UTC+5:30","5 February 2026 at 14:10:00 UTC+5:30","rémy heitz","./explore?q=r%C3%A9my%20heitz&geo=FR"
"france television","500+","4 February 2026 at 01:40:00 UTC+5:30","4 February 2026 at 03:00:00 UTC+5:30","france television","./explore?q=france%20television&geo=FR"
"marcel gauchet","500+","2 February 2026 at 12:40:00 UTC+5:30","2 February 2026 at 14:10:00 UTC+5:30","marcel gauchet","./explore?q=marcel%20gauchet&geo=FR"
"inondation maroc","500+","4 February 2026 at 00:50:00 UTC+5:30","4 February 2026 at 01:50:00 UTC+5:30","inondation maroc,ksar el kebir,tanger","./explore?q=inondation%20maroc&geo=FR"
"vincent elbaz","500+","3 February 2026 at 22:30:00 UTC+5:30","3 February 2026 at 23:30:00 UTC+5:30","vincent elbaz","./explore?q=vincent%20elbaz&geo=FR"
"tournoi des 6 nations 2026","1k+","2 February 2026 at 01:20:00 UTC+5:30","2 February 2026 at 02:40:00 UTC+5:30","tournoi des 6 nations 2026","./explore?q=tournoi%20des%206%20nations%202026&geo=FR"
"crepe suzette","500+","2 February 2026 at 17:30:00 UTC+5:30","3 February 2026 at 02:10:00 UTC+5:30","crepe suzette","./explore?q=crepe%20suzette&geo=FR"
"jaminet","200+","6 February 2026 at 02:30:00 UTC+5:30","6 February 2026 at 03:10:00 UTC+5:30","jaminet","./explore?q=jaminet&geo=FR"
"enrico mattei","200+","4 February 2026 at 01:40:00 UTC+5:30","4 February 2026 at 03:00:00 UTC+5:30","enrico mattei","./explore?q=enrico%20mattei&geo=FR"
"fluminense","100+","6 February 2026 at 05:30:00 UTC+5:30","6 February 2026 at 06:40:00 UTC+5:30","fluminense","./explore?q=fluminense&geo=FR"
"novo19","500+","1 February 2026 at 19:00:00 UTC+5:30","1 February 2026 at 21:20:00 UTC+5:30","novo19","./explore?q=novo19&geo=FR"
"magnus brunner","500+","1 February 2026 at 22:10:00 UTC+5:30","2 February 2026 at 01:30:00 UTC+5:30","magnus brunner","./explore?q=magnus%20brunner&geo=FR"
"al-okhdood football club – neom sports club","200+","2 February 2026 at 22:40:00 UTC+5:30","3 February 2026 at 00:30:00 UTC+5:30","al-okhdood football club – neom sports club","./explore?q=al-okhdood%20football%20club%20%E2%80%93%20neom%20sports%20club&geo=FR"
"comment savoir si on est inscrit sur les listes électorales","200+","6 February 2026 at 01:20:00 UTC+5:30","6 February 2026 at 02:00:00 UTC+5:30","comment savoir si on est inscrit sur les listes électorales","./explore?q=comment%20savoir%20si%20on%20est%20inscrit%20sur%20les%20listes%20%C3%A9lectorales&geo=FR"
"angers sco","1k+","1 February 2026 at 22:40:00 UTC+5:30","2 February 2026 at 01:00:00 UTC+5:30","angers sco","./explore?q=angers%20sco&geo=FR"
"scooter braun","200+","3 February 2026 at 20:40:00 UTC+5:30","3 February 2026 at 22:10:00 UTC+5:30","scooter braun","./explore?q=scooter%20braun&geo=FR"
"bayern munich","1k+","1 February 2026 at 01:00:00 UTC+5:30","1 February 2026 at 02:00:00 UTC+5:30","bayern munich","./explore?q=bayern%20munich&geo=FR"
"samuel paty","500+","2 February 2026 at 13:10:00 UTC+5:30","3 February 2026 at 01:50:00 UTC+5:30","samuel paty","./explore?q=samuel%20paty&geo=FR"
"marceau","200+","5 February 2026 at 14:00:00 UTC+5:30","5 February 2026 at 14:50:00 UTC+5:30","marceau","./explore?q=marceau&geo=FR"
"singapour","200+","4 February 2026 at 16:50:00 UTC+5:30","4 February 2026 at 18:00:00 UTC+5:30","singapour","./explore?q=singapour&geo=FR"
"lamine yamal","500+","1 February 2026 at 02:10:00 UTC+5:30","1 February 2026 at 04:30:00 UTC+5:30","lamine yamal","./explore?q=lamine%20yamal&geo=FR"
"kovacevic","200+","4 February 2026 at 20:00:00 UTC+5:30","4 February 2026 at 21:10:00 UTC+5:30","kovacevic","./explore?q=kovacevic&geo=FR"
"arradon","200+","3 February 2026 at 23:20:00 UTC+5:30","4 February 2026 at 00:30:00 UTC+5:30","arradon","./explore?q=arradon&geo=FR"
"fcl","500+","1 February 2026 at 00:10:00 UTC+5:30","1 February 2026 at 02:30:00 UTC+5:30","fcl","./explore?q=fcl&geo=FR"
"sabrina carpenter","200+","3 February 2026 at 01:30:00 UTC+5:30","3 February 2026 at 07:10:00 UTC+5:30","sabrina carpenter","./explore?q=sabrina%20carpenter&geo=FR"
"rouen grenoble hockey","500+","1 February 2026 at 21:10:00 UTC+5:30","1 February 2026 at 23:00:00 UTC+5:30","rouen grenoble hockey,finale hockey rouen grenoble,finale coupe de france hockey 2026","./explore?q=rouen%20grenoble%20hockey&geo=FR"
"championnat du portugal","200+","3 February 2026 at 03:30:00 UTC+5:30","3 February 2026 at 05:40:00 UTC+5:30","championnat du portugal","./explore?q=championnat%20du%20portugal&geo=FR"
"medef","500+","2 February 2026 at 17:50:00 UTC+5:30","3 February 2026 at 01:50:00 UTC+5:30","medef","./explore?q=medef&geo=FR"
"ferrari","200+","4 February 2026 at 01:50:00 UTC+5:30","4 February 2026 at 03:00:00 UTC+5:30","ferrari","./explore?q=ferrari&geo=FR"
"hartz","200+","5 February 2026 at 02:10:00 UTC+5:30","5 February 2026 at 03:10:00 UTC+5:30","hartz","./explore?q=hartz&geo=FR"
"line renaud","1k+","2 February 2026 at 17:50:00 UTC+5:30","2 February 2026 at 18:40:00 UTC+5:30","line renaud","./explore?q=line%20renaud&geo=FR"
"bernard arnault","200+","5 February 2026 at 00:20:00 UTC+5:30","5 February 2026 at 01:00:00 UTC+5:30","bernard arnault","./explore?q=bernard%20arnault&geo=FR"
"bernard montiel","500+","1 February 2026 at 20:40:00 UTC+5:30","1 February 2026 at 22:30:00 UTC+5:30","bernard montiel","./explore?q=bernard%20montiel&geo=FR"
"neve","200+","3 February 2026 at 23:00:00 UTC+5:30","4 February 2026 at 00:10:00 UTC+5:30","neve","./explore?q=neve&geo=FR"
"guihome","500+","3 February 2026 at 01:40:00 UTC+5:30","3 February 2026 at 02:50:00 UTC+5:30","guihome","./explore?q=guihome&geo=FR"
"royce keys","1k+","1 February 2026 at 03:50:00 UTC+5:30","1 February 2026 at 05:00:00 UTC+5:30","royce keys,powerhouse hobbs","./explore?q=royce%20keys&geo=FR"
"yanis massolin","200+","3 February 2026 at 01:20:00 UTC+5:30","3 February 2026 at 06:50:00 UTC+5:30","yanis massolin","./explore?q=yanis%20massolin&geo=FR"
"nhl","200+","5 February 2026 at 06:10:00 UTC+5:30","5 February 2026 at 11:00:00 UTC+5:30","nhl","./explore?q=nhl&geo=FR"
"ugo blanchet","200+","4 February 2026 at 02:30:00 UTC+5:30","4 February 2026 at 04:00:00 UTC+5:30","ugo blanchet","./explore?q=ugo%20blanchet&geo=FR"
"isabelle mergault","500+","1 February 2026 at 02:30:00 UTC+5:30","1 February 2026 at 04:20:00 UTC+5:30","isabelle mergault","./explore?q=isabelle%20mergault&geo=FR"
"al-riyadh vs al-nassr","200+","2 February 2026 at 21:50:00 UTC+5:30","2 February 2026 at 23:50:00 UTC+5:30","al-riyadh vs al-nassr","./explore?q=al-riyadh%20vs%20al-nassr&geo=FR"
"institut montaigne","200+","5 February 2026 at 04:10:00 UTC+5:30","5 February 2026 at 05:20:00 UTC+5:30","institut montaigne","./explore?q=institut%20montaigne&geo=FR"
"malinin","500+","2 February 2026 at 00:50:00 UTC+5:30","2 February 2026 at 02:00:00 UTC+5:30","malinin,ilia malinin","./explore?q=malinin&geo=FR"
"alcacer do sal portugal","200+","6 February 2026 at 01:10:00 UTC+5:30","6 February 2026 at 01:40:00 UTC+5:30","alcacer do sal portugal,alcacer do sal","./explore?q=alcacer%20do%20sal%20portugal&geo=FR"
"valentine sled","500+","1 February 2026 at 01:10:00 UTC+5:30","1 February 2026 at 02:40:00 UTC+5:30","valentine sled","./explore?q=valentine%20sled&geo=FR"
"chris pratt","200+","2 February 2026 at 03:50:00 UTC+5:30","2 February 2026 at 06:20:00 UTC+5:30","chris pratt","./explore?q=chris%20pratt&geo=FR"
"chèque énergie","500+","3 February 2026 at 14:00:00 UTC+5:30","3 February 2026 at 15:00:00 UTC+5:30","chèque énergie","./explore?q=ch%C3%A8que%20%C3%A9nergie&geo=FR"
"france identité","200+","5 February 2026 at 00:40:00 UTC+5:30","5 February 2026 at 01:40:00 UTC+5:30","france identité","./explore?q=france%20identit%C3%A9&geo=FR"
"tom cruise","500+","4 February 2026 at 02:10:00 UTC+5:30","4 February 2026 at 03:00:00 UTC+5:30","tom cruise","./explore?q=tom%20cruise&geo=FR"
"serge papin","100+","5 February 2026 at 12:10:00 UTC+5:30","5 February 2026 at 13:20:00 UTC+5:30","serge papin","./explore?q=serge%20papin&geo=FR"
"eva herzigova","500+","2 February 2026 at 23:50:00 UTC+5:30","3 February 2026 at 00:50:00 UTC+5:30","eva herzigova","./explore?q=eva%20herzigova&geo=FR"
"jane birkin","500+","2 February 2026 at 00:10:00 UTC+5:30","2 February 2026 at 01:20:00 UTC+5:30","jane birkin","./explore?q=jane%20birkin&geo=FR"
"olivier colom","200+","4 February 2026 at 12:30:00 UTC+5:30","4 February 2026 at 13:40:00 UTC+5:30","olivier colom","./explore?q=olivier%20colom&geo=FR"
"tour triangle paris","500+","3 February 2026 at 00:50:00 UTC+5:30","3 February 2026 at 02:00:00 UTC+5:30","tour triangle paris","./explore?q=tour%20triangle%20paris&geo=FR"
"trashtalk","200+","5 February 2026 at 23:40:00 UTC+5:30","6 February 2026 at 00:40:00 UTC+5:30","trashtalk","./explore?q=trashtalk&geo=FR"
"jeff bezos","500+","3 February 2026 at 23:50:00 UTC+5:30","4 February 2026 at 00:50:00 UTC+5:30","jeff bezos,papers","./explore?q=jeff%20bezos&geo=FR"
"pegasus","100+","5 February 2026 at 05:30:00 UTC+5:30","5 February 2026 at 07:10:00 UTC+5:30","pegasus","./explore?q=pegasus&geo=FR"
"la redoute","2k+","1 February 2026 at 21:50:00 UTC+5:30","1 February 2026 at 22:30:00 UTC+5:30","la redoute","./explore?q=la%20redoute&geo=FR"
"pacers – jazz","200+","4 February 2026 at 11:40:00 UTC+5:30","4 February 2026 at 13:10:00 UTC+5:30","pacers – jazz","./explore?q=pacers%20%E2%80%93%20jazz&geo=FR"
"jaren jackson jr","200+","4 February 2026 at 00:50:00 UTC+5:30","4 February 2026 at 02:00:00 UTC+5:30","jaren jackson jr","./explore?q=jaren%20jackson%20jr&geo=FR"
"ranked bo7","200+","5 February 2026 at 23:30:00 UTC+5:30","6 February 2026 at 00:10:00 UTC+5:30","ranked bo7","./explore?q=ranked%20bo7&geo=FR"
"thibault anselmet","200+","4 February 2026 at 01:10:00 UTC+5:30","4 February 2026 at 02:20:00 UTC+5:30","thibault anselmet","./explore?q=thibault%20anselmet&geo=FR"
"recette de crepes","200+","2 February 2026 at 22:30:00 UTC+5:30","3 February 2026 at 00:10:00 UTC+5:30","recette de crepes","./explore?q=recette%20de%20crepes&geo=FR"
"anna gavalda","200+","3 February 2026 at 02:30:00 UTC+5:30","3 February 2026 at 05:20:00 UTC+5:30","anna gavalda","./explore?q=anna%20gavalda&geo=FR"
"didier migaud","200+","4 February 2026 at 17:30:00 UTC+5:30","4 February 2026 at 18:30:00 UTC+5:30","didier migaud","./explore?q=didier%20migaud&geo=FR"
"jacques chirac","500+","1 February 2026 at 20:00:00 UTC+5:30","1 February 2026 at 21:30:00 UTC+5:30","jacques chirac","./explore?q=jacques%20chirac&geo=FR"
"grazalema","100+","6 February 2026 at 00:30:00 UTC+5:30","6 February 2026 at 01:40:00 UTC+5:30","grazalema","./explore?q=grazalema&geo=FR"
"jets – canadiens","100+","5 February 2026 at 11:50:00 UTC+5:30","5 February 2026 at 13:00:00 UTC+5:30","jets – canadiens","./explore?q=jets%20%E2%80%93%20canadiens&geo=FR"
"batista","500+","1 February 2026 at 01:40:00 UTC+5:30","1 February 2026 at 05:40:00 UTC+5:30","batista","./explore?q=batista&geo=FR"
"finale handball 2026","1k+","1 February 2026 at 17:10:00 UTC+5:30","1 February 2026 at 18:20:00 UTC+5:30","finale handball 2026,finale de handball,finale handball","./explore?q=finale%20handball%202026&geo=FR"
"ludovic blas","200+","4 February 2026 at 03:00:00 UTC+5:30","4 February 2026 at 04:00:00 UTC+5:30","ludovic blas","./explore?q=ludovic%20blas&geo=FR"
"liste electorale","200+","2 February 2026 at 17:30:00 UTC+5:30","3 February 2026 at 01:40:00 UTC+5:30","liste electorale","./explore?q=liste%20electorale&geo=FR"
"capgemini","2k+","2 February 2026 at 00:50:00 UTC+5:30","2 February 2026 at 01:20:00 UTC+5:30","capgemini,cap gemini","./explore?q=capgemini&geo=FR"
"wizards – kings","200+","2 February 2026 at 07:00:00 UTC+5:30","2 February 2026 at 13:00:00 UTC+5:30","wizards – kings","./explore?q=wizards%20%E2%80%93%20kings&geo=FR"
"saint nazaire","200+","3 February 2026 at 00:20:00 UTC+5:30","3 February 2026 at 01:30:00 UTC+5:30","saint nazaire","./explore?q=saint%20nazaire&geo=FR"
"budget","200+","3 February 2026 at 00:40:00 UTC+5:30","3 February 2026 at 11:00:00 UTC+5:30","budget","./explore?q=budget&geo=FR"
"ice watcher","500+","1 February 2026 at 23:10:00 UTC+5:30","2 February 2026 at 00:20:00 UTC+5:30","ice watcher","./explore?q=ice%20watcher&geo=FR"
"balibaris","200+","5 February 2026 at 00:50:00 UTC+5:30","5 February 2026 at 01:40:00 UTC+5:30","balibaris","./explore?q=balibaris&geo=FR"
"alaves real sociedad","200+","5 February 2026 at 03:20:00 UTC+5:30","5 February 2026 at 04:20:00 UTC+5:30","alaves real sociedad","./explore?q=alaves%20real%20sociedad&geo=FR"
"muriel robin","200+","3 February 2026 at 12:10:00 UTC+5:30","3 February 2026 at 13:10:00 UTC+5:30","muriel robin","./explore?q=muriel%20robin&geo=FR"
"hassani","200+","5 February 2026 at 23:50:00 UTC+5:30","6 February 2026 at 00:20:00 UTC+5:30","hassani","./explore?q=hassani&geo=FR"
"iron lung","200+","3 February 2026 at 04:00:00 UTC+5:30","3 February 2026 at 06:10:00 UTC+5:30","iron lung","./explore?q=iron%20lung&geo=FR"
"hull city – watford","200+","4 February 2026 at 01:20:00 UTC+5:30","4 February 2026 at 04:00:00 UTC+5:30","hull city – watford","./explore?q=hull%20city%20%E2%80%93%20watford&geo=FR"
"torrez finney","500+","1 February 2026 at 06:20:00 UTC+5:30","1 February 2026 at 07:50:00 UTC+5:30","torrez finney,jacob malkoun","./explore?q=torrez%20finney&geo=FR"
"trail blazers – cavaliers","200+","2 February 2026 at 11:30:00 UTC+5:30","2 February 2026 at 13:30:00 UTC+5:30","trail blazers – cavaliers","./explore?q=trail%20blazers%20%E2%80%93%20cavaliers&geo=FR"
"arnaud tsamere","200+","3 February 2026 at 23:00:00 UTC+5:30","4 February 2026 at 00:00:00 UTC+5:30","arnaud tsamere","./explore?q=arnaud%20tsamere&geo=FR"
"caen","500+","1 February 2026 at 01:10:00 UTC+5:30","1 February 2026 at 02:20:00 UTC+5:30","caen","./explore?q=caen&geo=FR"
"burundi","200+","3 February 2026 at 02:30:00 UTC+5:30","3 February 2026 at 03:40:00 UTC+5:30","burundi","./explore?q=burundi&geo=FR"
"jean gabin","500+","2 February 2026 at 01:20:00 UTC+5:30","2 February 2026 at 02:30:00 UTC+5:30","jean gabin","./explore?q=jean%20gabin&geo=FR"
"jsk","500+","1 February 2026 at 02:20:00 UTC+5:30","1 February 2026 at 03:40:00 UTC+5:30","jsk","./explore?q=jsk&geo=FR"
"lookman","500+","1 February 2026 at 15:10:00 UTC+5:30","1 February 2026 at 19:20:00 UTC+5:30","lookman","./explore?q=lookman&geo=FR"
"lady diana","500+","2 February 2026 at 00:40:00 UTC+5:30","2 February 2026 at 01:50:00 UTC+5:30","lady diana","./explore?q=lady%20diana&geo=FR"
"jamie mullarkey","200+","1 February 2026 at 07:20:00 UTC+5:30","1 February 2026 at 09:30:00 UTC+5:30","jamie mullarkey","./explore?q=jamie%20mullarkey&geo=FR"
"umicore","200+","3 February 2026 at 19:20:00 UTC+5:30","3 February 2026 at 20:30:00 UTC+5:30","umicore","./explore?q=umicore&geo=FR"
"lady gaga","200+","2 February 2026 at 11:40:00 UTC+5:30","2 February 2026 at 13:50:00 UTC+5:30","lady gaga","./explore?q=lady%20gaga&geo=FR"
"un dimanche a la campagne 1 fevrier 2026","500+","1 February 2026 at 21:30:00 UTC+5:30","1 February 2026 at 23:00:00 UTC+5:30","un dimanche a la campagne 1 fevrier 2026,un dimanche a la campagne","./explore?q=un%20dimanche%20a%20la%20campagne%201%20fevrier%202026&geo=FR"
"tanzanie","100+","5 February 2026 at 12:00:00 UTC+5:30","5 February 2026 at 13:00:00 UTC+5:30","tanzanie","./explore?q=tanzanie&geo=FR"
"newsouest","500+","1 February 2026 at 21:00:00 UTC+5:30","1 February 2026 at 22:50:00 UTC+5:30","newsouest","./explore?q=newsouest&geo=FR"
"jake gyllenhaal","200+","2 February 2026 at 01:50:00 UTC+5:30","2 February 2026 at 04:10:00 UTC+5:30","jake gyllenhaal","./explore?q=jake%20gyllenhaal&geo=FR"
"the white lotus","200+","4 February 2026 at 02:20:00 UTC+5:30","4 February 2026 at 04:20:00 UTC+5:30","the white lotus","./explore?q=the%20white%20lotus&geo=FR"
"molotov","200+","4 February 2026 at 01:40:00 UTC+5:30","4 February 2026 at 02:40:00 UTC+5:30","molotov","./explore?q=molotov&geo=FR"
"crepin","200+","2 February 2026 at 12:30:00 UTC+5:30","2 February 2026 at 14:00:00 UTC+5:30","crepin","./explore?q=crepin&geo=FR"
"flowrette","200+","6 February 2026 at 01:20:00 UTC+5:30","6 February 2026 at 01:50:00 UTC+5:30","flowrette","./explore?q=flowrette&geo=FR"
"juventus","500+","2 February 2026 at 02:10:00 UTC+5:30","2 February 2026 at 03:00:00 UTC+5:30","juventus","./explore?q=juventus&geo=FR"
"costa rica","200+","2 February 2026 at 12:40:00 UTC+5:30","2 February 2026 at 14:10:00 UTC+5:30","costa rica","./explore?q=costa%20rica&geo=FR"
"colin farrell","200+","3 February 2026 at 03:20:00 UTC+5:30","3 February 2026 at 04:30:00 UTC+5:30","colin farrell","./explore?q=colin%20farrell&geo=FR"
"lea drucker","200+","4 February 2026 at 04:40:00 UTC+5:30","4 February 2026 at 05:40:00 UTC+5:30","lea drucker","./explore?q=lea%20drucker&geo=FR"
"banijay","200+","3 February 2026 at 01:40:00 UTC+5:30","3 February 2026 at 02:50:00 UTC+5:30","banijay","./explore?q=banijay&geo=FR"
"kate blanchett","500+","2 February 2026 at 02:10:00 UTC+5:30","2 February 2026 at 03:30:00 UTC+5:30","kate blanchett","./explore?q=kate%20blanchett&geo=FR"
"drew mcintyre","500+","1 February 2026 at 02:50:00 UTC+5:30","1 February 2026 at 04:10:00 UTC+5:30","drew mcintyre","./explore?q=drew%20mcintyre&geo=FR"
"haiti","200+","4 February 2026 at 22:00:00 UTC+5:30","4 February 2026 at 22:50:00 UTC+5:30","haiti","./explore?q=haiti&geo=FR"
"liam neeson","200+","1 February 2026 at 03:00:00 UTC+5:30","1 February 2026 at 05:20:00 UTC+5:30","liam neeson","./explore?q=liam%20neeson&geo=FR"
"cnn don lemon","200+","1 February 2026 at 13:30:00 UTC+5:30","1 February 2026 at 18:00:00 UTC+5:30","cnn don lemon","./explore?q=cnn%20don%20lemon&geo=FR"
"ruben kluivert","500+","1 February 2026 at 20:10:00 UTC+5:30","1 February 2026 at 21:30:00 UTC+5:30","ruben kluivert","./explore?q=ruben%20kluivert&geo=FR"
"edouard geffray","500+","1 February 2026 at 14:40:00 UTC+5:30","1 February 2026 at 16:00:00 UTC+5:30","edouard geffray","./explore?q=edouard%20geffray&geo=FR"
"tenerife","500+","3 February 2026 at 02:40:00 UTC+5:30","3 February 2026 at 04:00:00 UTC+5:30","tenerife","./explore?q=tenerife&geo=FR"
"ufc 326","200+","1 February 2026 at 09:10:00 UTC+5:30","1 February 2026 at 14:10:00 UTC+5:30","ufc 326","./explore?q=ufc%20326&geo=FR"
"stromae","500+","1 February 2026 at 01:20:00 UTC+5:30","1 February 2026 at 02:40:00 UTC+5:30","stromae","./explore?q=stromae&geo=FR"
"stonehenge","500+","1 February 2026 at 03:10:00 UTC+5:30","1 February 2026 at 04:50:00 UTC+5:30","stonehenge","./explore?q=stonehenge&geo=FR"
"six nation","100+","6 February 2026 at 03:50:00 UTC+5:30","6 February 2026 at 04:30:00 UTC+5:30","six nation","./explore?q=six%20nation&geo=FR"
"the night manager saison 3","200+","2 February 2026 at 02:50:00 UTC+5:30","2 February 2026 at 05:30:00 UTC+5:30","the night manager saison 3","./explore?q=the%20night%20manager%20saison%203&geo=FR"
"arman tsarukyan","200+","1 February 2026 at 09:40:00 UTC+5:30","1 February 2026 at 15:10:00 UTC+5:30","arman tsarukyan","./explore?q=arman%20tsarukyan&geo=FR"
"sami zayn","500+","1 February 2026 at 02:50:00 UTC+5:30","1 February 2026 at 04:10:00 UTC+5:30","sami zayn","./explore?q=sami%20zayn&geo=FR"
"vesoul","100+","5 February 2026 at 17:20:00 UTC+5:30","5 February 2026 at 18:00:00 UTC+5:30","vesoul","./explore?q=vesoul&geo=FR"
"christophe","200+","5 February 2026 at 03:40:00 UTC+5:30","5 February 2026 at 04:20:00 UTC+5:30","christophe","./explore?q=christophe&geo=FR"
"ol lyonnes","200+","1 February 2026 at 20:30:00 UTC+5:30","1 February 2026 at 22:30:00 UTC+5:30","ol lyonnes","./explore?q=ol%20lyonnes&geo=FR"
"naïma moutchou","500+","1 February 2026 at 17:10:00 UTC+5:30","1 February 2026 at 18:20:00 UTC+5:30","naïma moutchou,moutchou","./explore?q=na%C3%AFma%20moutchou&geo=FR"
"nantes","500+","3 February 2026 at 00:20:00 UTC+5:30","3 February 2026 at 01:40:00 UTC+5:30","nantes","./explore?q=nantes&geo=FR"
"saint pierre et miquelon","200+","2 February 2026 at 16:40:00 UTC+5:30","2 February 2026 at 17:50:00 UTC+5:30","saint pierre et miquelon","./explore?q=saint%20pierre%20et%20miquelon&geo=FR"
"eurasie","500+","2 February 2026 at 00:00:00 UTC+5:30","2 February 2026 at 01:10:00 UTC+5:30","eurasie","./explore?q=eurasie&geo=FR"
"billie eilish","500+","1 February 2026 at 03:10:00 UTC+5:30","1 February 2026 at 04:20:00 UTC+5:30","billie eilish","./explore?q=billie%20eilish&geo=FR"
"doberman","100+","5 February 2026 at 04:00:00 UTC+5:30","5 February 2026 at 05:00:00 UTC+5:30","doberman","./explore?q=doberman&geo=FR"
"paul film","200+","1 February 2026 at 20:30:00 UTC+5:30","1 February 2026 at 22:00:00 UTC+5:30","paul film","./explore?q=paul%20film&geo=FR"
"wildflower","200+","2 February 2026 at 12:30:00 UTC+5:30","2 February 2026 at 14:20:00 UTC+5:30","wildflower","./explore?q=wildflower&geo=FR"
"gand","200+","2 February 2026 at 02:10:00 UTC+5:30","2 February 2026 at 03:40:00 UTC+5:30","gand","./explore?q=gand&geo=FR"
"rts sport","200+","1 February 2026 at 14:30:00 UTC+5:30","1 February 2026 at 16:20:00 UTC+5:30","rts sport","./explore?q=rts%20sport&geo=FR"
"municipales 2026","500+","2 February 2026 at 01:00:00 UTC+5:30","2 February 2026 at 13:20:00 UTC+5:30","municipales 2026","./explore?q=municipales%202026&geo=FR"
"patrick martin","200+","3 February 2026 at 11:50:00 UTC+5:30","3 February 2026 at 13:00:00 UTC+5:30","patrick martin","./explore?q=patrick%20martin&geo=FR"
"cillian murphy","200+","3 February 2026 at 03:10:00 UTC+5:30","3 February 2026 at 04:40:00 UTC+5:30","cillian murphy","./explore?q=cillian%20murphy&geo=FR"
"dreux","500+","2 February 2026 at 01:50:00 UTC+5:30","2 February 2026 at 03:00:00 UTC+5:30","dreux","./explore?q=dreux&geo=FR"
"ألباسيتي ضد برشلونة","200+","4 February 2026 at 01:10:00 UTC+5:30","4 February 2026 at 02:10:00 UTC+5:30","ألباسيتي ضد برشلونة","./explore?q=%D8%A3%D9%84%D8%A8%D8%A7%D8%B3%D9%8A%D8%AA%D9%8A%20%D8%B6%D8%AF%20%D8%A8%D8%B1%D8%B4%D9%84%D9%88%D9%86%D8%A9&geo=FR"
"grand prix la marseillaise 2026","200+","1 February 2026 at 19:40:00 UTC+5:30","1 February 2026 at 22:10:00 UTC+5:30","grand prix la marseillaise 2026","./explore?q=grand%20prix%20la%20marseillaise%202026&geo=FR"
"united","500+","1 February 2026 at 21:20:00 UTC+5:30","1 February 2026 at 22:40:00 UTC+5:30","united","./explore?q=united&geo=FR"
"antoine dupont","1k+","1 February 2026 at 02:20:00 UTC+5:30","1 February 2026 at 03:50:00 UTC+5:30","antoine dupont","./explore?q=antoine%20dupont&geo=FR"
"pathé ciss","200+","1 February 2026 at 20:10:00 UTC+5:30","1 February 2026 at 21:40:00 UTC+5:30","pathé ciss","./explore?q=path%C3%A9%20ciss&geo=FR"
"olivier delacroix","100+","5 February 2026 at 05:00:00 UTC+5:30","5 February 2026 at 06:10:00 UTC+5:30","olivier delacroix","./explore?q=olivier%20delacroix&geo=FR"
"sofia morgavi","500+","1 February 2026 at 03:00:00 UTC+5:30","1 February 2026 at 05:20:00 UTC+5:30","sofia morgavi","./explore?q=sofia%20morgavi&geo=FR"
"japon","200+","3 February 2026 at 17:40:00 UTC+5:30","3 February 2026 at 18:50:00 UTC+5:30","japon","./explore?q=japon&geo=FR"
"hero","200+","3 February 2026 at 17:30:00 UTC+5:30","3 February 2026 at 18:40:00 UTC+5:30","hero","./explore?q=hero&geo=FR"
"barcares","200+","2 February 2026 at 02:10:00 UTC+5:30","2 February 2026 at 03:20:00 UTC+5:30","barcares","./explore?q=barcares&geo=FR"
"rey mysterio","500+","1 February 2026 at 03:30:00 UTC+5:30","1 February 2026 at 04:40:00 UTC+5:30","rey mysterio","./explore?q=rey%20mysterio&geo=FR"
"inter milan torino","100+","5 February 2026 at 03:20:00 UTC+5:30","5 February 2026 at 04:10:00 UTC+5:30","inter milan torino","./explore?q=inter%20milan%20torino&geo=FR"
"chantal goya","200+","4 February 2026 at 01:10:00 UTC+5:30","4 February 2026 at 02:00:00 UTC+5:30","chantal goya","./explore?q=chantal%20goya&geo=FR"
"puerto rico","500+","1 February 2026 at 14:10:00 UTC+5:30","1 February 2026 at 15:30:00 UTC+5:30","puerto rico","./explore?q=puerto%20rico&geo=FR"
"addison rae","200+","2 February 2026 at 13:20:00 UTC+5:30","3 February 2026 at 04:50:00 UTC+5:30","addison rae","./explore?q=addison%20rae&geo=FR"
"liv morgan","500+","1 February 2026 at 01:50:00 UTC+5:30","1 February 2026 at 05:40:00 UTC+5:30","liv morgan","./explore?q=liv%20morgan&geo=FR"
"moise santamaria","200+","4 February 2026 at 02:30:00 UTC+5:30","4 February 2026 at 03:30:00 UTC+5:30","moise santamaria","./explore?q=moise%20santamaria&geo=FR"
"jessica alba","500+","1 February 2026 at 02:00:00 UTC+5:30","1 February 2026 at 04:10:00 UTC+5:30","jessica alba","./explore?q=jessica%20alba&geo=FR"
"maxime lopez","200+","2 February 2026 at 00:40:00 UTC+5:30","2 February 2026 at 02:00:00 UTC+5:30","maxime lopez","./explore?q=maxime%20lopez&geo=FR"
"rodez","200+","1 February 2026 at 17:30:00 UTC+5:30","1 February 2026 at 18:50:00 UTC+5:30","rodez","./explore?q=rodez&geo=FR"
"erquy","200+","3 February 2026 at 18:00:00 UTC+5:30","3 February 2026 at 19:10:00 UTC+5:30","erquy","./explore?q=erquy&geo=FR"
"pierre palmade","200+","2 February 2026 at 01:00:00 UTC+5:30","2 February 2026 at 02:20:00 UTC+5:30","pierre palmade","./explore?q=pierre%20palmade&geo=FR"
"cyril hanouna","500+","3 February 2026 at 00:10:00 UTC+5:30","3 February 2026 at 02:30:00 UTC+5:30","cyril hanouna","./explore?q=cyril%20hanouna&geo=FR"
"nikki bella","500+","1 February 2026 at 01:30:00 UTC+5:30","1 February 2026 at 02:40:00 UTC+5:30","nikki bella,brie bella","./explore?q=nikki%20bella&geo=FR"
"dunkerque","100+","4 February 2026 at 05:40:00 UTC+5:30","4 February 2026 at 06:50:00 UTC+5:30","dunkerque","./explore?q=dunkerque&geo=FR"
"amélie de montchalin","200+","3 February 2026 at 13:30:00 UTC+5:30","3 February 2026 at 14:20:00 UTC+5:30","amélie de montchalin","./explore?q=am%C3%A9lie%20de%20montchalin&geo=FR"
"météo languedoc","200+","3 February 2026 at 00:30:00 UTC+5:30","3 February 2026 at 01:40:00 UTC+5:30","météo languedoc","./explore?q=m%C3%A9t%C3%A9o%20languedoc&geo=FR"
"jason momoa","500+","2 February 2026 at 02:10:00 UTC+5:30","2 February 2026 at 03:20:00 UTC+5:30","jason momoa","./explore?q=jason%20momoa&geo=FR"
"البنك الاهلي ضد الأهلي","200+","3 February 2026 at 23:50:00 UTC+5:30","4 February 2026 at 00:50:00 UTC+5:30","البنك الاهلي ضد الأهلي","./explore?q=%D8%A7%D9%84%D8%A8%D9%86%D9%83%20%D8%A7%D9%84%D8%A7%D9%87%D9%84%D9%8A%20%D8%B6%D8%AF%20%D8%A7%D9%84%D8%A3%D9%87%D9%84%D9%8A&geo=FR"
"the voice 2026","500+","1 February 2026 at 01:40:00 UTC+5:30","1 February 2026 at 02:40:00 UTC+5:30","the voice 2026","./explore?q=the%20voice%202026&geo=FR"
"aziza alahmadi","200+","3 February 2026 at 14:30:00 UTC+5:30","3 February 2026 at 15:30:00 UTC+5:30","aziza alahmadi","./explore?q=aziza%20alahmadi&geo=FR"
"cote dor","200+","4 February 2026 at 01:50:00 UTC+5:30","4 February 2026 at 03:00:00 UTC+5:30","cote dor","./explore?q=cote%20dor&geo=FR"
"varallo","200+","5 February 2026 at 03:00:00 UTC+5:30","5 February 2026 at 03:40:00 UTC+5:30","varallo","./explore?q=varallo&geo=FR"
"pologne","500+","1 February 2026 at 00:50:00 UTC+5:30","1 February 2026 at 02:00:00 UTC+5:30","pologne","./explore?q=pologne&geo=FR"
"air liquide bourse","200+","4 February 2026 at 22:50:00 UTC+5:30","4 February 2026 at 23:40:00 UTC+5:30","air liquide bourse","./explore?q=air%20liquide%20bourse&geo=FR"
"habib diarra","200+","3 February 2026 at 02:10:00 UTC+5:30","3 February 2026 at 03:20:00 UTC+5:30","habib diarra","./explore?q=habib%20diarra&geo=FR"
"poutine","200+","5 February 2026 at 01:10:00 UTC+5:30","5 February 2026 at 10:40:00 UTC+5:30","poutine","./explore?q=poutine&geo=FR"
"beyonce","200+","1 February 2026 at 04:00:00 UTC+5:30","1 February 2026 at 07:10:00 UTC+5:30","beyonce","./explore?q=beyonce&geo=FR"
"niscemi","500+","2 February 2026 at 00:50:00 UTC+5:30","2 February 2026 at 01:50:00 UTC+5:30","niscemi","./explore?q=niscemi&geo=FR"
"srfc","200+","1 February 2026 at 03:00:00 UTC+5:30","1 February 2026 at 04:40:00 UTC+5:30","srfc","./explore?q=srfc&geo=FR"
"76ers – pelicans","200+","1 February 2026 at 12:10:00 UTC+5:30","1 February 2026 at 14:30:00 UTC+5:30","76ers – pelicans","./explore?q=76ers%20%E2%80%93%20pelicans&geo=FR"
"lellouche philippe","500+","4 February 2026 at 01:10:00 UTC+5:30","4 February 2026 at 01:50:00 UTC+5:30","lellouche philippe,lellouche","./explore?q=lellouche%20philippe&geo=FR"
"carry le rouet","200+","2 February 2026 at 12:10:00 UTC+5:30","2 February 2026 at 13:20:00 UTC+5:30","carry le rouet","./explore?q=carry%20le%20rouet&geo=FR"
"rabah slimani","200+","3 February 2026 at 22:00:00 UTC+5:30","3 February 2026 at 23:00:00 UTC+5:30","rabah slimani","./explore?q=rabah%20slimani&geo=FR"
"gessime yassine","200+","2 February 2026 at 03:10:00 UTC+5:30","2 February 2026 at 04:20:00 UTC+5:30","gessime yassine","./explore?q=gessime%20yassine&geo=FR"
"lita","200+","4 February 2026 at 17:20:00 UTC+5:30","4 February 2026 at 18:00:00 UTC+5:30","lita","./explore?q=lita&geo=FR"
"thomas gomart","200+","2 February 2026 at 01:10:00 UTC+5:30","2 February 2026 at 02:20:00 UTC+5:30","thomas gomart","./explore?q=thomas%20gomart&geo=FR"
"sci","200+","5 February 2026 at 15:30:00 UTC+5:30","5 February 2026 at 16:00:00 UTC+5:30","sci","./explore?q=sci&geo=FR"
"jeremy koh lanta","200+","1 February 2026 at 16:50:00 UTC+5:30","1 February 2026 at 18:00:00 UTC+5:30","jeremy koh lanta","./explore?q=jeremy%20koh%20lanta&geo=FR"
"plus belle la vie","200+","1 February 2026 at 21:30:00 UTC+5:30","1 February 2026 at 22:40:00 UTC+5:30","plus belle la vie","./explore?q=plus%20belle%20la%20vie&geo=FR"
"tcl","200+","3 February 2026 at 12:20:00 UTC+5:30","3 February 2026 at 13:20:00 UTC+5:30","tcl","./explore?q=tcl&geo=FR"
"peyrehorade","200+","2 February 2026 at 18:00:00 UTC+5:30","2 February 2026 at 19:10:00 UTC+5:30","peyrehorade","./explore?q=peyrehorade&geo=FR"
"jean philippe tanguy","200+","2 February 2026 at 13:00:00 UTC+5:30","2 February 2026 at 14:00:00 UTC+5:30","jean philippe tanguy","./explore?q=jean%20philippe%20tanguy&geo=FR"
"horoscope christine haas","200+","3 February 2026 at 16:00:00 UTC+5:30","3 February 2026 at 16:50:00 UTC+5:30","horoscope christine haas","./explore?q=horoscope%20christine%20haas&geo=FR"
"2026 kış olimpiyatları","100+","5 February 2026 at 04:00:00 UTC+5:30","5 February 2026 at 06:00:00 UTC+5:30","2026 kış olimpiyatları","./explore?q=2026%20k%C4%B1%C5%9F%20olimpiyatlar%C4%B1&geo=FR"
"pele","200+","1 February 2026 at 16:10:00 UTC+5:30","1 February 2026 at 17:20:00 UTC+5:30","pele","./explore?q=pele&geo=FR"
"manifestation paris aujourd'hui","200+","1 February 2026 at 19:30:00 UTC+5:30","1 February 2026 at 20:50:00 UTC+5:30","manifestation paris aujourd'hui","./explore?q=manifestation%20paris%20aujourd%27hui&geo=FR"
"bri","500+","1 February 2026 at 18:30:00 UTC+5:30","1 February 2026 at 19:30:00 UTC+5:30","bri","./explore?q=bri&geo=FR"
"kelly reichardt","200+","5 February 2026 at 01:10:00 UTC+5:30","5 February 2026 at 01:50:00 UTC+5:30","kelly reichardt","./explore?q=kelly%20reichardt&geo=FR"
"bnp paribas","1k+","3 February 2026 at 18:50:00 UTC+5:30","3 February 2026 at 19:30:00 UTC+5:30","bnp paribas","./explore?q=bnp%20paribas&geo=FR"
"guy ritchie","200+","3 February 2026 at 02:20:00 UTC+5:30","3 February 2026 at 03:30:00 UTC+5:30","guy ritchie","./explore?q=guy%20ritchie&geo=FR"
"wild – canadiens","200+","3 February 2026 at 11:40:00 UTC+5:30","3 February 2026 at 13:10:00 UTC+5:30","wild – canadiens","./explore?q=wild%20%E2%80%93%20canadiens&geo=FR"
"polska","200+","5 February 2026 at 00:10:00 UTC+5:30","5 February 2026 at 00:50:00 UTC+5:30","polska","./explore?q=polska&geo=FR"
"papotin","500+","1 February 2026 at 01:10:00 UTC+5:30","1 February 2026 at 02:30:00 UTC+5:30","papotin","./explore?q=papotin&geo=FR"
"soulframe","200+","1 February 2026 at 13:50:00 UTC+5:30","1 February 2026 at 15:40:00 UTC+5:30","soulframe","./explore?q=soulframe&geo=FR"
"calogero","500+","1 February 2026 at 02:10:00 UTC+5:30","1 February 2026 at 03:20:00 UTC+5:30","calogero","./explore?q=calogero&geo=FR"
"lucas michal","200+","3 February 2026 at 00:20:00 UTC+5:30","3 February 2026 at 01:30:00 UTC+5:30","lucas michal","./explore?q=lucas%20michal&geo=FR"
"celtic","100+","5 February 2026 at 03:30:00 UTC+5:30","5 February 2026 at 04:20:00 UTC+5:30","celtic","./explore?q=celtic&geo=FR"
"paul pogba","200+","1 February 2026 at 02:20:00 UTC+5:30","1 February 2026 at 13:00:00 UTC+5:30","paul pogba","./explore?q=paul%20pogba&geo=FR"
"dazn","1k+","4 February 2026 at 02:10:00 UTC+5:30","4 February 2026 at 02:30:00 UTC+5:30","dazn","./explore?q=dazn&geo=FR"
"christine kelly","200+","3 February 2026 at 01:40:00 UTC+5:30","3 February 2026 at 02:40:00 UTC+5:30","christine kelly","./explore?q=christine%20kelly&geo=FR"
"bologna - milan","200+","4 February 2026 at 02:00:00 UTC+5:30","4 February 2026 at 03:00:00 UTC+5:30","bologna - milan","./explore?q=bologna%20-%20milan&geo=FR"
"gérard jugnot","200+","1 February 2026 at 21:50:00 UTC+5:30","1 February 2026 at 23:00:00 UTC+5:30","gérard jugnot","./explore?q=g%C3%A9rard%20jugnot&geo=FR"
"ldlc arena","200+","5 February 2026 at 00:30:00 UTC+5:30","5 February 2026 at 01:10:00 UTC+5:30","ldlc arena","./explore?q=ldlc%20arena&geo=FR"
"kevin aymoz","200+","4 February 2026 at 01:20:00 UTC+5:30","4 February 2026 at 02:10:00 UTC+5:30","kevin aymoz","./explore?q=kevin%20aymoz&geo=FR"
"jean-philippe gbamin","200+","1 February 2026 at 22:20:00 UTC+5:30","1 February 2026 at 23:30:00 UTC+5:30","jean-philippe gbamin","./explore?q=jean-philippe%20gbamin&geo=FR"
"hulst","200+","1 February 2026 at 20:10:00 UTC+5:30","1 February 2026 at 21:30:00 UTC+5:30","hulst","./explore?q=hulst&geo=FR"
"randy orton","200+","1 February 2026 at 04:10:00 UTC+5:30","1 February 2026 at 05:30:00 UTC+5:30","randy orton","./explore?q=randy%20orton&geo=FR"
"marion maréchal","500+","1 February 2026 at 17:20:00 UTC+5:30","1 February 2026 at 18:00:00 UTC+5:30","marion maréchal","./explore?q=marion%20mar%C3%A9chal&geo=FR"
"harold hessel","200+","3 February 2026 at 03:30:00 UTC+5:30","3 February 2026 at 04:40:00 UTC+5:30","harold hessel","./explore?q=harold%20hessel&geo=FR"
"najat vallaud-belkacem","200+","3 February 2026 at 00:30:00 UTC+5:30","3 February 2026 at 01:20:00 UTC+5:30","najat vallaud-belkacem","./explore?q=najat%20vallaud-belkacem&geo=FR"
"brock lesnar","200+","1 February 2026 at 04:00:00 UTC+5:30","1 February 2026 at 05:10:00 UTC+5:30","brock lesnar","./explore?q=brock%20lesnar&geo=FR"
"jean jacques goldman","200+","1 February 2026 at 04:30:00 UTC+5:30","1 February 2026 at 05:40:00 UTC+5:30","jean jacques goldman","./explore?q=jean%20jacques%20goldman&geo=FR"
"cbs","200+","2 February 2026 at 06:30:00 UTC+5:30","2 February 2026 at 08:00:00 UTC+5:30","cbs","./explore?q=cbs&geo=FR"
"var matin","200+","3 February 2026 at 20:50:00 UTC+5:30","3 February 2026 at 21:30:00 UTC+5:30","var matin","./explore?q=var%20matin&geo=FR"
"farul constanța - dinamo bucurești","200+","5 February 2026 at 00:40:00 UTC+5:30","5 February 2026 at 01:20:00 UTC+5:30","farul constanța - dinamo bucurești","./explore?q=farul%20constan%C8%9Ba%20-%20dinamo%20bucure%C8%99ti&geo=FR"
"amiens sc","100+","5 February 2026 at 02:50:00 UTC+5:30","5 February 2026 at 03:30:00 UTC+5:30","amiens sc","./explore?q=amiens%20sc&geo=FR"
"cdl","200+","2 February 2026 at 05:20:00 UTC+5:30","2 February 2026 at 11:40:00 UTC+5:30","cdl","./explore?q=cdl&geo=FR"
"robert kennedy jr","200+","2 February 2026 at 23:40:00 UTC+5:30","3 February 2026 at 00:40:00 UTC+5:30","robert kennedy jr","./explore?q=robert%20kennedy%20jr&geo=FR"
"twitter down","200+","1 February 2026 at 21:50:00 UTC+5:30","1 February 2026 at 23:00:00 UTC+5:30","twitter down","./explore?q=twitter%20down&geo=FR"
"raphinha","200+","1 February 2026 at 02:50:00 UTC+5:30","1 February 2026 at 04:30:00 UTC+5:30","raphinha","./explore?q=raphinha&geo=FR"
"charlotte flair","200+","1 February 2026 at 00:50:00 UTC+5:30","1 February 2026 at 02:10:00 UTC+5:30","charlotte flair","./explore?q=charlotte%20flair&geo=FR"
"france handicap","200+","3 February 2026 at 00:30:00 UTC+5:30","3 February 2026 at 01:40:00 UTC+5:30","france handicap","./explore?q=france%20handicap&geo=FR"
"inter miami","200+","1 February 2026 at 04:50:00 UTC+5:30","1 February 2026 at 06:30:00 UTC+5:30","inter miami","./explore?q=inter%20miami&geo=FR"
"the last of us","200+","2 February 2026 at 02:50:00 UTC+5:30","2 February 2026 at 05:10:00 UTC+5:30","the last of us","./explore?q=the%20last%20of%20us&geo=FR"
"panichelli","200+","2 February 2026 at 02:30:00 UTC+5:30","2 February 2026 at 03:50:00 UTC+5:30","panichelli","./explore?q=panichelli&geo=FR"
"elections municipales 2026","500+","2 February 2026 at 01:00:00 UTC+5:30","2 February 2026 at 02:00:00 UTC+5:30","elections municipales 2026","./explore?q=elections%20municipales%202026&geo=FR"
"pistons – nets","200+","2 February 2026 at 07:20:00 UTC+5:30","2 February 2026 at 12:50:00 UTC+5:30","pistons – nets","./explore?q=pistons%20%E2%80%93%20nets&geo=FR"
"journee mondiale contre le cancer","100+","4 February 2026 at 13:20:00 UTC+5:30","4 February 2026 at 14:10:00 UTC+5:30","journee mondiale contre le cancer","./explore?q=journee%20mondiale%20contre%20le%20cancer&geo=FR"
"goa","200+","2 February 2026 at 01:20:00 UTC+5:30","2 February 2026 at 02:30:00 UTC+5:30","goa","./explore?q=goa&geo=FR"
"jonathan davino","200+","3 February 2026 at 20:40:00 UTC+5:30","3 February 2026 at 21:40:00 UTC+5:30","jonathan davino","./explore?q=jonathan%20davino&geo=FR"
"sisteron","200+","1 February 2026 at 13:30:00 UTC+5:30","1 February 2026 at 14:50:00 UTC+5:30","sisteron","./explore?q=sisteron&geo=FR"
"podcast","200+","6 February 2026 at 02:10:00 UTC+5:30","6 February 2026 at 02:30:00 UTC+5:30","podcast","./explore?q=podcast&geo=FR"
"paris hilton","200+","2 February 2026 at 05:30:00 UTC+5:30","2 February 2026 at 07:00:00 UTC+5:30","paris hilton","./explore?q=paris%20hilton&geo=FR"
"matthieu delormeau aujourd'hui","100+","5 February 2026 at 01:20:00 UTC+5:30","5 February 2026 at 02:10:00 UTC+5:30","matthieu delormeau aujourd'hui","./explore?q=matthieu%20delormeau%20aujourd%27hui&geo=FR"
"argentine","100+","4 February 2026 at 05:00:00 UTC+5:30","4 February 2026 at 06:00:00 UTC+5:30","argentine","./explore?q=argentine&geo=FR"
"even if this love disappears tonight","200+","4 February 2026 at 01:40:00 UTC+5:30","4 February 2026 at 02:30:00 UTC+5:30","even if this love disappears tonight","./explore?q=even%20if%20this%20love%20disappears%20tonight&geo=FR"
"harrison ford","200+","1 February 2026 at 01:20:00 UTC+5:30","1 February 2026 at 02:30:00 UTC+5:30","harrison ford","./explore?q=harrison%20ford&geo=FR"
"antenne 2","200+","6 February 2026 at 01:50:00 UTC+5:30","6 February 2026 at 02:10:00 UTC+5:30","antenne 2","./explore?q=antenne%202&geo=FR"
"le havre","200+","1 February 2026 at 01:00:00 UTC+5:30","1 February 2026 at 02:10:00 UTC+5:30","le havre","./explore?q=le%20havre&geo=FR"
"lupita nyong'o","200+","3 February 2026 at 00:20:00 UTC+5:30","3 February 2026 at 01:30:00 UTC+5:30","lupita nyong'o","./explore?q=lupita%20nyong%27o&geo=FR"
"rougeole","200+","2 February 2026 at 23:40:00 UTC+5:30","3 February 2026 at 00:40:00 UTC+5:30","rougeole","./explore?q=rougeole&geo=FR"
"fallout saison 2 episode 8","100+","4 February 2026 at 02:30:00 UTC+5:30","4 February 2026 at 06:00:00 UTC+5:30","fallout saison 2 episode 8","./explore?q=fallout%20saison%202%20episode%208&geo=FR"
"benjamin castaldi","200+","3 February 2026 at 03:00:00 UTC+5:30","3 February 2026 at 04:10:00 UTC+5:30","benjamin castaldi","./explore?q=benjamin%20castaldi&geo=FR"
"maradona","200+","1 February 2026 at 16:10:00 UTC+5:30","1 February 2026 at 17:20:00 UTC+5:30","maradona","./explore?q=maradona&geo=FR"
"recettes crepes","200+","2 February 2026 at 23:10:00 UTC+5:30","3 February 2026 at 00:20:00 UTC+5:30","recettes crepes","./explore?q=recettes%20crepes&geo=FR"
"vinicius júnior","200+","1 February 2026 at 19:00:00 UTC+5:30","1 February 2026 at 20:10:00 UTC+5:30","vinicius júnior","./explore?q=vinicius%20j%C3%BAnior&geo=FR"
"uini","200+","2 February 2026 at 01:20:00 UTC+5:30","2 February 2026 at 02:30:00 UTC+5:30","uini","./explore?q=uini&geo=FR"
"g7","200+","5 February 2026 at 21:30:00 UTC+5:30","5 February 2026 at 21:50:00 UTC+5:30","g7","./explore?q=g7&geo=FR"
"إلتشيه ضد برشلونة","200+","1 February 2026 at 01:20:00 UTC+5:30","1 February 2026 at 03:00:00 UTC+5:30","إلتشيه ضد برشلونة","./explore?q=%D8%A5%D9%84%D8%AA%D8%B4%D9%8A%D9%87%20%D8%B6%D8%AF%20%D8%A8%D8%B1%D8%B4%D9%84%D9%88%D9%86%D8%A9&geo=FR"
"mineapolis","200+","1 February 2026 at 23:30:00 UTC+5:30","2 February 2026 at 00:20:00 UTC+5:30","mineapolis","./explore?q=mineapolis&geo=FR"
"brandon miller","200+","1 February 2026 at 00:40:00 UTC+5:30","1 February 2026 at 02:10:00 UTC+5:30","brandon miller","./explore?q=brandon%20miller&geo=FR"
"junior tafa","200+","1 February 2026 at 07:10:00 UTC+5:30","1 February 2026 at 08:30:00 UTC+5:30","junior tafa","./explore?q=junior%20tafa&geo=FR"
"jean bouin","200+","2 February 2026 at 00:50:00 UTC+5:30","2 February 2026 at 01:50:00 UTC+5:30","jean bouin","./explore?q=jean%20bouin&geo=FR"
"lily collins","200+","2 February 2026 at 03:20:00 UTC+5:30","2 February 2026 at 04:40:00 UTC+5:30","lily collins","./explore?q=lily%20collins&geo=FR"
"ostapenko","200+","2 February 2026 at 21:30:00 UTC+5:30","2 February 2026 at 22:40:00 UTC+5:30","ostapenko","./explore?q=ostapenko&geo=FR"
"abdallah sima","200+","5 February 2026 at 03:40:00 UTC+5:30","5 February 2026 at 04:10:00 UTC+5:30","abdallah sima","./explore?q=abdallah%20sima&geo=FR"
"john cena","200+","1 February 2026 at 02:10:00 UTC+5:30","1 February 2026 at 03:30:00 UTC+5:30","john cena","./explore?q=john%20cena&geo=FR"
"thailande","200+","2 February 2026 at 00:00:00 UTC+5:30","2 February 2026 at 01:00:00 UTC+5:30","thailande","./explore?q=thailande&geo=FR"
"anglet","200+","2 February 2026 at 23:50:00 UTC+5:30","3 February 2026 at 01:00:00 UTC+5:30","anglet","./explore?q=anglet&geo=FR"
"tout le monde veut prendre sa place","200+","4 February 2026 at 17:40:00 UTC+5:30","4 February 2026 at 18:20:00 UTC+5:30","tout le monde veut prendre sa place","./explore?q=tout%20le%20monde%20veut%20prendre%20sa%20place&geo=FR"
"plouarzel","200+","2 February 2026 at 18:20:00 UTC+5:30","2 February 2026 at 19:20:00 UTC+5:30","plouarzel","./explore?q=plouarzel&geo=FR"
"sizun","200+","2 February 2026 at 18:10:00 UTC+5:30","2 February 2026 at 19:10:00 UTC+5:30","sizun","./explore?q=sizun&geo=FR"
"nrj direct","200+","3 February 2026 at 12:30:00 UTC+5:30","3 February 2026 at 13:40:00 UTC+5:30","nrj direct","./explore?q=nrj%20direct&geo=FR"
"jack nicholson","200+","2 February 2026 at 02:20:00 UTC+5:30","2 February 2026 at 04:40:00 UTC+5:30","jack nicholson","./explore?q=jack%20nicholson&geo=FR"
"lucie castets","200+","2 February 2026 at 23:50:00 UTC+5:30","3 February 2026 at 00:40:00 UTC+5:30","lucie castets","./explore?q=lucie%20castets&geo=FR"
"ile maurice","200+","4 February 2026 at 17:20:00 UTC+5:30","4 February 2026 at 17:50:00 UTC+5:30","ile maurice","./explore?q=ile%20maurice&geo=FR"
"rlcs","200+","2 February 2026 at 03:10:00 UTC+5:30","2 February 2026 at 04:30:00 UTC+5:30","rlcs","./explore?q=rlcs&geo=FR"
"liam ramos","200+","2 February 2026 at 18:40:00 UTC+5:30","2 February 2026 at 19:40:00 UTC+5:30","liam ramos","./explore?q=liam%20ramos&geo=FR"
"michel jonasz","200+","1 February 2026 at 18:40:00 UTC+5:30","1 February 2026 at 19:40:00 UTC+5:30","michel jonasz","./explore?q=michel%20jonasz&geo=FR"
"kang in lee","200+","2 February 2026 at 03:10:00 UTC+5:30","2 February 2026 at 04:20:00 UTC+5:30","kang in lee","./explore?q=kang%20in%20lee&geo=FR"
"danyl","200+","1 February 2026 at 17:40:00 UTC+5:30","1 February 2026 at 18:50:00 UTC+5:30","danyl","./explore?q=danyl&geo=FR"
"eliot deval","200+","2 February 2026 at 00:50:00 UTC+5:30","2 February 2026 at 02:00:00 UTC+5:30","eliot deval","./explore?q=eliot%20deval&geo=FR"
"notepad++","200+","2 February 2026 at 21:30:00 UTC+5:30","2 February 2026 at 22:30:00 UTC+5:30","notepad++","./explore?q=notepad%2B%2B&geo=FR"
"linda kebbab","200+","3 February 2026 at 14:00:00 UTC+5:30","3 February 2026 at 15:00:00 UTC+5:30","linda kebbab","./explore?q=linda%20kebbab&geo=FR"
"ushuaia","200+","3 February 2026 at 02:20:00 UTC+5:30","3 February 2026 at 03:10:00 UTC+5:30","ushuaia","./explore?q=ushuaia&geo=FR"
"ventura","200+","2 February 2026 at 01:20:00 UTC+5:30","2 February 2026 at 02:20:00 UTC+5:30","ventura","./explore?q=ventura&geo=FR"
"armenie","200+","1 February 2026 at 01:20:00 UTC+5:30","1 February 2026 at 02:30:00 UTC+5:30","armenie","./explore?q=armenie&geo=FR"
"france milano cortina 2026","100+","5 February 2026 at 00:40:00 UTC+5:30","5 February 2026 at 01:20:00 UTC+5:30","france milano cortina 2026","./explore?q=france%20milano%20cortina%202026&geo=FR"
"bresil","200+","3 February 2026 at 17:30:00 UTC+5:30","3 February 2026 at 18:20:00 UTC+5:30","bresil","./explore?q=bresil&geo=FR"
"meteo montpellier","500+","4 February 2026 at 12:00:00 UTC+5:30","4 February 2026 at 12:30:00 UTC+5:30","meteo montpellier","./explore?q=meteo%20montpellier&geo=FR"
"luxembourg","200+","2 February 2026 at 01:00:00 UTC+5:30","2 February 2026 at 02:10:00 UTC+5:30","luxembourg","./explore?q=luxembourg&geo=FR"
"iphone 18","200+","4 February 2026 at 04:50:00 UTC+5:30","4 February 2026 at 05:40:00 UTC+5:30","iphone 18","./explore?q=iphone%2018&geo=FR"
"as rome","100+","3 February 2026 at 02:30:00 UTC+5:30","3 February 2026 at 03:40:00 UTC+5:30","as rome","./explore?q=as%20rome&geo=FR"
"michael t weiss","200+","4 February 2026 at 00:40:00 UTC+5:30","4 February 2026 at 01:30:00 UTC+5:30","michael t weiss","./explore?q=michael%20t%20weiss&geo=FR"
"betclic elite","200+","2 February 2026 at 01:30:00 UTC+5:30","2 February 2026 at 02:30:00 UTC+5:30","betclic elite","./explore?q=betclic%20elite&geo=FR"
"rocamadour","200+","1 February 2026 at 15:20:00 UTC+5:30","1 February 2026 at 16:30:00 UTC+5:30","rocamadour","./explore?q=rocamadour&geo=FR"
"ait boudlal","100+","4 February 2026 at 03:10:00 UTC+5:30","4 February 2026 at 04:20:00 UTC+5:30","ait boudlal","./explore?q=ait%20boudlal&geo=FR"
"albert de monaco","200+","2 February 2026 at 01:30:00 UTC+5:30","2 February 2026 at 02:30:00 UTC+5:30","albert de monaco","./explore?q=albert%20de%20monaco&geo=FR"
"novo nordisk","100+","4 February 2026 at 14:00:00 UTC+5:30","4 February 2026 at 14:40:00 UTC+5:30","novo nordisk","./explore?q=novo%20nordisk&geo=FR"
"florian wirtz","200+","1 February 2026 at 03:20:00 UTC+5:30","1 February 2026 at 04:40:00 UTC+5:30","florian wirtz","./explore?q=florian%20wirtz&geo=FR"
"philippe ballard","200+","1 February 2026 at 16:50:00 UTC+5:30","1 February 2026 at 17:50:00 UTC+5:30","philippe ballard","./explore?q=philippe%20ballard&geo=FR"
"mike tresor","200+","3 February 2026 at 01:00:00 UTC+5:30","3 February 2026 at 01:50:00 UTC+5:30","mike tresor","./explore?q=mike%20tresor&geo=FR"
"todibo","200+","1 February 2026 at 01:00:00 UTC+5:30","1 February 2026 at 02:10:00 UTC+5:30","todibo","./explore?q=todibo&geo=FR"
"hamburger sv vs bayern","200+","1 February 2026 at 00:20:00 UTC+5:30","1 February 2026 at 01:40:00 UTC+5:30","hamburger sv vs bayern","./explore?q=hamburger%20sv%20vs%20bayern&geo=FR"
"pascal praud","200+","3 February 2026 at 01:30:00 UTC+5:30","3 February 2026 at 02:30:00 UTC+5:30","pascal praud","./explore?q=pascal%20praud&geo=FR"
"volendam – go ahead eagles","200+","2 February 2026 at 00:10:00 UTC+5:30","2 February 2026 at 01:00:00 UTC+5:30","volendam – go ahead eagles","./explore?q=volendam%20%E2%80%93%20go%20ahead%20eagles&geo=FR"
"marcus rashford","200+","1 February 2026 at 03:30:00 UTC+5:30","1 February 2026 at 04:40:00 UTC+5:30","marcus rashford","./explore?q=marcus%20rashford&geo=FR"
"tibor del grosso","200+","1 February 2026 at 20:50:00 UTC+5:30","1 February 2026 at 21:50:00 UTC+5:30","tibor del grosso","./explore?q=tibor%20del%20grosso&geo=FR"
"un meurtre pour un meurtre","200+","2 February 2026 at 20:00:00 UTC+5:30","2 February 2026 at 20:50:00 UTC+5:30","un meurtre pour un meurtre","./explore?q=un%20meurtre%20pour%20un%20meurtre&geo=FR"
"rudy matondo","200+","2 February 2026 at 16:50:00 UTC+5:30","2 February 2026 at 17:40:00 UTC+5:30","rudy matondo","./explore?q=rudy%20matondo&geo=FR"
"prize money open australie","200+","1 February 2026 at 17:30:00 UTC+5:30","1 February 2026 at 18:30:00 UTC+5:30","prize money open australie","./explore?q=prize%20money%20open%20australie&geo=FR"
"marat safin","200+","1 February 2026 at 14:00:00 UTC+5:30","1 February 2026 at 15:00:00 UTC+5:30","marat safin","./explore?q=marat%20safin&geo=FR"
"lamine yamal","200+","4 February 2026 at 03:00:00 UTC+5:30","4 February 2026 at 03:20:00 UTC+5:30","lamine yamal","./explore?q=lamine%20yamal&geo=FR"
"montauban","200+","1 February 2026 at 02:10:00 UTC+5:30","1 February 2026 at 03:20:00 UTC+5:30","montauban","./explore?q=montauban&geo=FR"
"vannes","200+","2 February 2026 at 23:40:00 UTC+5:30","3 February 2026 at 00:30:00 UTC+5:30","vannes","./explore?q=vannes&geo=FR"
"s","100+","3 February 2026 at 09:20:00 UTC+5:30","3 February 2026 at 11:40:00 UTC+5:30","s","./explore?q=s&geo=FR"
"quelle epoque 31 janvier 2026","200+","1 February 2026 at 04:40:00 UTC+5:30","1 February 2026 at 06:10:00 UTC+5:30","quelle epoque 31 janvier 2026,quelle epoque","./explore?q=quelle%20epoque%2031%20janvier%202026&geo=FR"
"golf gti edition 50","200+","1 February 2026 at 16:20:00 UTC+5:30","1 February 2026 at 17:20:00 UTC+5:30","golf gti edition 50","./explore?q=golf%20gti%20edition%2050&geo=FR"
"cdl","200+","1 February 2026 at 03:00:00 UTC+5:30","1 February 2026 at 04:00:00 UTC+5:30","cdl","./explore?q=cdl&geo=FR"
"roger federer","200+","1 February 2026 at 17:20:00 UTC+5:30","1 February 2026 at 18:30:00 UTC+5:30","roger federer","./explore?q=roger%20federer&geo=FR"
"xavi simons","200+","1 February 2026 at 22:50:00 UTC+5:30","1 February 2026 at 23:50:00 UTC+5:30","xavi simons","./explore?q=xavi%20simons&geo=FR"
"zimbabwe vs oman","100+","5 February 2026 at 18:30:00 UTC+5:30","5 February 2026 at 18:50:00 UTC+5:30","zimbabwe vs oman","./explore?q=zimbabwe%20vs%20oman&geo=FR"
"fontaine de trevi","100+","2 February 2026 at 17:50:00 UTC+5:30","2 February 2026 at 19:00:00 UTC+5:30","fontaine de trevi","./explore?q=fontaine%20de%20trevi&geo=FR"
"juan arbelaez","200+","1 February 2026 at 01:30:00 UTC+5:30","1 February 2026 at 02:30:00 UTC+5:30","juan arbelaez","./explore?q=juan%20arbelaez&geo=FR"
"brazil","100+","3 February 2026 at 04:10:00 UTC+5:30","3 February 2026 at 05:00:00 UTC+5:30","brazil","./explore?q=brazil&geo=FR"
"malaga","200+","3 February 2026 at 01:50:00 UTC+5:30","3 February 2026 at 02:40:00 UTC+5:30","malaga","./explore?q=malaga&geo=FR"
"casablanca","200+","2 February 2026 at 22:50:00 UTC+5:30","2 February 2026 at 23:30:00 UTC+5:30","casablanca","./explore?q=casablanca&geo=FR"
"b","100+","3 February 2026 at 08:20:00 UTC+5:30","3 February 2026 at 11:20:00 UTC+5:30","b","./explore?q=b&geo=FR"
"avs sad - braga","200+","3 February 2026 at 00:50:00 UTC+5:30","3 February 2026 at 01:40:00 UTC+5:30","avs sad - braga","./explore?q=avs%20sad%20-%20braga&geo=FR"
"george clooney","100+","6 February 2026 at 01:30:00 UTC+5:30","6 February 2026 at 01:50:00 UTC+5:30","george clooney","./explore?q=george%20clooney&geo=FR"
"darjeeling","200+","4 February 2026 at 00:20:00 UTC+5:30","4 February 2026 at 00:50:00 UTC+5:30","darjeeling","./explore?q=darjeeling&geo=FR"
"noisy le grand","200+","2 February 2026 at 13:40:00 UTC+5:30","2 February 2026 at 14:30:00 UTC+5:30","noisy le grand","./explore?q=noisy%20le%20grand&geo=FR"
"homo sapiens","200+","4 February 2026 at 03:10:00 UTC+5:30","4 February 2026 at 03:40:00 UTC+5:30","homo sapiens","./explore?q=homo%20sapiens&geo=FR"
"jean pascal","200+","2 February 2026 at 20:40:00 UTC+5:30","2 February 2026 at 21:10:00 UTC+5:30","jean pascal","./explore?q=jean%20pascal&geo=FR"
"logan paul","200+","1 February 2026 at 04:20:00 UTC+5:30","1 February 2026 at 05:20:00 UTC+5:30","logan paul","./explore?q=logan%20paul&geo=FR"
"capbreton","200+","1 February 2026 at 02:20:00 UTC+5:30","1 February 2026 at 03:20:00 UTC+5:30","capbreton","./explore?q=capbreton&geo=FR"
"laetitia casta","200+","1 February 2026 at 21:40:00 UTC+5:30","1 February 2026 at 22:40:00 UTC+5:30","laetitia casta","./explore?q=laetitia%20casta&geo=FR"
"equidia direct","200+","1 February 2026 at 19:40:00 UTC+5:30","1 February 2026 at 20:40:00 UTC+5:30","equidia direct","./explore?q=equidia%20direct&geo=FR"
"mario draghi","100+","3 February 2026 at 13:20:00 UTC+5:30","3 February 2026 at 14:00:00 UTC+5:30","mario draghi","./explore?q=mario%20draghi&geo=FR"
"podcast","100+","1 February 2026 at 05:30:00 UTC+5:30","1 February 2026 at 06:40:00 UTC+5:30","podcast","./explore?q=podcast&geo=FR"
"gabriela rico jimenez","100+","3 February 2026 at 05:10:00 UTC+5:30","3 February 2026 at 06:50:00 UTC+5:30","gabriela rico jimenez","./explore?q=gabriela%20rico%20jimenez&geo=FR"
"departement","100+","4 February 2026 at 05:00:00 UTC+5:30","4 February 2026 at 05:40:00 UTC+5:30","departement","./explore?q=departement&geo=FR"
"enciso","200+","2 February 2026 at 02:50:00 UTC+5:30","2 February 2026 at 03:50:00 UTC+5:30","enciso","./explore?q=enciso&geo=FR"
"nhl","200+","3 February 2026 at 06:30:00 UTC+5:30","3 February 2026 at 09:10:00 UTC+5:30","nhl","./explore?q=nhl&geo=FR"
"catch newz","200+","1 February 2026 at 05:00:00 UTC+5:30","1 February 2026 at 06:00:00 UTC+5:30","catch newz,carte royal rumble 2026","./explore?q=catch%20newz&geo=FR"
"benedict bridgerton","200+","1 February 2026 at 04:00:00 UTC+5:30","1 February 2026 at 05:00:00 UTC+5:30","benedict bridgerton","./explore?q=benedict%20bridgerton&geo=FR"
"benjamin lavernhe","200+","5 February 2026 at 01:50:00 UTC+5:30","5 February 2026 at 02:10:00 UTC+5:30","benjamin lavernhe","./explore?q=benjamin%20lavernhe&geo=FR"
"paramount","100+","2 February 2026 at 06:40:00 UTC+5:30","2 February 2026 at 07:50:00 UTC+5:30","paramount","./explore?q=paramount&geo=FR"
"benjamin voisin","200+","3 February 2026 at 04:50:00 UTC+5:30","3 February 2026 at 05:10:00 UTC+5:30","benjamin voisin","./explore?q=benjamin%20voisin&geo=FR"
"reid hoffman","200+","2 February 2026 at 03:40:00 UTC+5:30","2 February 2026 at 06:00:00 UTC+5:30","reid hoffman","./explore?q=reid%20hoffman&geo=FR"
"ufc ranking","200+","3 February 2026 at 15:10:00 UTC+5:30","3 February 2026 at 15:40:00 UTC+5:30","ufc ranking","./explore?q=ufc%20ranking&geo=FR"
"lck","200+","1 February 2026 at 16:30:00 UTC+5:30","1 February 2026 at 17:20:00 UTC+5:30","lck","./explore?q=lck&geo=FR"
"cyril hanouna","200+","5 February 2026 at 00:30:00 UTC+5:30","5 February 2026 at 00:50:00 UTC+5:30","cyril hanouna","./explore?q=cyril%20hanouna&geo=FR"
"bregenz","100+","2 February 2026 at 03:20:00 UTC+5:30","2 February 2026 at 04:20:00 UTC+5:30","bregenz","./explore?q=bregenz&geo=FR"
"alec baldwin","200+","3 February 2026 at 00:00:00 UTC+5:30","3 February 2026 at 00:30:00 UTC+5:30","alec baldwin","./explore?q=alec%20baldwin&geo=FR"
"arthur animateur","200+","1 February 2026 at 01:30:00 UTC+5:30","1 February 2026 at 02:20:00 UTC+5:30","arthur animateur","./explore?q=arthur%20animateur&geo=FR"
"landes","200+","1 February 2026 at 02:10:00 UTC+5:30","1 February 2026 at 03:00:00 UTC+5:30","landes","./explore?q=landes&geo=FR"
"cody rhodes","200+","1 February 2026 at 04:30:00 UTC+5:30","1 February 2026 at 05:20:00 UTC+5:30","cody rhodes","./explore?q=cody%20rhodes&geo=FR"
"jimmy mohamed","200+","1 February 2026 at 01:00:00 UTC+5:30","1 February 2026 at 01:40:00 UTC+5:30","jimmy mohamed","./explore?q=jimmy%20mohamed&geo=FR"
"winamax","500+","1 February 2026 at 09:30:00 UTC+5:30","1 February 2026 at 15:10:00 UTC+5:30","winamax","./explore?q=winamax&geo=FR"
"efremova ksenia","100+","1 February 2026 at 14:00:00 UTC+5:30","1 February 2026 at 15:00:00 UTC+5:30","efremova ksenia","./explore?q=efremova%20ksenia&geo=FR"
"manuel bompard","200+","1 February 2026 at 15:20:00 UTC+5:30","1 February 2026 at 16:00:00 UTC+5:30","manuel bompard","./explore?q=manuel%20bompard&geo=FR"
"meteo marseille","200+","4 February 2026 at 07:10:00 UTC+5:30","4 February 2026 at 07:30:00 UTC+5:30","meteo marseille","./explore?q=meteo%20marseille&geo=FR"
"si","200+","4 February 2026 at 18:50:00 UTC+5:30","4 February 2026 at 19:10:00 UTC+5:30","si","./explore?q=si&geo=FR"
"sig strasbourg","100+","1 February 2026 at 02:40:00 UTC+5:30","1 February 2026 at 03:50:00 UTC+5:30","sig strasbourg","./explore?q=sig%20strasbourg&geo=FR"
"jean reno","100+","1 February 2026 at 04:00:00 UTC+5:30","1 February 2026 at 05:10:00 UTC+5:30","jean reno","./explore?q=jean%20reno&geo=FR"
"birmanie","200+","2 February 2026 at 00:10:00 UTC+5:30","2 February 2026 at 00:50:00 UTC+5:30","birmanie","./explore?q=birmanie&geo=FR"
"brooks nader","200+","3 February 2026 at 00:50:00 UTC+5:30","3 February 2026 at 01:20:00 UTC+5:30","brooks nader","./explore?q=brooks%20nader&geo=FR"
"messi","100+","2 February 2026 at 05:10:00 UTC+5:30","2 February 2026 at 06:20:00 UTC+5:30","messi","./explore?q=messi&geo=FR"
"match om ce soir quelle chaîne tv","100+","4 February 2026 at 01:30:00 UTC+5:30","4 February 2026 at 02:00:00 UTC+5:30","match om ce soir quelle chaîne tv","./explore?q=match%20om%20ce%20soir%20quelle%20cha%C3%AEne%20tv&geo=FR"
"mulhouse","100+","2 February 2026 at 17:30:00 UTC+5:30","2 February 2026 at 18:10:00 UTC+5:30","mulhouse","./explore?q=mulhouse&geo=FR"
"enedis","1k+","2 February 2026 at 14:20:00 UTC+5:30","2 February 2026 at 14:40:00 UTC+5:30","enedis","./explore?q=enedis&geo=FR"
"aus open","100+","1 February 2026 at 17:20:00 UTC+5:30","1 February 2026 at 18:10:00 UTC+5:30","aus open","./explore?q=aus%20open&geo=FR"
"مان سيتي ضد نيوكاسل يونايتد","100+","5 February 2026 at 02:30:00 UTC+5:30","5 February 2026 at 02:50:00 UTC+5:30","مان سيتي ضد نيوكاسل يونايتد","./explore?q=%D9%85%D8%A7%D9%86%20%D8%B3%D9%8A%D8%AA%D9%8A%20%D8%B6%D8%AF%20%D9%86%D9%8A%D9%88%D9%83%D8%A7%D8%B3%D9%84%20%D9%8A%D9%88%D9%86%D8%A7%D9%8A%D8%AA%D8%AF&geo=FR"
"iem krakow 2026","100+","4 February 2026 at 03:40:00 UTC+5:30","4 February 2026 at 04:10:00 UTC+5:30","iem krakow 2026","./explore?q=iem%20krakow%202026&geo=FR"
"titanic","200+","2 February 2026 at 02:20:00 UTC+5:30","2 February 2026 at 03:10:00 UTC+5:30","titanic","./explore?q=titanic&geo=FR"
"crèche","100+","1 February 2026 at 07:50:00 UTC+5:30","1 February 2026 at 09:00:00 UTC+5:30","crèche","./explore?q=cr%C3%A8che&geo=FR"
"motogp","100+","3 February 2026 at 11:30:00 UTC+5:30","3 February 2026 at 12:40:00 UTC+5:30","motogp","./explore?q=motogp&geo=FR"
"purepeople","100+","3 February 2026 at 10:50:00 UTC+5:30","3 February 2026 at 11:50:00 UTC+5:30","purepeople","./explore?q=purepeople&geo=FR"
"charlotte","200+","1 February 2026 at 01:00:00 UTC+5:30","1 February 2026 at 01:50:00 UTC+5:30","charlotte","./explore?q=charlotte&geo=FR"
"kenya","200+","2 February 2026 at 01:20:00 UTC+5:30","2 February 2026 at 02:00:00 UTC+5:30","kenya","./explore?q=kenya&geo=FR"
"luke whitelock","100+","2 February 2026 at 03:40:00 UTC+5:30","2 February 2026 at 04:30:00 UTC+5:30","luke whitelock","./explore?q=luke%20whitelock&geo=FR"
"klarna","100+","3 February 2026 at 05:20:00 UTC+5:30","3 February 2026 at 06:10:00 UTC+5:30","klarna","./explore?q=klarna&geo=FR"
"besancon","100+","1 February 2026 at 14:00:00 UTC+5:30","1 February 2026 at 14:50:00 UTC+5:30","besancon","./explore?q=besancon&geo=FR"
"paul dano","200+","4 February 2026 at 01:30:00 UTC+5:30","4 February 2026 at 01:50:00 UTC+5:30","paul dano","./explore?q=paul%20dano&geo=FR"
"harvey weinstein","100+","3 February 2026 at 01:20:00 UTC+5:30","3 February 2026 at 01:50:00 UTC+5:30","harvey weinstein","./explore?q=harvey%20weinstein&geo=FR"
"abu dhabi","100+","2 February 2026 at 02:40:00 UTC+5:30","2 February 2026 at 03:20:00 UTC+5:30","abu dhabi","./explore?q=abu%20dhabi&geo=FR"
"piece de theatre jo","200+","2 February 2026 at 02:20:00 UTC+5:30","2 February 2026 at 02:50:00 UTC+5:30","piece de theatre jo","./explore?q=piece%20de%20theatre%20jo&geo=FR"
"immobilier","100+","1 February 2026 at 06:40:00 UTC+5:30","1 February 2026 at 07:50:00 UTC+5:30","immobilier","./explore?q=immobilier&geo=FR"
"sylvester stallone","100+","4 February 2026 at 12:20:00 UTC+5:30","4 February 2026 at 12:40:00 UTC+5:30","sylvester stallone","./explore?q=sylvester%20stallone&geo=FR"
"wimbledon","100+","1 February 2026 at 17:50:00 UTC+5:30","1 February 2026 at 18:30:00 UTC+5:30","wimbledon","./explore?q=wimbledon&geo=FR"
"ice watchers","200+","1 February 2026 at 23:50:00 UTC+5:30","2 February 2026 at 00:20:00 UTC+5:30","ice watchers","./explore?q=ice%20watchers&geo=FR"
"accor arena","200+","1 February 2026 at 03:10:00 UTC+5:30","1 February 2026 at 03:50:00 UTC+5:30","accor arena","./explore?q=accor%20arena&geo=FR"
"olimpiadi invernali 2026","100+","4 February 2026 at 13:50:00 UTC+5:30","4 February 2026 at 14:10:00 UTC+5:30","olimpiadi invernali 2026","./explore?q=olimpiadi%20invernali%202026&geo=FR"
"concordia","200+","3 February 2026 at 04:00:00 UTC+5:30","3 February 2026 at 04:30:00 UTC+5:30","concordia","./explore?q=concordia&geo=FR"
"guillaume labbé","100+","1 February 2026 at 06:40:00 UTC+5:30","1 February 2026 at 07:20:00 UTC+5:30","guillaume labbé","./explore?q=guillaume%20labb%C3%A9&geo=FR"
"xi jinping","100+","2 February 2026 at 04:10:00 UTC+5:30","2 February 2026 at 04:50:00 UTC+5:30","xi jinping","./explore?q=xi%20jinping&geo=FR"
"ليفربول ضد نيوكاسل يونايتد","100+","1 February 2026 at 03:00:00 UTC+5:30","1 February 2026 at 04:10:00 UTC+5:30","ليفربول ضد نيوكاسل يونايتد","./explore?q=%D9%84%D9%8A%D9%81%D8%B1%D8%A8%D9%88%D9%84%20%D8%B6%D8%AF%20%D9%86%D9%8A%D9%88%D9%83%D8%A7%D8%B3%D9%84%20%D9%8A%D9%88%D9%86%D8%A7%D9%8A%D8%AA%D8%AF&geo=FR"
"hubert hurkacz","100+","3 February 2026 at 20:10:00 UTC+5:30","3 February 2026 at 20:30:00 UTC+5:30","hubert hurkacz","./explore?q=hubert%20hurkacz&geo=FR"
"qudos bank arena","100+","1 February 2026 at 08:30:00 UTC+5:30","1 February 2026 at 09:50:00 UTC+5:30","qudos bank arena","./explore?q=qudos%20bank%20arena&geo=FR"
"lec 2026","100+","2 February 2026 at 03:30:00 UTC+5:30","2 February 2026 at 05:40:00 UTC+5:30","lec 2026","./explore?q=lec%202026&geo=FR"
"ilias akhomach","200+","1 February 2026 at 22:30:00 UTC+5:30","1 February 2026 at 23:00:00 UTC+5:30","ilias akhomach","./explore?q=ilias%20akhomach&geo=FR"
"pays baltes","200+","3 February 2026 at 01:50:00 UTC+5:30","3 February 2026 at 02:10:00 UTC+5:30","pays baltes","./explore?q=pays%20baltes&geo=FR"
"hurkacz","100+","3 February 2026 at 20:50:00 UTC+5:30","3 February 2026 at 21:10:00 UTC+5:30","hurkacz","./explore?q=hurkacz&geo=FR"
"riot","100+","5 February 2026 at 05:50:00 UTC+5:30","5 February 2026 at 06:10:00 UTC+5:30","riot","./explore?q=riot&geo=FR"
"teofimo lopez","100+","1 February 2026 at 11:30:00 UTC+5:30","1 February 2026 at 12:30:00 UTC+5:30","teofimo lopez","./explore?q=teofimo%20lopez&geo=FR"
"assurance santé","200+","2 February 2026 at 07:30:00 UTC+5:30","2 February 2026 at 07:50:00 UTC+5:30","assurance santé","./explore?q=assurance%20sant%C3%A9&geo=FR"
"channel 9","100+","1 February 2026 at 15:00:00 UTC+5:30","1 February 2026 at 15:30:00 UTC+5:30","channel 9","./explore?q=channel%209&geo=FR"
"thierry dusautoir","100+","3 February 2026 at 20:30:00 UTC+5:30","3 February 2026 at 20:50:00 UTC+5:30","thierry dusautoir","./explore?q=thierry%20dusautoir&geo=FR"
"ile de france mobilités","100+","2 February 2026 at 13:30:00 UTC+5:30","2 February 2026 at 14:00:00 UTC+5:30","ile de france mobilités","./explore?q=ile%20de%20france%20mobilit%C3%A9s&geo=FR"
"france irlande 2026","200+","3 February 2026 at 01:30:00 UTC+5:30","3 February 2026 at 01:50:00 UTC+5:30","france irlande 2026","./explore?q=france%20irlande%202026&geo=FR"
"besiktas","200+","1 February 2026 at 00:40:00 UTC+5:30","1 February 2026 at 01:10:00 UTC+5:30","besiktas","./explore?q=besiktas&geo=FR"
"j","100+","2 February 2026 at 05:00:00 UTC+5:30","2 February 2026 at 05:40:00 UTC+5:30","j","./explore?q=j&geo=FR"
"patagonia","200+","3 February 2026 at 02:30:00 UTC+5:30","3 February 2026 at 02:50:00 UTC+5:30","patagonia","./explore?q=patagonia&geo=FR"
"sologne","100+","2 February 2026 at 13:10:00 UTC+5:30","2 February 2026 at 13:40:00 UTC+5:30","sologne","./explore?q=sologne&geo=FR"
"team demolition film","100+","1 February 2026 at 02:00:00 UTC+5:30","1 February 2026 at 02:30:00 UTC+5:30","team demolition film","./explore?q=team%20demolition%20film&geo=FR"
"foot mercato","100+","2 February 2026 at 11:30:00 UTC+5:30","2 February 2026 at 12:00:00 UTC+5:30","foot mercato","./explore?q=foot%20mercato&geo=FR"
"tapir","100+","1 February 2026 at 03:50:00 UTC+5:30","1 February 2026 at 04:20:00 UTC+5:30","tapir","./explore?q=tapir&geo=FR"
"marquinhos","100+","2 February 2026 at 03:10:00 UTC+5:30","2 February 2026 at 03:30:00 UTC+5:30","marquinhos","./explore?q=marquinhos&geo=FR"
"afonso moreira","100+","1 February 2026 at 20:50:00 UTC+5:30","1 February 2026 at 21:10:00 UTC+5:30","afonso moreira","./explore?q=afonso%20moreira&geo=FR"
"clara luciani","100+","1 February 2026 at 04:50:00 UTC+5:30","1 February 2026 at 05:20:00 UTC+5:30","clara luciani","./explore?q=clara%20luciani&geo=FR"
"tolisso","100+","1 February 2026 at 20:10:00 UTC+5:30","1 February 2026 at 20:30:00 UTC+5:30","tolisso","./explore?q=tolisso&geo=FR"
"belgique","100+","2 February 2026 at 02:40:00 UTC+5:30","2 February 2026 at 03:00:00 UTC+5:30","belgique","./explore?q=belgique&geo=FR"
"ffhg","100+","1 February 2026 at 20:00:00 UTC+5:30","1 February 2026 at 20:20:00 UTC+5:30","ffhg","./explore?q=ffhg&geo=FR"
"maxima des pays bas","100+","1 February 2026 at 16:00:00 UTC+5:30","1 February 2026 at 16:20:00 UTC+5:30","maxima des pays bas","./explore?q=maxima%20des%20pays%20bas&geo=FR"
"reconnu coupable","200+","1 February 2026 at 01:10:00 UTC+5:30","1 February 2026 at 01:30:00 UTC+5:30","reconnu coupable","./explore?q=reconnu%20coupable&geo=FR"
"detroit d'ormuz","100+","1 February 2026 at 01:20:00 UTC+5:30","1 February 2026 at 01:40:00 UTC+5:30","detroit d'ormuz","./explore?q=detroit%20d%27ormuz&geo=FR"
"emilia clarke","100+","1 February 2026 at 00:40:00 UTC+5:30","1 February 2026 at 01:00:00 UTC+5:30","emilia clarke","./explore?q=emilia%20clarke&geo=FR"
"boulogne sur mer","100+","1 February 2026 at 03:00:00 UTC+5:30","1 February 2026 at 03:20:00 UTC+5:30","boulogne sur mer","./explore?q=boulogne%20sur%20mer&geo=FR"
"g","100+","3 February 2026 at 08:40:00 UTC+5:30","3 February 2026 at 09:00:00 UTC+5:30","g","./explore?q=g&geo=FR"
"wwe 2k26","100+","1 February 2026 at 03:00:00 UTC+5:30","1 February 2026 at 03:20:00 UTC+5:30","wwe 2k26","./explore?q=wwe%202k26&geo=FR"